NaN,0,7.89E-05,0.000223282,0.000410197,0.000631539,0.000882602,0.001160179,0.001461997,0.001786225,0.002131404,0.002496335,0.00288,0.003281481,0.003700057,0.004135058,0.004585883,0.005051997,0.005533451,0.006028741,0.006537989,0.007060817,0.007596884,0.00814587,0.008707478,0.009281431,0.009867466,0.010465343,0.01107483,0.011696399,0.012328478,0.012971549,0.01362543,0.014289942,0.014964919,0.015650201,0.016345636,0.017051076,0.017766382,0.01849142,0.019226876,0.019971007,0.020724497,0.021487234,0.022259102,0.02304,0.023829821,0.024628467,0.02543584,0.026251848,0.027076401,0.027910331,0.02875172,0.029601399,0.030459286,0.031325305,0.032199379,0.033081435,0.033971401,0.034869208,0.035774787,0.036688074,0.037610019,0.038538534,0.039474567,0.04041806,0.041368949,0.042327183,0.043292701,0.044265453,0.045245382,0.046232438,0.047226568,0.04822883,0.04923697,0.050252039,0.051273988,0.052302771,0.053338346,0.054380667,0.05542969,0.056485372,0.057547673,0.058616552,0.059693154,0.060775073,0.061863451,0.06295825,0.064059432,0.065166961,0.0662808,0.067400912,0.068527266,0.069659823,0.070798553,0.071944684,0.073095663,0.074252716,0.075415811,0.076584915,0.07776,0.078941033,0.080127986,0.081320829,0.082519534,0.083724071,0.084935748,0.086151872,0.087373745,0.088601342,0.089834635,0.091073596,0.092319575,0.093571184,0.094828399,0.096091196,0.097359546,0.098619402,0.099898733,0.10118355,0.102473826,0.103769542,0.105070673,0.106377198,0.107689092,0.109006338,0.110328909,0.111656788,0.112975272,0.114313641,0.115657253,0.11700609,0.118360129,0.119719352,0.121083738,0.122453268,0.123827923,0.125207685,0.126592531,0.127967147,0.129362057,0.130761999,0.132166957,0.133576908,0.13499184,0.136411731,0.137836567,0.13926633,0.140701002,0.142140565,0.143569107,0.145018355,0.146472447,0.147931367,0.149395098,0.150863626,0.152336933,0.153815007,0.15529783,0.156785387,0.158277663,0.159758169,0.16125979,0.162766086,0.164277042,0.165792645,0.16731288,0.168837735,0.170367193,0.171901243,0.173439868,0.174983057,0.176513764,0.178065991,0.17962274,0.181184001,0.182749758,0.18432,0.185894713,0.187473887,0.189057506,0.19064556,0.192238034,0.193817347,0.195418581,0.1970242,0.198634193,0.200248547,0.201867251,0.203490294,0.205117664,0.206749348,0.208385336,0.210025616,0.211652083,0.213300868,0.214953912,0.216611205,0.218272736,0.219938494,0.221608466,0.223282644,0.224961018,0.226643576,0.228330308,0.230002599,0.231697603,0.233396749,0.23510003,0.236807433,0.23851895,0.240234571,0.241954285,0.243678083,0.245405956,0.247137893,0.248854788,0.250594782,0.252338812,0.25408687,0.255838946,0.257595031,0.259355115,0.26111919,0.262887247,0.264659276,0.266435268,0.268195635,0.269979486,0.271767275,0.273558992,0.275354628,0.277154178,0.278957631,0.280764978,0.282576211,0.284391323,0.286210305,0.288013095,0.28983975,0.29167025,0.293504587,0.295342754,0.297184742,0.299030544,0.300880152,0.302733557,0.304590753,0.306451729,0.308295969,0.310164448,0.312036684,0.313912675,0.315792409,0.31767588,0.319563081,0.321454004,0.323348642,0.325246988,0.327149035,0.329033812,0.330943199,0.332856264,0.334773,0.336693401,0.338617462,0.340545174,0.342476529,0.344411522,0.346350145,0.348292392,0.350216855,0.352166289,0.354119328,0.356075964,0.35803619,0.36,0.361967387,0.363938347,0.365912869,0.367890949,0.369872582,0.371835926,0.373824605,0.375816815,0.377812552,0.379811809,0.381814582,0.38382086,0.385830642,0.387843919,0.389860685,0.391880936,0.393882407,0.395909568,0.397940196,0.399974282,0.402011823,0.404052813,0.406097244,0.408145113,0.410196411,0.412251136,0.414309279,0.416348163,0.41841309,0.420481421,0.422553148,0.424628267,0.426706772,0.428788656,0.430873916,0.432962545,0.435054538,0.437149889,0.439225512,0.441327529,0.443432887,0.445541583,0.447653611,0.449768965,0.451887641,0.454009632,0.456134936,0.458263545,0.460395456,0.46250718,0.464645641,0.466787388,0.468932414,0.471080716,0.47323229,0.475387128,0.477545229,0.479706584,0.48187119,0.484039043,0.486186261,0.488360556,0.490538082,0.492718834,0.49490281,0.497090002,0.499280407,0.50147402,0.503670836,0.505870851,0.50807406,0.510256194,0.512465741,0.51467847,0.516894372,0.519113447,0.521335688,0.523561091,0.525789651,0.528021364,0.530256226,0.532494232,0.534710733,0.53695498,0.539202358,0.541452862,0.543706489,0.545963234,0.548223093,0.550486061,0.552752133,0.555021308,0.557293579,0.559543922,0.561822339,0.56410384,0.566388422,0.568676081,0.57096681,0.573260606,0.575557466,0.577857387,0.580160362,0.582466388,0.584750071,0.587062155,0.589377277,0.591695436,0.594016625,0.596340842,0.598668083,0.600998342,0.603331618,0.605667905,0.6080072,0.610323744,0.61266901,0.615017272,0.617368527,0.619722772,0.62208,0.62444021,0.626803397,0.629169558,0.631538689,0.633910787,0.63625973,0.638637716,0.641018657,0.643402549,0.645789391,0.648179175,0.6505719,0.652967562,0.655366159,0.657767684,0.660172136,0.66255304,0.664963301,0.667376479,0.669792567,0.672211565,0.674633468,0.677058273,0.679485976,0.681916573,0.684350063,0.686786439,0.68919888,0.69164099,0.694085979,0.696533841,0.698984574,0.701438175,0.70389464,0.706353967,0.708816149,0.711281187,0.713749077,0.716192647,0.718666196,0.721142587,0.723621815,0.726103878,0.728588773,0.731076496,0.733567044,0.736060412,0.7385566,0.741055604,0.743529912,0.746034506,0.748541906,0.751052108,0.753565111,0.756080909,0.758599502,0.761120885,0.763645055,0.76617201,0.768701745,0.771206414,0.773741671,0.776279701,0.778820501,0.781364066,0.783910395,0.786459483,0.789011329,0.791565928,0.794123279,0.796683377,0.799218043,0.801783599,0.804351894,0.806922926,0.809496691,0.812073187,0.814652411,0.817234358,0.819819029,0.822406419,0.824996524,0.827560837,0.830156337,0.832754544,0.835355458,0.837959073,0.840565387,0.843174397,0.845786102,0.848400499,0.851017582,0.853637351,0.856230971,0.858856074,0.861483853,0.864114307,0.866747434,0.86938323,0.872021691,0.874662817,0.877306604,0.879953049,0.88260215,0.885224749,0.887879124,0.890536147,0.893195816,0.895858125,0.898523076,0.901190664,0.903860886,0.906533741,0.909209225,0.911887335,0.914538599,0.917221926,0.919907875,0.922596438,0.925287617,0.927981406,0.930677806,0.933376811,0.936078421,0.938782633,0.941489443,0.944169061,0.946881033,0.949595597,0.952312751,0.95503249,0.957754814,0.960479721,0.963207206,0.965937267,0.968669904,0.971405112,0.974112791,0.976853108,0.97959599,0.982341433,0.985089439,0.98784,0.990593117,0.993348788,0.996107008,0.998867776,1.001631092,1.004366542,1.007134914,1.009905824,1.012679271,1.015455252,1.018233765,1.021014808,1.023798377,1.026584473,1.029373091,1.032164228,1.034927171,1.037723315,1.040521974,1.043323144,1.046126822,1.048933008,1.051741698,1.05455289,1.057366584,1.060182775,1.063001461,1.065791627,1.068615271,1.071441405,1.074270024,1.07710113,1.079934718,1.082770786,1.085609333,1.088450356,1.091293854,1.094139822,1.096956946,1.099807825,1.102661169,1.105516977,1.108375246,1.111235973,1.114099158,1.116964799,1.119832891,1.122703433,1.125576426,1.128420252,1.131298108,1.134178406,1.137061145,1.139946322,1.142833935,1.145723982,1.148616461,1.151511369,1.154408707,1.157308469,1.160178751
8,5,0,0.25,0.25,0,0,0,0,0.25,0.75,0.25,0.25,0.25,0.25,0.25,0,0.5,0.25,0,0,0,0.25,0,0.25,0.75,0.75,0,0,0.75,0.25,0.5,0.25,0,0,0,0,0,0.25,0,0,0.5,1.25,0.5,0.25,0.5,0,0.5,1.25,0.5,0.5,1,0.25,0.5,0.75,1,1.25,1,1.25,1.25,0,0.5,1.75,0.75,0.25,1.25,0.75,0.5,1.75,2,1.25,0.25,1,0.5,1.5,0.75,0.5,0.75,0.5,1.25,0.75,0.5,2,1.75,1,0.75,2,0.75,0.75,0.75,1.5,0.25,1.25,1.5,1.5,1.25,1.25,1.5,1.75,1.75,1.25,1.75,1.75,3.25,1,1.75,2.25,2.5,1.75,2.25,2.5,3.5,0.5,1.75,2.75,3,2.75,4.5,3.75,3.25,1.5,1.25,3.25,3.75,5.25,4,2.5,4,3.75,4.75,4.75,3.25,4.75,3,3.5,2.75,4.5,5.75,3.75,5.25,5.25,4.5,8,3,4.5,4.25,5.75,3.25,4.25,6,5.25,5,3.75,9.75,8,4,5.75,6,8.75,7,8.5,10,8.5,6.5,8.25,7.75,10,10.25,7.75,9.25,9,9.5,7.5,6.75,15,10,9.5,10.5,12,16,9.75,13.5,18.75,12.25,13.25,8,19.5,12.5,17.75,15.75,13.25,14.25,11,16.25,21,10.75,15.75,17.25,17.25,23.75,26.25,17.5,14.5,25.5,16.5,25,20.25,27.5,29.5,19,26.75,29,23.5,28,32.25,30.25,26.25,26.5,29.75,18.75,40.5,24.75,43.5,27.25,26,38,28.25,49.25,45.25,41.25,26.25,45.75,38,31.25,54.75,30.75,39.5,53.5,39,30.75,48.25,44,47.75,59.75,46.25,51.25,46.75,32.75,49,61.75,51,54.25,53,44.5,51,68.75,50.5,48,54,47.75,57.5,60,48.5,61.5,60.25,61.75,52.5,70,61.5,60,62.5,70.25,45.75,65.75,78.5,68.5,61.25,72.5,76,52.5,69,85.25,53.75,87.25,49.25,68.25,89.75,79.25,57.5,67,82.5,76.25,52.25,85.5,62.75,76,90.25,74.25,73,73.25,57.5,92,57.25,72.75,105.75,70.25,58.5,69,74,102,54.5,75.25,100,59.75,79.25,100.25,58.5,90.75,63.5,100.75,85.25,80,59.5,93.5,58.5,96.25,53.5,70.25,76.5,84.25,87.25,81,83.75,82.75,97.75,57.75,92.25,84.5,80.5,65.25,77.25,69.75,72,91.75,78,66.25,52.5,72.5,69.75,70.5,67.25,91.25,43.5,62.25,71.75,64.25,89,52.5,73.75,81.75,67.5,45.5,85.25,69.75,66.25,45.75,60.25,64.5,72.25,59.5,50.25,56.5,56.25,66,52.25,39.25,55.75,58.25,48.75,41,53,44.25,53.25,62,47.5,34.75,57.5,29,57.25,41.75,45.25,27.25,34.5,35.5,37,28.25,51.75,37.5,22.25,28.25,36.5,22.25,25.75,28,24.25,29,27,26,21,23,17,16.5,25.5,16.25,20.75,19.75,15.75,23.25,11,15.25,21.75,13.25,13.5,13.5,7.5,11.5,15.25,12,8,8.75,6.5,8,12,8.25,6.5,9.5,5.25,6,6.5,5.75,5.5,4.5,6.5,6,7,7.75,5.5,2.75,4,2.25,3,4.75,3.75,1.75,2.5,4.25,1,2,2.5,1.25,3.5,4,0.75,1.75,2.75,2.25,2.5,2,2.5,1,1.5,1.25,2.25,1.25,0.75,1.25,1,0.5,1.75,1.25,1,1.5,1.5,0.75,0.5,2,0.25,1.5,0.25,2,0.75,1,1.25,0.75,0.75,2.5,1.75,2,0.25,0.75,2,1.75,1,2,1.25,0.5,1.25,0.5,0.5,1.75,1.25,0.5,0.75,1.75,1.25,0,0.5,1.5,0.25,0.25,1.25,0.75,0.25,2,2.25,0,0.5,0.75,0.25,0.25,0.5,0.5,0.75,0.75,0.5,0.25,0.25,0,0,0.75,0.5,0.5,0,0,0.75,0.5,0.5,0.25,1.5,0.25,0.75,0,0.75,0.75,1,0.25,0.25,0.25,0,1.5,0,0.25,0.5,0.25,0.5,0.5,0.25,0.25,0.5,0,0,0,0.25,0.25,0,0.25,0.5,0,0,0.25,0.5,0,0.25,0,0.25,0,1,0,0.5,0.25,0,0,0,0.25,0.5,0,0,0.25,0,0.25,0.5,17
10,2,0.25,0,0,0.25,0,0,0,0,0,0,0,0,0.25,0.25,0,0.25,0,0,0,0,0.5,0,0.25,0.25,0.5,0.5,0,0.5,0.25,0.25,0.25,0,0.25,0.5,0.5,0.5,0.25,0,0.5,0.25,0.25,0.25,0,0.5,0.25,0.5,0.25,0.75,0.75,0,0,0.25,0.5,0.5,0,0.5,0,0,0,0.75,0.25,0.75,0.75,1,0.5,0.5,0.75,0.5,0.5,1,1,1,0.25,1,0.25,0.5,0.25,1,2,1,0.75,0.25,0.75,0.75,0.75,0.75,1.5,0.5,2,0.25,1.25,0.5,0.5,0.75,1.5,0.75,1.25,0.75,1,0.5,0.75,1.5,1.5,1.75,0.5,1.75,1.75,1.75,1.5,2,1.75,2.5,1.5,2.25,2.5,1.5,1.25,0.5,1.75,0.5,1.75,1.25,2,0.75,1.75,2.75,3,1.75,2.75,2.25,2.75,3.75,1.25,2.5,2.25,1.75,1.75,3.75,1.5,2,2.75,2.5,3,3,2,3,4.25,3.75,2,2.25,3,5,3.25,1.5,6.75,3.5,6,3,4,4,5.5,4.75,5.75,5.25,5,5.5,2.75,4.75,5,5.75,7.5,5.75,9.25,5.25,5,7.5,5,9.5,4.5,7.25,11.5,7.5,7.75,7.75,10,9,8.5,5.75,9.25,13.25,9,13.25,12.75,6.25,10.75,10.5,12.5,11.5,20.75,15.25,10.25,14.25,11.5,14.25,9.75,18.75,24.25,10.75,15.25,16.75,16.25,20,21,17,23.75,19.25,18.25,18.75,24.75,14.5,23.25,24.75,15.75,31.25,15.25,30.75,24.75,27.5,23.75,35,31.75,21.5,35,20.75,34.25,31.75,32,22.75,29,28,38.5,42,37.5,30.5,32.5,26.25,35.25,46.75,38.5,38.5,45.25,28.5,38.75,59.75,43.25,41.75,45.25,43.75,38.75,48,33.25,44.75,47.25,52.5,51.5,67.25,48.5,48.25,54,56,43.5,53.25,67.25,54,56.5,55.25,60.25,41,51.75,79.75,43,77.25,47,60.75,75,63.75,49.25,57.75,85,62.25,46.25,82.5,49,56.25,87.25,65,66,68.75,47,88.75,58.5,66.5,85.5,63.5,53.75,80,70.25,91.5,60.75,79.75,87.75,61.5,75,93.5,53.75,94.5,60.5,94,81.75,75.25,60.5,103.75,55.25,104.5,67.25,71.5,78.5,75.75,77.25,83.25,74.25,85.25,99.25,57.75,86.75,85.25,81.75,58.25,84.5,81,81.75,108.5,80.5,78.5,57.75,92.25,84,79,80.75,99,56.5,76.5,85.25,78.75,94,61.25,78.75,99.25,76.25,56.5,90.75,73.5,74.5,58,78.75,82.75,91.75,73,60.75,75.25,76,98.5,71.5,54.5,67.75,95.75,81.5,57,69,72.75,58.75,82.5,70,45,84.5,49.75,81,66.25,61.75,44.75,61.25,67.75,78,40.5,70.75,62.25,44.25,62.75,70.75,43.25,52.5,45.75,53.5,60.75,57,46.25,47.5,50.75,45.5,31,50,27.5,40.25,39,41.25,52.25,27.75,36.25,42.75,28.75,30.25,33.5,24,26.75,32.25,25.75,20,30.75,20,22,25,22.25,28,24.25,17.25,19.25,17,16.75,19.5,16,22.25,13.75,9.5,18.75,10.5,8.75,14.25,9,10,8.75,15.5,8.75,10,10.5,5.5,8.75,7,5,9.25,6,5,6,3,4.75,3.5,7.75,4,5.75,2.5,4.5,2.5,3.5,3.25,1.25,4.5,3.5,2.5,4.5,3,1.5,2.25,2.5,2.75,3.25,2.25,1.5,0.5,2,0.75,1.25,1.75,1.75,1.5,0.75,1.25,1.5,0.5,2.5,2,2,0.5,1.5,1,0.75,1.75,0.25,1.25,2,1,0.75,1.5,0.75,2.25,0.75,1,1.75,1.5,1.25,0.75,0.5,1.25,0.25,1.5,0.75,1.75,0,0,0.25,0.75,0.5,0.25,1,0.25,0.5,0.25,1,0.75,0.5,0.5,0.75,0.75,0.5,0.5,1.25,0.25,0.5,1,0,0.5,0.5,0.25,0.5,0.25,0.5,0.5,0,0,0.25,0.25,1,0.25,0.25,0.25,0.25,0.25,0,0.25,0,0.25,0.25,0,0.25,0.25,0.25,0.75,0,0.25,0.5,0.25,0.25,0.5,0,0,0.25,0.5,0.5,0.75,0.75,0,0.25,0,0.5,1,0.75,0.5,0,0.75,0.5,0,18
12,2,0,0,0.25,0.25,0,0,0.25,0.25,0,0,0.25,0,0,0,0,0,0.75,0.25,0,0.25,0,0.25,0.25,0.5,0,0.25,0,0,0,0.25,0.25,0,0.25,0.25,0,0.5,0.25,0,0,0.25,0.25,0.25,0.25,0,0.5,0,0.25,0,0.25,0.5,0.25,0.5,0,0.5,0,0.25,0.75,0.25,0,0,0.5,0,0,0.5,0.25,0.5,0.25,0,0,0,0.25,0.5,0,0.25,0.25,0,0.5,0.25,0.5,0.25,0.25,0.25,0.5,0.5,0,1,0.5,0.75,1.25,0.5,0.5,0,0.5,1.75,0.25,0,1.75,0.75,0,1.25,1.5,2,0.5,1.75,0.75,1,0,1.25,0.5,1.25,0.25,1.5,0.25,1.5,1,1.25,1.75,0.75,1.25,0.5,1.25,1.75,0.5,1.75,1,2,1.5,0.75,1.75,0.25,1.5,1.25,1.75,0.75,1.5,1,0.75,1.25,1.75,0.25,1.25,1,1.75,2.25,1.5,2.5,3.25,1.75,2.25,1.25,1.25,3.75,2.75,0.75,4.5,1.25,1.25,1.5,2.25,2,3.25,2.25,2.75,2.25,2,3.75,0.75,2.75,4.25,4.5,3.75,1,3.75,3.25,1.25,3.25,3.75,5,1.25,5.5,3.5,3,3.5,3.25,5,4.5,3.75,3.5,4.25,3.5,3.25,4,7.5,5.5,3.5,3.75,7.25,6.5,6.75,5.5,4.5,7.25,3.75,8.25,5,5.5,8.5,5,6.5,6.75,7.25,8.5,10,9.5,5.75,8,8.75,7.75,13.5,8.75,13.25,11,8,13.25,6.5,18.75,10.25,11.5,11.5,13.75,15.25,11.5,19.75,12.25,16.5,21,18.25,14,19.75,17.25,16,19.25,16,16.5,21.25,16.75,19.25,25.75,22.5,22.25,25,14,25.75,31.75,28.25,27.25,26.25,29.25,24.25,23.25,19.25,28.25,28.5,31,29,43.25,33,27.25,37.25,34.75,22.75,36.25,50.75,32.5,35.25,46.5,36.25,30,40.5,57,25.5,54,32.25,44.5,47.5,42.5,34.5,45,51.25,46.5,37.25,60.75,37.25,48.25,70.5,50.5,61,48.75,38.75,65.75,44.25,57.25,65.25,55.25,42.5,56.75,51.75,66.75,43.5,55,70.75,45,57,75,38.25,81,42.25,83,65,61,52.75,79.75,51,89,50.75,70.75,70.75,64,65.25,71.5,67.25,72.75,92.25,59.25,84.5,74.25,66.75,54.5,76,71.25,78.5,95,71,72.75,62.5,73.5,73.25,66.75,74.75,97,57.75,76.5,73.75,66.75,96.5,61,80.25,102.5,78.5,65.25,99,75.5,81.25,58,75,78.5,99.25,76,57,81.75,66,95.25,82.25,60.25,70.75,93.75,78,55.75,90.75,70,83.25,94.5,78,58.5,86,47.75,92.5,85.75,76.75,51,76.5,71.5,85.75,61.5,93.5,79,50.25,81.5,91.5,54.75,67.5,72.25,75.75,89.25,70,70.75,72,73.5,70.5,50.75,85.5,51.5,62.25,62,69.5,79.5,47.5,61,74.25,60.75,57.5,61.5,49.75,57.5,76.5,54.75,44.25,65.75,35.25,53.25,50.25,54.75,56.25,41.75,48.5,49.25,49.5,33.75,45.5,44.25,50.25,38.75,29,51.75,41.75,29.5,44.5,25,32.75,32,41,23.75,27,31.75,22.75,25.75,28.5,29,31,26.5,19,26.5,24,29,17.25,28,18.5,15.75,13,23.75,16.5,13.25,12.25,8.25,18.75,12.25,12.75,10.5,8.5,12.25,11,11.25,8.75,10,5.25,10.5,3.5,10.5,6,6.25,6.25,6.75,4.5,6,5,9.25,3.75,5.75,3.5,4.5,2.75,6,3.25,4.25,4,1.75,1.5,2.5,1.25,3.25,2,2.5,4.25,0.25,1.75,1,2.75,1,1.5,2.75,3,0,2.5,1,1,1.25,0.75,0.75,0.5,0.75,1,1.25,0.75,1.5,0.25,0.25,0.25,0.75,0.75,1.25,1.75,0.25,0.5,0.5,0.25,0.5,0.25,0.5,0.5,1,0.75,0.75,0,0.5,0.25,0.5,0.5,0.5,0.25,0.25,0.5,0.25,0.5,0.75,0.25,0.5,1,0.25,0.75,0.25,0,0,0.25,0.75,0,0,0.5,0.5,0.25,0.5,0.75,0,0.75,1,0.5,0.25,0,0.25,1,0.5,0.25,0,0.5,0,0.5,0,0.25,0.25,0.5,15.5
14,1.25,0,0,0,0,0,0,0,0,0.25,0,0,0,0.25,0,0.25,0,0.25,0.25,0,0.25,0.25,0.25,0,0.25,0.25,0.25,0,0.25,0.5,0,0,0.25,0,0,0,0,0.5,0,0,0.25,0,0.5,0.25,0.25,0.25,0.25,0.5,0.25,0,0.25,0.25,0.25,0.5,0.25,0.25,0.25,0,0.5,0,0.5,0,0.25,0.5,0,0.5,0,0,0.75,0,0.25,0,0.25,0.5,0.25,0.25,0.25,0.5,0.5,0,0,0.25,0,0.25,0.25,0.25,1,1,0.75,0.25,0.5,0.75,0.75,0.5,0.75,0.5,0.75,0.25,0.5,0,0,0.75,0.75,0.75,0.25,0.25,1.5,0.75,0.25,1.25,0.75,0.25,0.75,0.75,0.75,1,0.75,0.25,0.75,0.75,0.25,0,0.75,0.5,0.5,1.25,0.5,1,0.75,2.25,0.25,1.25,0.25,0.25,0.75,1,0.75,0.75,0.75,1.25,0.75,1.5,0.5,1,0.5,1,0.25,1,1,1.25,1.75,0.75,1,1.25,1.25,1.25,1.75,0.25,1,1.75,1,0.75,1,1.25,2,0.5,0.75,0.25,1.25,1.5,2.25,1.25,0.75,1.5,1.25,1,0.75,1.5,2.5,0.75,1.5,1.75,1.25,2.25,2,3.5,1,1.5,1.5,2,1.5,1,3.5,3.75,2,1.5,2.25,2,1.75,2.75,1.75,2.5,3.75,2.25,4.75,1.5,3,3.75,3,2,4,2.75,3.75,3.75,4,1.5,2.5,4.25,2.25,5.75,3,7,2,5,4.5,3.25,6.5,3.5,4,3.5,4.5,4.5,3.5,4,3.5,7,8.5,4.75,6.5,7.25,7.75,8.75,7.5,7,7.25,8,6.75,7.75,10,9,7.75,8.75,7.5,11,11.25,10,13,9.25,10.75,11.75,10.5,10.5,12.5,13.25,10.5,13,17,11.25,15.5,14.25,10.5,11.5,17.25,19.75,13.5,16,16.75,18.25,12.75,16.75,22.25,16.5,27.75,17,17.25,26.75,24.25,18.25,21.25,25.25,20.5,20.25,34.5,16,26.5,36,28.5,26,28.5,21.75,33.25,20.75,31.75,47.75,30.75,31.25,33.25,33.25,51,24,36.5,39,31.5,32,47.75,27.25,45.25,25,51.75,34.75,37.5,30.5,50.25,33.25,55,35.5,47,43.75,43.5,45.5,44.75,46.5,42.5,55.5,41.5,70.5,53,51.25,38.25,60.25,52,56.75,61.75,56.75,65.25,49,54.5,53,59.25,55.75,76.5,44.75,55,59,55.25,73.25,46,67,80.5,61.75,50.25,81,66,59.25,45.75,66.25,60.75,83,64.75,46,67.75,70,85.25,67,52.25,70.5,83.5,61.25,51.25,71.75,64.5,66.75,89.75,65.25,60,97.75,45.5,87.75,62.25,67.75,54,74.75,70.25,92.25,52.5,91.75,73.75,55.75,70.75,92.25,54.25,69,76.5,71.25,90.5,75.25,75.75,70,65.75,73.75,53.75,89.25,57.75,73,70.25,64.5,88,53,73.5,89.5,71.5,68,73.75,54.5,66.5,85,70.5,56.75,90,50.75,73,59,70.5,82.75,67.25,68.5,72.5,70,49,55,62,79.25,60,50,79,62.75,49.75,73,41.75,64.5,62.75,74.5,42.75,62.75,66.75,36.75,62.75,55.5,52.5,69.25,47.25,38,41.5,46.5,62.75,33.25,63,44.75,47.75,34,49.75,41.75,39.5,39.5,27,47.25,39.75,39.25,38,35.5,35.75,31.75,32.5,36.75,33.5,18.5,36,20.75,37.5,23,26.25,23.75,20,20.75,20.25,25,20.25,14.75,24,16.25,20,14,21.5,18,14.5,12.75,11.5,14.25,12.25,7.5,11.25,6,9.75,13.5,5.5,7.25,11.25,6,6.25,8,6.25,7,3,9,4.5,4.5,3.25,7.75,2.5,6,2.25,5,4.25,1.5,4.75,2,2.25,1.75,2,1.75,4.5,3.25,1,2.75,3.5,3.25,1.25,1,1.25,1.75,2.5,1.75,1.5,0.75,1.75,0.75,1,0.75,1.25,1.75,1.75,0.75,1.5,1.25,0.75,1.25,0.25,0.75,0.25,0.75,0.25,0.75,0.75,0.5,1,1,1,0.5,0,0.25,0.75,0.75,1,0.5,0,1,0.75,0.25,0.5,1,0.25,0.75,0.75,0.25,0.75,0.5,0.25,0.25,0.25,0.5,35.25
16,2.5,0,0,0,0,0,0.25,0.5,0,0.5,0,0,0,0.25,0,0.25,0,0,0,0,0,0.25,0,0,0.5,0.25,0.25,0,0,0.25,0.25,0,0.25,0,0,0,0.75,0,0.25,0.25,0.25,0,0,0.5,0.25,0.25,0.5,0,0.5,0,0.5,0.25,0,0.25,0.25,0.5,0.25,0,0.25,0.75,0.25,0.25,0,0.5,0.25,0.25,0,0.25,0.25,0.25,0.5,0,0.25,0.75,0,0.5,0,0,0.5,1.25,0.25,0.75,0.25,0.5,0.5,0.25,0.75,0.75,0.25,0.5,0.25,0.75,0.75,0.25,0,0.75,0.5,0,0.25,0.25,0.5,0.75,1.25,0.25,0.75,1.25,0.25,0.25,2.25,0.75,0.5,1.25,0.75,0.75,0.5,1,1,1.5,1.5,1.5,0.75,0.5,0.75,1.5,0.75,1.25,1,0.25,1,1.75,0.25,0.75,1,1.25,1,0.25,1,1.25,0.75,1.5,0.75,0.75,0.5,1.25,1,1.5,0.5,0.25,1.25,1.5,1,0.5,1.25,1.5,1.25,1.5,1,0.25,1,1.75,1.75,1.25,0.75,0.25,2,1,0.75,0.75,1.5,2,2.5,1.25,1.25,1.75,0.5,2.5,0.75,0.25,1.25,0.75,1.5,1.75,1.5,1,0.75,3,2.25,0.75,2.5,1.25,1,1.25,1.25,3,2,1,1.5,2.75,1.25,3.25,2.25,1.5,1.5,1.25,2.75,0.5,2,2,2.25,1.75,1.75,2,1.75,1.75,3.25,2.25,1.5,1.75,2.25,2.75,1.25,3.25,2.25,1.75,3,0.75,3.25,3,3,2.75,4.25,3.75,1.25,3.75,2.75,4.75,4.5,3.5,3,2.5,4.25,5.25,5.25,5,4.5,6.25,2.5,6.75,6,6.25,3.75,5.5,3.75,6.25,4.75,4.25,7.75,5.25,6.25,6.25,6.5,3.75,8.75,6.5,8.25,4.75,11.25,8.25,8,7.25,8,6.75,7,11.5,6.75,9.75,11,10.25,5.5,11.25,14.5,7.25,13.5,8.5,11.25,14,9.75,9.5,13,15.5,13,12.25,17.5,10.25,16.5,20.75,13.25,15.75,19.75,12.75,19.75,11.5,23,22,18,14.5,25.25,17.75,25.25,16,24.25,25,19.25,24,28,14.75,33.75,20.5,36,25,26.5,21,38.25,22,33.5,24.5,29.25,31.75,27.25,30,34.75,32.25,38.25,44.25,26.25,45.75,42,34.75,26.75,39.25,33.5,42.5,47,42.25,40.75,36,41,49.25,51.5,43.25,60,35.75,54.25,46.25,51.25,66.5,42,51.5,65.25,53.75,44.5,74.25,59.75,62.75,39.25,54.25,56.25,68.75,60,42,55.25,61.25,78.5,63.75,42.75,66,71.5,58.25,41.25,73.25,66.25,62,78,68.25,52.5,96.5,51.5,85.25,73.75,72.5,58,66.5,67,89,56,94.5,79.5,54.75,83.75,91.5,61.75,81.25,87.5,76.25,94.5,75.25,80.5,72,75.5,72.75,57.5,101.75,56.75,65,80,85.75,106,61,79.5,99.5,82,85.5,85.25,56.5,75.25,103,76,61.75,95.5,63.75,78,85.5,90,96.5,77.5,77,83.75,80,63.25,82.75,84,96.25,79.25,65,99.5,84.75,62.75,100.25,62,81,70,101.75,60,83.75,95.5,57.75,74.25,71.5,86,91,78,49.25,66.5,68.75,89,50.75,92.75,64.25,71,47.75,80.75,55.75,62.25,57.75,50.75,81.5,64.25,65,58.75,61.75,56,56.25,55.75,54.25,56,31.5,63.25,32.25,58.25,42.5,49,44.5,46.75,32,40,42.75,52.5,33,46.5,48.5,32.25,25.25,44.25,36.25,36.5,30.5,25.25,33,37.75,23.5,33.75,19.5,28.25,30.5,15.75,23.75,25.5,21.5,15,22.75,20.75,23,11.25,21,17.75,18,10,20.5,13.25,15.25,10.25,13.75,15.5,8,18.25,11,12.5,12,9.75,9.25,8.5,9.75,5.75,8.75,5.25,8.25,5.75,9.25,5,6,5.75,9,6.25,4.75,3,5.5,1.5,3.75,4.25,2.75,4,0.75,3.5,2.5,1.75,2.75,2.25,4,1.75,3.25,1.25,3,0.25,1.75,2.75,1.5,4.25,1.25,2.25,1.25,1.75,2.25,2.5,2.25,1.75,2,1.75,1.5,0.75,1,0.5,0.5,1.25,1.75,0.5,0.75,0,1,1.25,0.5,74
18,1.5,0.25,0,0,0.25,0,0.25,0,0.25,0,0,0.25,0.25,0.25,0,0,0.25,0.25,0,0,0,0,0,0.25,0.25,0.5,0.25,0,0.75,0.25,0,0.25,0,0.25,0,0,0.5,0,0.25,0,0.5,0,0,0,0,0,0.25,0.75,0.5,0,0.25,0,0.5,0.25,0.25,0,0.75,0.5,0,0.5,0.25,0.25,0.5,0.25,0.5,0,1.25,0.75,0.25,0.5,0.75,0.5,0.5,0.25,0.25,0.25,0.5,0.75,0.75,0.25,0.25,0.5,0.75,0.5,0.25,0.75,0.5,0.75,2,0,0.25,0.5,0.5,0,1.25,0.5,0.75,0.5,0.5,0.5,0,0.75,0.75,0,0.5,0.5,0.25,0.5,0.75,1,1.25,1,0.25,0.5,0.75,0.25,0.5,0.75,0.25,1,0.25,0.5,2.25,0.5,0.75,1.5,1.25,0.5,1.75,0.25,0.75,2,1,1,0.5,0,0.75,0.5,0.5,0.75,1,0.75,1.25,1,0.5,0.25,0.5,1,1.75,1.25,1.25,1.5,0.75,1,0.5,1.25,0.25,1.75,0.75,0.5,0.75,1.25,1,1.25,0.25,1.75,2,1.75,1,0.5,0,0.25,1.25,1.25,0.75,1.5,0.75,1.5,0.25,0.75,0.75,1.25,0.5,2,0.5,1.5,1.25,3.25,2.25,0.75,0.75,0.5,1.5,0.75,1.25,1.25,1,1.5,1.75,0.5,1.25,0.25,1.25,1,1.75,2.25,2,2,0.75,2,1.5,1.25,2.5,1.75,2,2.5,2.25,2,1.75,3,1.5,2.75,0.5,1.25,2.25,0.5,2,1,3.5,1.5,2.75,1.75,1,3,2,2.75,3.75,5,1.75,1.25,2.75,2,3.5,2.75,5.25,3,2.75,3.75,4.25,3.75,3.25,3,3.5,2.75,4,2.75,4.5,4.25,4.5,4.25,5.75,2.25,3.5,5.75,3,7.5,7.5,2.5,5.5,6,3.75,4.25,5.25,7.25,2.5,8.25,5,6,6.25,5.75,6.25,4,9.25,7.25,3.75,8,6.5,7.25,7.5,8.25,9,5.25,13,7,7.5,9.5,9.5,9,8.5,8.25,14.25,9,7.5,12.75,10.5,13.25,12.25,15.75,15.75,9,10.75,16.5,9.75,12.5,20,11,17.5,13.75,19.25,19,16.75,13,24.75,13.75,18.25,12.5,16,21.25,24.25,19.5,21.75,21.75,23.75,28.25,20.75,30.25,25.5,27.25,20.25,26,27.5,32.75,31,36.5,25.75,22.25,28,32.75,35,34,46.75,33,34.5,36,35.75,43,28,38.75,49,35.25,32,52,43.25,45.75,32,51.75,48,62.75,48.25,38.5,56.25,51.5,63.25,54.75,46.5,56,61.75,52,44.5,67.5,60.5,58.5,76.25,57.5,51.5,80.5,46.75,78.25,70.25,65.75,51.25,66.75,63.75,85.5,53.25,87,69.75,60.75,73.75,95.5,63,69.25,85,74.5,90.25,73.75,79.75,75,75,78.25,56,96.25,64.75,74.25,78.25,82.25,105.25,63.5,81,96.5,86.5,84.5,84.25,58.25,80,98.5,82.75,65.25,101.5,65.75,88.5,75.5,79.75,104,80.75,73.25,80.25,80.75,61.5,83.75,90.5,96.5,75.5,63,88.5,79.25,62.25,99.25,56.5,80.75,74.75,95,56.25,73.75,101.5,56.75,76,73.25,77.25,91.5,71.75,57.75,72.75,73.25,88,47.25,82.25,62.25,60,50.75,90.5,65.5,67.5,69.5,47.25,77.25,60.5,60.75,59,55,64,61.25,64.25,61.75,61.5,43.5,77,46.5,69.75,53.75,56,50,46.5,41.25,51.75,53.25,63.5,42,62,44.5,41.75,37.75,60,48.75,42,44,32,34.75,49.25,31.5,42.5,29.25,36.25,44,27.75,37.25,43.5,31.5,19,38.25,31.75,43.75,27.75,40,25.75,25.5,23.25,31.75,20.75,33.75,17.25,27.5,23.25,18.75,22.25,20,17.75,17.25,15.75,20,18,27.25,12.25,18.25,16.25,14.5,17,15.25,11.25,17,13.5,13.5,14.5,8.75,12.75,11.75,9.75,8.5,13,6.25,10.5,11,4.75,9.75,12.75,11,4.5,6,6,7,4.25,6.75,4.25,5.5,7.5,3.25,6.5,2.75,5,2.75,4.25,2.5,3.25,2.25,3.5,2.75,2,3,3.5,2.5,1.75,1.5,3.25,1.75,1,2,1.5,3,1.25,1.25,58.5
20,4.5,0,0,0,0,0,0,0.25,0,0,0.25,0,0.25,0.25,0,0,0,0.5,0,0,0.25,0.25,0.5,0.5,0,0,0.25,0.25,0.25,0,0,0.25,0,0.25,0,0.5,0,0.5,0,0.25,0.5,0.5,0.5,0.25,0,0.5,0,0,1,0.25,0.25,0.5,0.5,0.75,0.75,0.25,1,0.75,0,0.25,0.25,0,0,0.5,0.75,0.5,0.25,0.75,0.75,0.5,0.75,0.75,0,0.5,0.5,1.25,0.25,0.25,0.25,0.75,0.25,0.5,0.25,0.5,0.25,0.25,0.75,0.5,0.5,0.75,0.5,0.25,0.5,1.75,1.25,0,0.75,0.25,0,0.5,1.25,1,2,0.75,2.25,0.5,1.5,1.25,1,1.25,0,1,1.5,0.75,0.25,1.25,1.25,1.25,2.25,1.75,1.25,1,1,1.25,0.5,1.5,1.25,1,1.75,2.25,0.75,1.5,1.75,1.75,0.25,1.5,1.75,1.75,1.5,1.5,1,1.25,0.75,2.25,0.5,1.75,0.75,2.25,1.5,2,1.25,1.25,0.75,2.5,0.5,1,2,1,0.75,0.25,3.75,2.75,2.75,0.5,2.5,2.75,1.75,1.5,3.75,1.5,4,0.75,0.5,2.25,2,1.75,1.5,1.25,2.75,2.5,3,1.5,3.25,2,2.75,3.25,2.75,3,2.5,3.75,2.5,1.5,1.75,3,1.75,2.75,3.5,2,2,2.75,3.25,3.25,5,2.25,3.75,2,3,5.75,1.75,4.25,3,2.75,3.5,5,4.5,3.75,3,3,4,4.75,3.5,4.5,3.75,3.75,5.25,3.5,5,4.75,4.75,5,7.25,7.5,5,7.5,4.25,5,7,5.25,4,9.25,4.5,7,8.5,5.75,8.5,6.75,4.5,5,10.25,5,7.5,3,6.5,5.5,9,7,7.75,5.75,6.75,9.25,8.5,7.25,9,8.75,8.5,6.25,8.5,10.75,10,7,11.25,6,11.5,14,12.25,8.75,10.75,14.5,7.25,10.25,14.5,6.25,15,11.25,11.5,17,12.25,9.5,11.5,19.25,13,9.5,21,8.25,16,20.5,18.5,20,18.75,13.25,22.5,12.75,19,24.25,17.25,15,23,19,27.5,19,26.5,29.5,19,23,31.25,22.25,32.25,16.5,33.5,23.25,24.25,17.5,30.75,22,38,24,32,34.75,31.5,30.25,36,35,34,51.5,27,45.75,38.25,38.25,24.75,39.25,42.25,37,55.75,40.5,49.5,37.75,51.5,47.5,52.75,52.75,64.75,38.25,52.25,55,57.75,68.75,44,58,74.5,64.75,45.75,76,60.75,56.25,49.25,55.5,70,85,64.5,49,69,67.5,88,69.5,52.75,69.5,86,77,53,68.75,66.75,69.5,96.25,76.5,48.25,88.25,55.5,91.25,79,70.75,60.75,79,74.75,90.25,57,96.5,78.5,61,73.25,102,54,78.5,69,85.5,101,79.75,78.75,76.25,75.75,72.75,57.75,101.5,55.75,79.5,73.25,77.25,94,59.25,74,95,71.75,72.25,67.75,53,66,88.75,74.75,56.5,85.25,54.25,74.25,73.5,72.25,87.75,67.5,61.5,63.25,71.5,51.75,74,69.25,85.5,72.5,49.25,82.5,68,49,81.25,53.5,65.5,67.75,67.75,46,63.75,72.5,41.5,57.75,57.5,59.5,71.5,54.25,51.75,56.75,51.25,67.25,42.5,67.75,62,60,47.75,67,53.75,59.5,51.5,39.75,69.75,52,52,53,42,52.5,48.25,44.75,55.25,51.25,36.75,61.5,38.5,61.75,46.75,47,40.5,44.75,32.75,46.75,43.75,58.75,30.75,51,40.5,44.25,27,59.5,41.5,39,37,28.5,38.75,47.5,24.25,43.25,27,31.75,49,30.25,32.75,43.5,34.75,28.25,38.5,31.25,37.25,20.25,35.25,31,36.25,20.5,35,21,38,21.5,26.75,27.25,20.75,30.5,25.25,21.25,19,23.25,24.75,23.75,25,14.75,28.5,20.75,21.75,20.25,18.75,14,18.75,17,20.75,12.75,11.5,12.25,18.25,15.5,9.5,19.75,13,18.25,13.5,9.5,12.25,16.75,10,7.25,16.25,6.75,15.75,6.25,10.25,7,8.5,7.75,7,9.25,5,7.75,6.5,6.75,7,5,3.25,4.75,6.75,4.5,3.25,4.25,5.5,2.75,3,6.5,2,3.25,5.5,1.75,4,4,3.5,83
22,10.5,0.25,0,0,0,0,0.5,0.5,0.25,0.25,0.5,0.25,0.25,0.75,0,0,0.5,0.25,0.5,0.25,0,0.5,0,0.25,0.25,0.25,0,0.5,0,0.25,0.75,0,0.25,0.75,0.25,0,0,0,0.75,0,0,0.75,0.5,0.5,1,1.25,0.5,0.5,0.5,0.5,0.5,0.5,1.5,1,1,0.25,0.75,0.5,0.75,0.5,0,0.5,0.75,0.5,0.25,0.25,0.25,0.5,0.75,0.75,1,1,1,1.5,0.25,1,2,0.75,0.75,1,1,1.25,0.75,0.25,1.25,0.5,0,1.5,0.75,0.75,0.5,1,1.25,0.75,0.5,1,0.5,1.75,1,0.5,1,2.25,0.75,1.5,2.25,0.75,2,1,0.75,1,1.75,1.5,1.5,1,1.75,3.25,1.5,1.5,2.5,1.25,1.75,1,2.75,1.5,1.75,1.75,3,2.5,1.5,2.75,0.75,2,3.25,1.5,2.25,3,1.75,0.5,2.25,2,1.75,2,1,3,2,1.75,1.5,1.5,0.75,2,3,2.5,2.5,1.25,2.25,2.75,1.75,4.25,1.75,2.75,3.75,2.25,2.5,3.25,0.75,3.5,3.75,2.5,2,3.5,5.25,3,2.75,5.25,2,3,3.25,3.5,6,3.25,4,5.75,2.25,3.25,2.75,4.5,3,6.75,5,5.25,4.75,3.75,5.25,6.25,4,5.25,6,4.25,5.75,8,7.25,3.75,5.25,4.5,8,5.25,6.25,10.75,5.5,6.25,7,8.25,10.5,10.75,7,6.25,8,6.5,10,14.75,4.25,12.5,9.5,8.5,13.5,7.25,14.5,9.5,14.25,9,13.25,13,7.5,12.75,9,13.25,20,14.75,10.25,14.75,10.5,9.75,22,15.75,14,14.75,10.25,18.5,23.25,20.75,18.25,17,13,20.25,23.25,22.75,22,21.25,19.75,23,21.25,15.75,24.75,26.25,18.75,27.75,29.75,31,27,25.5,29.5,24.75,24.75,36.75,30.25,32.25,36.5,30.75,21.25,37,39.25,22.25,45.25,30.5,38.75,49.75,35.75,33.5,43.25,50.5,37,30.75,54.25,29.5,45.25,59.5,42,47.75,50,40.25,54,46.25,54.75,72.75,55.25,38.75,53.75,59.25,65.25,40.5,62.75,75.25,46.75,69,82.75,45,76,44.5,83.75,63.25,64,52.75,89.5,60,86,54.25,70,75.25,69.25,84.25,85.75,81.75,82.75,93.25,68.75,107,84.75,80,73.75,80,77.75,85.5,95.5,77.75,79.75,67.5,84.5,83,84.5,93.75,122.75,60.75,88,92.5,95.25,114.75,66.25,92,122.75,83.25,78.75,118.75,103.75,92.25,75.25,97.75,92,115.25,88.25,74.75,85.5,93.75,119.5,87.25,61.75,95.25,115.5,90.25,61,86.25,84.75,85,110.5,90.25,69.25,104.25,62.5,122.25,79.5,77,68,72.75,81.5,99,58.75,91.75,72,63.25,75.75,98.75,55.75,74.25,73.75,72,85.75,62.25,67.5,69.25,71.75,60.25,56,81.25,54,59.75,63,68.75,79,48.5,60,76.25,60.75,59.25,56.75,44,53.75,71.75,51.5,46,72,41.75,54.5,53.25,50,59.5,49,49.25,49.25,49.25,35.75,48.5,53.75,62,47.75,37,56.5,46.75,34.25,57.75,32.75,42.75,46.5,52.75,30.25,50,52.75,32.25,37.75,36.25,39.75,54.25,44.5,34,37.5,47,52,27.25,47.25,33.75,44.75,28.25,45.5,41,31,42.5,30,50,32.5,32.75,30.5,33.75,33.75,36.75,36.25,33.25,29,21.25,36,24.25,35,30.5,35.25,28.75,30.75,20.25,29.75,28.75,34.25,24.75,44,27.25,25.5,19.5,33.5,21.25,26,26.25,19.25,27.25,33,18.75,28,16,24.5,31.5,14.75,23.25,30,21.75,17,25.75,24.75,29.5,16.75,24,22.5,19.5,15.25,23,15.75,20.25,16.25,19,12.5,15.25,23.25,15.5,17.25,13,12.75,13.75,13.25,15.75,10.25,18.25,10.5,13,16.5,11,8.25,8.25,11,13.75,11.75,9.25,7.75,17.25,8,6.5,11.25,9,10.75,9,7.25,9.75,10.5,7.75,5.5,9.25,5.25,8,3,5.75,3,6.5,6,4.5,7,3.5,8.75,4.5,6.25,6.25,3.5,2.5,4.5,4.5,2.25,3,3.25,3,1.75,1.5,4,1.75,1.5,3.75,1.25,3.25,3.25,1.5,59
0,7.5,0,0,0,0.25,0.75,0,0.25,0.25,0.25,0,0.25,0,0.25,0,0.25,0.5,0,0.25,0.25,0,0,0.25,0.25,0.25,0.75,0,0,0.5,0.25,1.5,0.75,0.5,0.25,0.5,0.5,0.25,0.25,0,0.75,0.5,0.5,0.25,0.5,0,0.5,0.5,0.25,0.25,1,0.75,0.25,1,0,0.25,0.25,0.25,0.5,1,0.25,1.25,0.75,0.5,0.5,0.5,0.5,0.25,0.75,1.25,1,1.25,0.75,0.75,0.5,0.75,0.5,0.5,1,1.25,0.75,0.25,1.5,0.5,1.25,1,0.75,1,1.5,1,1,0.5,1.25,0.25,1.5,1.5,0.5,1,2,1,0,0.75,1,1.5,1,0.75,1.75,3,1.25,1,0.75,2,0.75,2,1.5,2.5,1.5,2.25,1.5,1.75,1,1.5,0.75,2.25,2.5,1.75,2.75,1.5,1.25,1.25,2,2.25,2.25,1,3,1.25,2.5,3.5,1.75,1.25,3.75,1.75,3.75,2.5,4.25,2,3,2.25,2.5,1.75,1.5,4,2.25,2.25,3.5,2,4,2.25,3.25,2.25,4,4,3.75,3.5,5.25,3.5,3.25,5.75,4,3.25,6.5,8.5,4.75,4,6.75,5,4.75,5.75,4.5,8.25,3,7.5,8.75,8.25,8.25,5,10.5,8.5,7.25,9.25,8,8.5,6.75,10,8.5,7.25,8.5,11,9,9.75,13.5,12.75,9.5,13.25,9.75,15.25,7,16.25,14.75,11.25,14.25,15,18.25,17.75,16.75,18.75,15.5,18.75,17.75,13.25,23,15.75,27,18,16.25,27.5,14.75,34.5,22.25,27.5,18.25,33,23.25,23,37,21.5,30.25,37.5,31.25,26,31.75,31,32,44,39.25,37.5,39.5,27.75,35.5,45,35.5,46.25,44,37.75,44.75,56.5,52,48.5,45,50.5,47,51.75,39.75,55,50.25,54.5,55.75,72.5,68.25,61.75,61.5,59.75,45.25,59,89.75,61.25,66.75,57.75,68.5,50,72.5,91,50.25,91,59.25,74.5,90.25,84.25,60.25,79,105.5,84,64.75,102.5,62.5,83.5,106,87.75,90.5,93.25,70,113,74.25,92.25,115.25,92.5,70,91.25,105.75,118.25,69.75,93.25,122,74.5,98.75,123,77.25,135.5,75,130.75,102,98,77.75,135.5,83,134,71.25,109.75,115.75,101.75,112.5,112.75,110.75,116.75,142.5,94.5,144.5,119,103.5,89.5,126,119.25,106.75,126.25,121.25,114.25,85.75,113.5,107.75,111.5,110.5,137.5,89.75,116.25,105.5,122.25,135.75,80.5,112.25,143.75,100,76,117.75,98.25,93.5,80,104.75,100,127.5,89,74.5,92,89,118,93.75,74,86.5,104.5,86.5,67.5,89.75,85.25,80.5,99.5,79.5,59.5,105.75,60.75,94.25,72,66.5,50.25,66.25,71.75,99.5,49.5,89.75,64.75,51.75,71.5,79.5,47,67.5,67,63,71,52.75,49,47.75,53.5,59,33.5,64.5,37.75,45,56.75,46,55,33.25,46,55.5,37.5,43,37,32.5,37.75,47.25,41.75,30.75,50,28.5,38.5,34.25,34.75,42.75,34,31,31.75,34.75,30.75,32,33.25,37.5,29.5,21.25,35.75,32.75,21.25,31,19.75,28.5,26,35,20.5,28.5,29.75,20.5,24.75,27.25,26.25,32.25,23.5,17.5,23.75,23.5,28.75,16.25,27.25,20.5,20.5,15,22.25,21.75,19.5,20.75,16.5,27.75,19.5,21.25,20.5,17.75,18.25,16,20.5,19.25,17.5,13,27.25,13,21.5,19.25,13,18.5,17.25,12.75,16,16,19,13.75,18.25,14.5,11.25,9.75,20.75,15.25,15.25,11.25,8.75,12.75,18.25,8.25,15.25,7.75,13.25,15,9,9.75,15.5,11.5,9.25,11,10.75,10.75,6.5,12,9.75,11.75,7.75,14.75,6.5,10.5,7.5,13.5,8.5,4.75,10.25,9,10.25,6.25,6,8.5,4.75,7,3.75,7.75,5.75,7,6.25,7,4.5,5.5,4.75,8.5,5.75,3.75,5.5,6.5,5.25,2.75,6.5,3,5.75,6,1.5,2.5,6,3,2.75,4.5,2,3.5,2,3.25,1.25,2.25,2.75,3,2.5,0.75,3,1.5,1.25,1.25,1.75,1.75,1.25,2,2.25,1.5,2,2.5,1,0.25,1.5,1.75,0.75,2.5,0.5,1.25,0.75,1.25,40.5
2,4.75,0.25,0,0.25,0,0.25,0,0.5,0,0,0.25,0.75,0,1,0,0.25,0.5,0.25,0.5,0,0,0.5,0.25,0.25,1,0.25,0.25,0.5,0.25,0.5,0.75,0,0.25,0.25,0.75,0.25,0.5,1.25,0.5,0.5,0.25,0.25,0.5,0.25,0.25,0,0,0.5,0.75,0.75,0.25,1,0.5,0.25,0.75,0.5,0,0.75,1,0,0.25,1,0.5,0.25,0.75,0.5,0.5,0.5,1,0.75,1.75,0.5,1.25,1.5,1.75,1,1.25,0.5,1.75,0.25,0.25,0.75,0.75,2,1.25,0.75,1.5,1.25,1,1.5,0.25,2,1.25,0.5,1.5,2,2.25,1.5,2.25,0.75,1.75,1,1.5,1.75,2,2,2.5,1.25,3,1.5,2.25,1.75,1.75,1.75,1.5,2,3.25,1.75,2.75,1.75,0.5,2.75,3.75,4,2.75,2.25,3.25,2.5,2,3.5,3,4,3,3,2.5,7.5,3.5,1.75,5.75,2.75,4,6.25,2.5,7,5.5,4.5,4.25,3.25,5.5,4.75,8.25,3.75,6,6,5.5,7.75,3.75,8.5,6.25,5.5,10,11.75,8.75,7.75,7.25,12.25,14.5,7,9.25,10.75,11,11.5,8.75,11.75,11,7.5,12,10.5,17.75,9,13.25,16.5,14.25,14.25,12.5,20,18.75,20.5,14.25,15.75,15,14.5,19.75,26.75,16.75,22.75,20.75,21.75,21.75,28.25,28.25,20.25,34.75,22.5,38.75,17.25,28,38.25,24,31.25,33.75,35.75,30,43.25,31.75,36.25,41.75,40,30.5,46.75,30.25,54.25,44.25,32,50.25,39,60,54.75,46.25,42.25,79.25,54,38.75,67.75,41.75,56,74.25,61.5,47,61.25,58.75,67.25,76.5,74.75,69.75,72,57,75.75,91,76.5,76.5,79.75,61.75,82,101,76.75,76.75,96,85.5,83,86.25,63.5,86,84,98.75,89.75,112,92,88.25,92.25,98.25,75.5,94,123.75,107.25,96.75,106,100,84.75,106.75,129.25,77.25,145.25,78.5,115.75,139.5,116,78,118,157.5,119.5,82.75,140.5,88.75,114.25,147.75,119.75,117.75,128.75,79.5,157.5,90,127.25,155.25,127.25,90.5,123,137.75,159.5,96.75,128.25,151.75,99,131.75,152,101.75,161.25,96.75,163.5,134,127.75,96,158.25,100.75,162.75,102,128,130.5,136.5,125,131.5,134.75,142,160.75,93,166.5,127.5,127.5,93.75,120.25,129.5,127,168.25,127,111.5,96.75,116,130.5,121,122,144,94.25,122.5,119.5,121.75,135,82.25,113.75,134,108.25,78,135.5,110.25,102,85,104.5,96,123.5,93.5,63.5,102,99.5,120.5,83.5,62.75,88.5,110.75,74.75,61.5,81.5,80.25,77.25,80.75,76.5,53,95.5,50.25,87,66.75,68.75,43.5,61,56.25,81.25,43,64.25,58,36.5,50.25,59,34,51,47.5,45.25,55.5,41,41,36.25,31.25,41.25,30.5,44,29.75,37,29.75,30.75,40,24.75,31.75,29.25,31.5,24.25,22,21,29,34.5,25.5,19.75,29,12.25,17.75,18.75,24.5,24.25,18.5,18.75,15.75,18,14.25,16.5,19.5,16,17.5,10,22,12.25,9,12.75,12,19,18.75,20,11,14.25,18,10.75,15.25,12.5,12,13.75,14.75,8,12.75,12.5,14,7.5,12.75,10,10.75,5.5,15,9,10,10.75,7.25,14,7,7,8.5,9.75,8.25,11,6.25,9.75,9.25,8,14,6,11,7.5,5.75,11,8.75,5.75,10.25,7.5,6.75,5,8.5,5.75,7.25,5,8.25,6,7.5,6,4.75,5.25,7.25,5,7.75,5.25,4.75,7.5,4.75,8.25,6.75,4.25,4.25,5.75,7,5.25,4.25,6.25,2,5.25,2.25,3.5,1.75,5.5,3.25,4.75,3.25,3.25,4,4,3,3.25,3,3,2.75,2.5,2.25,2,1.75,2.5,3.75,2,2.25,2.5,2.25,1.75,2,1.5,2.25,3.75,1.5,1.75,3.5,1.5,3.75,0.5,1.5,1.75,2.25,1.5,1.5,1.5,0.75,2.5,0.5,1.25,0.5,2,1,1.5,1,0.5,1,0.25,0.5,0.25,1,0.5,0.5,0,0.25,0.5,0.5,1.5,0.75,0.75,1.25,0.5,0.5,0.75,0.75,0,0,0.25,27.5
4,6.25,0,0.5,0.25,0.5,0.5,0.25,0.5,0.25,1,0,0,0,0,0.25,1.25,0,0.25,0.5,0,0.25,0.5,0.25,1,0.75,0,0,0.5,0.5,0.75,0.75,0.25,0.25,0.25,0.25,0.25,0.5,0.5,0.75,1.25,0.75,0.5,1.25,1,0.75,1,0.25,0.5,1.25,1,1.5,0,0.5,0.5,1.25,1.5,1,1.25,0.75,0,0.5,0.5,1,1,0.75,1,1.5,1.25,1.25,1.5,0.5,1.25,1,1,0.5,1,1.25,1,1.25,0.75,1,2.75,0.5,2.5,1.75,2.75,2.5,2.75,1,2.25,0.75,1.75,2,1.75,1.75,1.25,1.75,1.5,4.75,1.5,3.75,3,3.25,2.25,3.25,2,2,3.25,5.25,4,3.25,2.25,4.75,3,4,2,3.5,4,5.5,5.25,3.25,3.75,7.75,6,4,3.75,5.75,6.75,5,6.75,4.5,7,6.25,9,4.25,11.25,6,5,7.75,8,6.5,8.75,4,10,10.25,10,5.5,11.25,13.75,10.5,9.75,10.5,14.5,12.75,9.75,15,9.25,16,10.25,17.25,13,14.75,16.5,15,11.75,17,22.75,12.75,15.25,17.25,23.75,21.25,18,29.75,22,16.5,21,18.5,34,16.5,28.25,33,24,31,22.25,36.75,30.5,34.25,27.25,32,30.25,23.75,38.25,51.75,31,38,36.5,41,37.75,52,45.75,37,52.75,42.5,58.75,37.5,50,60.75,41,51.5,59.25,56.25,60.25,62.25,53.75,64.5,62.25,58.75,46.75,82.75,51.75,73.5,68.25,58.25,83.5,52.5,87.25,74.5,80.5,63.5,107,75.25,59.5,102.25,70.5,84.5,98.75,89,66.5,88.25,85.25,91.25,111,91.5,91,103.25,71.75,103.25,117.75,108.5,112.5,103.25,77,107.75,129.25,98.25,98.5,117.75,99.5,103.25,107.5,88.5,123,115.75,118.75,110.25,150,117.25,119.5,125.75,118.75,92,127.25,152.75,128,115,125.5,124,99.25,133.25,164,94.25,172,94.5,131.25,164.25,141,105.25,144.5,166,137,101,164.25,113.25,133.25,171.5,129.75,143.25,134.75,105.5,179.75,111.25,144.25,178.25,144.25,110,147.5,146.25,179,105.25,142.75,177,109,138.75,194.25,109.25,178.5,113.25,175.75,142.75,138.25,113.5,176.75,110,163.75,110.5,142.25,142.25,137.75,136.5,133,146.5,133,172,103.25,166.75,131.75,131.75,97.25,126.25,126,132,155.25,132.75,118.25,93.5,117,114.75,122.25,117.25,162.25,83.25,113.75,109.25,114,137.5,80.25,98.75,126.25,98.75,80,124,96.25,91.5,78.75,84.25,88.5,103,85.25,57.75,87.75,83,98.25,82.5,56,76,95.25,67.25,51,64.25,67.25,62.75,84.25,61.25,46.75,79.25,42.75,67,50,52.25,39.25,53,49,55.5,33.25,49.5,38.75,30.75,44.25,47,31,33.25,34,36.25,47.75,24.25,27.25,31.75,29.25,26.5,23,30.75,22.5,25.5,19.75,22.25,28.75,15.25,15.5,22.25,14.5,12.75,15.75,14.25,16,19.75,13.75,8.75,16,9.25,15.75,11.5,12.5,12.5,10.75,10.5,9.25,12.5,7.5,10.5,10,15.5,8.75,5.5,11.75,9,6.5,10,7,7,7.25,8.75,4,7.25,10.25,4.75,8.75,8.25,6,9.5,7.25,6.5,6.5,6.25,6.25,3,10.5,5,4,4.5,4.75,8,4.75,4.25,2.25,5.5,3.25,3.75,5,4,4,4.25,5.5,2.25,3.75,2.75,4.25,4.5,3.75,3.75,2.75,3.5,4.5,2.75,3.25,5.75,3.5,1.5,5.5,2.25,4,4.5,3.75,5,2.5,2.75,3,3,3.25,1.5,5,2.5,3,2.75,1.25,2,2.75,2.75,2.75,1.5,3,3.25,1,2.5,2,1.75,1,0.75,0.5,1.25,1.25,2.25,1.5,2,2.25,1.5,1.5,1.25,2.25,1.5,2,2.5,0.25,2.25,1,1.25,2,1.75,0.75,1,2.25,1,1,0.5,1.75,0.25,0.75,0.5,1.75,0.25,1,1.25,1.25,0.5,1.25,0.5,0,0.75,0.25,0,0.25,0.5,0.25,0.25,0.25,0,1,0,0.5,0.25,0.5,0.25,0.75,0.5,0.25,1,0.75,0.75,0.75,0.25,0.75,0,1,0.25,0.5,1.25,0.25,1,0,0,20.75
6,8,0.5,0.75,0,0.5,0,0.25,0,0.25,0.25,0.25,0.5,0.25,0.5,0.5,0.5,0.5,0.25,0.75,0.5,0,1.25,0.75,0,0.5,0.25,0.25,0.25,1.25,0.75,0.5,0.25,0.5,0,0.75,0,1.25,0.75,0.5,0.5,0.25,0.25,0.25,0.5,1,0.25,1,0.75,1.25,1,1.25,0.75,0.5,1,1,0.75,0.75,1,1.25,1.75,1.5,1.75,0.75,1.5,0.5,0.25,1.5,1,1.25,1.5,0.5,1.25,1.75,2,3.5,2.25,0.75,1.25,1.75,1.5,3.5,2,1,0.75,2,1.5,1,2,1,1.5,0.75,3,4,2.25,3.75,3.25,4.5,4.5,1.5,2.75,3.5,3.5,5.75,2.75,5.25,3.25,5,3.25,4.25,5,3.5,3,4.25,5.5,6.25,4.25,6.5,4.25,6,4.25,4.5,7,7.25,5.5,6.25,8,7.25,9.5,7.25,10.75,6,10,5.25,7.25,6,12,7.75,5.5,9.5,14,7.5,14.25,10,15,12,11.25,13.5,13,20,12.75,18,12.5,17.5,19.25,14.75,23.25,12,27.25,14,20,22.5,16.75,14.75,19.5,18.25,22,21.5,19,23,26.5,34.75,27,27,38.75,27.75,25.25,35.25,31.75,39.25,22.5,37,51.25,41.25,37.5,25.75,44.5,40.25,40.75,38.75,41,47.25,36.25,42,60.5,37.5,48.75,48,49.25,54,67.5,55,33.25,75,41.5,74.25,42.75,65.25,80.75,47,68.75,63,73.25,77.5,90.25,68.25,69,69.75,72.25,52,100.75,60.5,97,81.75,59.75,100.25,63.5,102.5,88.75,81,65.25,112.75,91,69.5,118,73,103.75,111.25,95.5,70.25,105.25,93.25,108.5,130.5,110.25,102.25,105,85.75,115.5,147.75,105,115.75,111,80.25,110,158.75,117.5,116.5,119.5,119.75,123,126.25,91.25,125.75,121.5,123.5,129,162.75,131,125.25,139.25,124.75,100.5,122.75,170.25,131.5,141,143.5,130.5,104.25,134.25,164.5,105.5,174.5,100.25,137.75,183.25,143.5,102.5,146.75,175.25,140.25,110.75,176.5,106.75,137.75,169,144.25,143.25,131.5,117,179.5,108.75,143,172.25,160.25,106.25,141.25,142.75,171.25,109.25,141,182.25,109,135.25,181.5,104.75,196,99,176.5,146.75,143.25,105.5,177,112.5,173.5,106.5,132.5,133.5,142,140,130.75,135,131.25,159.25,98,154.25,128.75,119.5,88.75,140.75,121,115.5,152.25,115.25,127.25,93.75,116.5,113.5,113.75,109.5,141.25,77,102.75,106.25,98,124.75,72.5,90.5,125.75,94.75,74,108.5,90.5,85.75,62.25,82.75,80.25,97.5,79.5,64,70.5,72,88,70,52.25,64.5,81.5,56.25,43.5,56.5,51.25,57,63.5,56.25,38.5,60,38,59.5,43.25,37.25,32.5,39.25,37,47.25,24.5,39.75,39.75,23.25,30,34.25,19.75,26,26,24.5,29,24.75,19,21.75,20.75,17.75,11.5,20.75,12,14.25,12.75,15,15,12.75,11.5,17.75,10.25,8.75,10.25,7.75,8,12,8.5,7,12.75,8.25,7.25,6,7.5,7.25,5.75,8.75,5.5,7,6.25,6.25,5,6.75,3.75,6,7,4.25,3.25,4,4.75,4.5,4,5,3.25,2.25,5,4,4.25,4.25,2.25,5,5,2.75,1.25,2,2.25,2.25,3.75,3.5,3.25,1.5,3.25,3,2.25,2.25,1.25,2.5,2.25,1.5,3.25,2.5,2.25,2.5,2.5,2,1.75,2.25,3.75,1.5,2,2.5,3,2.5,2.75,2.75,3,3.5,2.25,1.75,2,3,1.75,1.75,2,1.75,3,1.75,1.25,1.5,2.5,2.5,2.75,1,0.75,2.25,0.5,2,1.25,1.25,1.25,1.5,1.25,3,0.75,3,1.5,1.25,1,1,1,1,0.75,1,1,1.75,1.25,0.5,0.5,1.25,0.5,1,0.75,0.5,0.25,1.75,0,1,1,1,0.25,0.75,1.25,0.75,0.25,0,1,0.75,0,1,1,0.25,1,0.25,0.5,0.25,0.5,0.5,0.75,1,0.25,0,0.25,0,0,0.5,0.25,0,0.5,0,0.25,0.25,0,0,0,0.25,0.5,0.75,0,0,0.25,0,0.5,0.25,1.25,0,0.25,0.25,0.75,0.5,0,0,20
8,4.75,0,0,0.25,0.75,0,1.25,0,0,0.25,0.25,0.25,0.5,0.5,0,0.25,0,0.25,0.5,0.5,0,0.75,0.75,0,0.25,1.25,0,0.5,0.25,0.25,0.5,0,0,0.5,0.5,0.5,0.75,0.5,0,0.75,0.75,0.5,0.5,0.5,0.5,0.5,0.75,1.25,0.75,1.75,0.5,0,0.5,1,0.75,1.25,1.25,0.75,0.75,1.25,0.75,1.25,0,0.75,0.75,1.5,1,1.25,0.5,0.5,1.75,0.5,1.25,1,1.25,1.75,0.5,1,1,1,1.25,2,1.25,1.25,1,3,1.5,1,2.75,2.25,1.25,2.25,1.25,1,1.5,2.5,2.75,2.25,2,1.75,3.5,2,3.75,2.5,3.5,1.5,1.75,4.25,5.75,3.5,2.5,3.25,2.25,4.75,4.5,3.5,4.5,4.5,6,5.75,3,4,5.75,3.25,4,5,6,5.25,7.5,7,5,10,6.25,8.5,6.75,6.25,4.5,5.5,8.75,12.5,8.5,11.5,6.25,9.5,6.75,10.5,9.25,10.75,14.75,13.75,12.5,12.25,14.25,13.75,10,16.25,11.5,17.5,14.25,16.75,21.75,13.25,20.75,19.5,13,18.25,29.75,12.75,22.5,21.5,32.25,21.25,20,27.5,28.25,19.25,29.5,26.5,41.25,20.5,28.5,42.75,34.25,35,31.25,42,36.25,34.25,37,42.75,37,29.75,43.75,55,33.25,42.5,46,44.5,47.25,65.5,55.25,35.5,66,36.5,67.75,41.25,58,73.25,50.5,62,60,62.75,63.75,83.75,71.75,69,71.5,61.75,57.75,100,55.5,97,79,68.25,97.5,62.5,107.75,87.75,85.75,66,116.75,83.25,63.25,98,73.5,97.75,119.5,97.75,71.25,98.75,93.5,96.75,124.25,97.75,112.25,114.25,83.75,115.75,140.5,110.75,117.75,106.5,87.25,123.75,143,116,113.25,132.25,112.25,114.5,118.75,95,134.25,123.5,125.75,135.25,171.25,128.5,129.5,132.75,132,99.5,126.25,168,139.5,133,132.75,131,102.25,151.25,178.5,106,174,115.75,152,178,146.25,104.25,145.25,170.5,148,105.5,188,114.25,149.75,186.25,141.5,145.25,150,111.5,184.75,118.75,150.75,196.75,149.25,111.5,153.75,142.25,189.25,104.25,156,188.5,113.25,156,189.25,117.5,191.75,112.75,173.25,151.75,144,114.25,183.5,128.5,188,115.75,139,138,155.75,151.5,148.25,150.75,146.75,173,107.75,195,139.5,138.25,104.25,128.75,137.5,135.25,170,134,129.75,95.5,130,130.25,130.5,127,154.75,88.5,122,119,126.75,151,88.5,121,155.5,118.75,82.75,145.5,110.5,113,81.25,105.5,104.5,123,102,73.5,92.5,93,120.5,85.5,61.25,85.5,102.5,79.25,64.5,77.25,75,78.75,91.25,65.25,46,91,53,71.75,63.25,60.75,38.75,65.25,57,53.25,37,67,46.5,35.75,39.5,51,27.25,47.75,40.75,33.25,43.75,32,32.5,30.25,29.75,31.25,17,30.25,15.5,24,27.5,19.75,30.75,16.5,22.25,22.25,18.5,13.25,13.25,9.5,15.5,17.75,11.5,10,12.75,6.75,12.25,12,8.75,13.5,8.5,10,8.25,6.25,7,5.75,7.25,6.75,8.25,4.75,7.75,5,2,5,2,7.75,5.5,4.5,3.25,6.25,4.25,2.25,4.5,3.5,6,5,4.5,3,2.5,3,4.25,2,2.75,3,1.5,3.75,3.5,2.25,0.75,1.5,0.75,3.25,2.25,2.25,1.5,2.5,1.5,2.5,2.25,1.25,2,1.5,2.75,2.5,2.25,2.75,1.5,2.5,1.5,1.75,0.5,1.5,1.75,2.75,2,1.75,3.75,1.5,2.25,2,1.25,2,0.5,2,2.25,0.5,1.5,1.5,1,1.5,0.75,1.75,1.25,0.75,1.75,0.5,1,2,1.5,1.75,0.5,1,0.75,1,0.5,0.75,0.5,1.5,0.75,1,0.75,1.5,0.75,0.75,0.25,0.5,0,0.5,0.75,0,0.5,0.25,0.5,1,0.5,0.5,0.5,0,0.25,0,0.75,0.25,0.5,0.75,0.75,0.75,1,0.25,0,0.5,0,0.5,0.25,1,0.5,0.5,0.25,0.25,0,0,1,0.5,0.25,0,0.25,0,0,0.25,0.25,0,0.25,0.5,0.25,0,0.25,0.5,0.25,0.25,0.25,0.25,0.5,0.25,0,0,0.5,0.25,17.5
10,3.75,0,0.25,0.25,0,0.25,0,0.25,0.25,0.5,0,0,1,0.25,0.75,0.25,1,0.25,0,0.25,0.25,0.25,0.25,0,0.25,1,0.25,1,0.25,0.25,0.5,0.25,0.25,0,0.25,0.75,0.5,0,0.25,0,0,0,0.25,0,0.5,0.25,0.25,0.75,0.25,1,0.75,0.5,0.25,0.5,0.5,0.75,0.25,0.5,0.5,1,0.5,0.75,0.5,0.5,0.75,1,1,0.75,1,0.75,0.25,0.5,2,0.75,1,0.5,1.75,1.5,1,1,0.25,0.5,0.25,1.5,1,1,1.5,1.5,1.25,1,1,1.75,1.75,1,0.25,1.5,3,2,2,0.5,2.5,2,2.75,1.75,3,1.75,1.25,1.25,2,1.25,2,1,1,1.5,3.5,1.25,2.75,2.5,1.75,3,2.25,4.25,2.5,4,1.5,3.5,2.25,2.5,4.5,3.5,2.75,3.5,2,3.25,2.5,4,5.5,3.5,4,7.25,4,4.75,4.5,6,8.25,5,6.75,6,8.75,5.5,6,4,10.5,6.75,3.5,7.75,5.5,10.25,6.5,7.25,12.25,10.5,9,9.5,8,10.5,12.75,8,11.5,11.75,17.75,11.25,9,19.25,12.25,9.5,17,14.25,21.75,14,17,22.75,21.25,21.25,17.75,26,21.25,21.25,17.25,23.5,24.75,17.75,23.25,29.75,15.5,28.75,26.75,25.25,31.75,37.25,28.5,25,39.5,24.75,42.5,35,36.75,47,27.5,38.5,36.75,36.75,45.5,54.25,44,41.75,49.75,45,37.75,63,37,69.25,54.25,37.5,63.75,40.25,66.5,62.25,57,42.5,77.25,62.25,48.75,86,53.5,72,100.25,72,53.25,68,78.5,76,101.5,77.75,75.5,89.5,59.5,86,107.5,83.25,85,101.25,68.75,90.25,116,85.5,102.25,93.25,94.25,100.5,92.25,82.25,94.75,96.5,98.25,107.5,131.5,113.5,106.75,121.25,119.75,82.5,108.5,136.75,114.75,128.5,124.5,122.75,90.25,117.75,155.5,92.5,152,93,113.5,156.5,123,102.5,122,171.75,131.5,98.75,169.5,96.75,133,165.5,141.5,138,140.5,102,163,98.25,149.25,178.5,132.75,108.25,139.75,144.75,177,110.5,149.75,187,110,153.25,182.75,113,188.25,118.25,198,136.5,152,121.25,186.25,103.5,186.75,102.5,148,151.5,143.75,146.25,148.25,169,153.25,192.5,119,170.5,155.25,157,110,150.75,146.25,151.5,179,159.5,141.25,116.25,148.75,147.75,149.25,144.75,180.75,110.75,150.75,145,133.25,178.25,105.25,154,171.5,143,111.5,183,134.5,144.5,105.5,139,130.75,174.75,126.25,100.75,139.75,125.75,160.5,123.75,92,129.75,154,120.75,89.75,117,116,125.75,144.5,126.5,85.5,142.5,84.25,141.5,102.5,106.25,82.5,103.25,95.25,119.25,70,120.25,97.75,69.75,94.25,108.75,66.5,94,83.5,84.5,94.5,73,75.75,79.5,70,72,57.25,85,43,61.25,59.5,62.75,68,53.5,54.75,72.5,54.5,52.75,54.25,32.25,45.75,49.5,38.25,31.5,40,24.75,35.75,36.75,27.25,36.75,29.75,22.5,28,19.5,19.75,25,20,27.5,21.5,14.5,22.5,20.75,10.5,17.25,8.75,18,14.25,16,9,11.75,11.75,8.5,10.5,9.5,4.25,11.5,7.25,6.25,9.25,9.25,6.75,4.5,5.75,4,4.25,4,7.5,7,5.5,4.25,3,4.5,4.5,3.25,3.75,4,4,3,2.75,2,1.5,1.75,3.5,3,3.75,2.75,2.5,1.75,2,1.75,1.5,3,2.75,2,2.75,1.75,3.25,1.75,1,2,2,1.5,1.5,2,2,1.5,1.75,1.25,1,1.75,1.75,2.5,1.5,3.5,1.25,2.5,1.75,3,1,1.5,0.75,1.5,0.5,2,1.5,1.5,0.5,0.5,1.25,0.5,1.75,1.25,1.25,0.5,0.5,2.25,0.5,0.75,0.75,1.25,1.75,0.5,0.75,1,0.5,0.75,0.75,2.75,0.25,0.25,2.25,0.75,0.75,1,0.75,0.5,1,0.75,0.75,0.5,0.5,0.75,0.25,0,0.25,0.5,0.25,0.5,0.5,0.5,0.5,0,0.75,0.25,0.5,1,0.5,0.25,0.75,0.75,0,1.25,0.25,0,0.25,0.75,0.5,0,1,0.5,0,0.25,0,0.25,0.25,0.25,26.75
12,4.25,0,0,0.5,1,0.25,0.25,0,0,0.25,0.25,0.5,0,0.5,0,0.25,0,0.25,0,0,0.5,0.25,0.25,0.5,0,0.5,0.5,0.5,0,0.5,0.5,0.75,0.25,0.75,0.25,0.25,0,1.25,0.75,1.25,0.5,1,0.5,0.5,0,0.25,0.5,0,0,0.75,0.5,0.5,0.25,0.5,0.5,0,0.25,0.5,0,0.25,1,0.25,0.25,0.5,0.75,0.25,1.25,0.75,0.5,0.75,0.5,0.75,0.75,1.25,0.5,0.25,1,0.75,1,0.5,0.75,0.25,1.25,1.25,0.75,1,0.75,1,0.75,1.5,0.75,1,1.25,0.25,1,0.5,2,2.25,1.25,1,1.25,1.75,1.5,0.5,1.75,2.25,2.75,0.25,1.75,2,1.25,1,1.5,2.25,1.75,2,3.25,1,1,1.25,1.25,1.5,1.25,2,1.5,1.25,1.75,2.5,3,2.25,2.75,2.75,2.25,3,0.75,2.25,2,1.5,2.5,2.75,1.75,3,2,3.5,4.25,3,2.75,5.75,3.25,6.25,4.25,2,6.75,3.5,2.25,4.25,3.25,6.5,3.5,5.25,2.75,3.75,4.5,5.25,1.75,6.5,7.5,4,6.5,7.25,7,6,5.5,9,4.75,6,9,10,12,5.75,7,11.5,8,9.5,6,6.75,11.5,8,10.5,13.25,12,11.5,10.75,15,7,12.75,13.5,12.75,15.25,19.75,15.75,13.5,19.25,12,23.25,11.25,19.25,23.75,11,17.25,19,22.75,24.75,29.5,28.25,24,32,27.5,20,35.25,21.25,33.5,24,23,42.25,24.25,44.75,34.25,36.25,23.25,39.75,38.75,27,42.25,29.25,43.5,52.5,44.25,33,41.25,39.25,45.5,57.25,49.5,48,54.5,40.5,57.75,70,52.5,44.75,60.5,43.75,60.75,80,63,62.25,60.5,68.75,73.75,65.5,50.25,63.75,77,74,78.25,86.75,74.75,81.75,76.75,87,64.75,74.75,99.5,83.25,86.5,94,85.5,68.25,88.5,111.25,70,133.25,69.25,97.25,123.25,99.25,78.25,109.5,123.5,103.5,84.5,129.25,89.5,111,141,118.5,121.75,116.75,86.25,131.75,88,116,149.5,111,90.75,125.75,122.75,148.5,87,124.25,157.5,98,123.5,170.25,100.25,151.25,106.25,165,135.25,139.25,100,170,101.5,166.5,96.25,141,135.5,145.25,133.25,147.25,142.25,135.5,165.25,106.5,174.75,141.75,149,109,138.5,151.75,150.25,174.5,133.5,139.25,111.5,153.5,139,142,150.5,177.25,111.5,133.25,145.75,144,180,112.25,152.75,177.25,140.75,108,186.5,144,145,105,147.75,150.5,177,138.75,105.75,143.5,143.75,184.75,147.25,100,134.25,183.75,147.75,110.5,154,141.25,125.75,167.75,135,100.25,179.5,100,174.5,139.5,138.25,101.75,144.75,153.5,161.25,103.25,171.5,135.5,99,132,165.25,104.75,133,122.5,120,157.25,127.25,122,121.75,132.25,116,93,145.75,83.25,116.5,109.75,103.5,135.5,79.5,110.75,127.5,106,101.5,106.5,74.25,101.25,124.25,103.75,68.25,113.75,65.75,82,87.75,87,115.25,83,77.5,73.75,75,55.75,76.5,77.25,88.5,75.75,51.5,83.5,59.25,41.25,79.25,45.75,59.5,50.5,76,38.5,49.75,61.75,37.75,49,42.25,44.75,51.75,37,26.25,35.75,35,47.25,22.75,40.25,24.75,32.25,20.75,30.25,24,22,24,16.75,25.75,16.5,17.5,18.5,15.25,17.5,16.75,14.5,14.75,11.25,9.75,11,8.5,14.75,11.25,10.5,9.5,6.75,7.5,8.25,7.5,8.75,4.25,6.25,5,5,3.5,6.75,2.5,3.25,4,4.5,5.75,5,1.25,3.75,2.5,3.5,3.25,1.5,2.5,1.75,2.75,2.5,1.75,4,3,1.5,2,2,1.75,0.5,1.25,0.5,2.75,1.75,1.25,0.75,1.25,2.75,1.25,1.5,3.25,1.75,1.5,1.25,2.25,1.25,1.25,1.5,1.25,2.25,1.25,0.5,1.5,2,1.5,0.75,0.5,0.25,0.75,2,0.5,2,0.5,0.75,0.5,0.25,0.25,1.25,1,0.25,1,1,1.25,0.25,0.75,0.5,0.75,1,0.75,1.25,0.5,1.5,0.5,0.25,0.25,0.75,0,0.25,0.5,0.25,0.25,0.5,0,0.75,0.75,0.5,0.25,0,0.75,0.25,0.5,0.25,0.25,33.5
14,4,0,0.25,0,0,0.25,0,0,0,0,0.25,0,1,0.5,0.5,0,0,0,0,1,0,0.5,0.25,0.5,0,0,0.5,0.25,0.25,0.25,0.5,0.75,0.5,1.25,0.25,0.25,0.5,0.25,0,0.5,0.5,0.75,0.25,0.75,0.25,1,0,0.25,0.75,0.25,0.5,0.25,1,0.25,0,0.75,0.5,0.5,0.5,0.25,0.75,0.25,0.25,0.5,0.25,0.25,0.75,0.75,0.75,0.5,1,1,0.25,0.75,0.25,0,1,0.5,0.75,0.75,0.25,1,0.75,0.5,0.25,0.75,1.5,0,0.25,0.25,0,1,1,1,1.25,1,1.5,1,1,0.5,0.75,1,1,0.5,1.5,0.5,2,0.5,1,0.75,0.75,0.25,2.25,1.25,0.75,1.25,1.75,1,0,0.75,1,1.25,1,0.5,0.75,1.25,1.5,1.75,1.25,0.25,0.75,1.25,0.5,2,1.5,1.5,3.25,1.5,1.75,1.75,1.25,1.25,0.75,1.75,0.75,1.5,1.25,1,1.25,1.5,2,1.25,2.25,2,1.5,2.5,1,1.5,1.25,2.25,2,1.5,2.5,1,1,1.75,1.5,1.75,2.75,3,3.25,1.5,2,3,2.25,1.75,2.75,4,5,1.25,3.75,3.75,4.5,2.75,1.5,5.75,3.25,4.75,3.5,3.25,3.5,2.5,4.75,5.25,3.25,6.25,5,7,7,5.5,4.75,4.25,7.25,3.5,5.5,5,5.25,9,4.25,9,7,6.25,6,14,8.25,7.75,7.75,8.5,6.25,11.75,8.25,13.5,12,6,11,7.5,11.25,10,10.75,9.75,15.25,13,9.5,17.25,10.5,15.25,15.5,18,9.25,14.75,16,18.5,21,20,19.5,16.75,16.25,20,24.25,21.5,21.5,26.25,19,23,33.25,27,29.25,30.25,25,27.25,29.5,20.5,29.25,33.75,35.75,32.25,40.25,31.25,37,37.75,37,27.75,35.25,49.75,39,48,45.5,40.75,33.75,40.75,58.25,31.75,56.25,37.5,51.25,64.75,52.5,41.75,55.25,77,61.75,39.75,84.25,45.5,62,72.5,65.25,65.25,69.75,58.5,82,53,72.25,94.25,74.5,59.25,76.75,77.5,98.25,68,86.5,107.75,58.75,97.25,114,68.25,108.75,76.5,120,96,100.25,70.75,129.75,66,119,78,100.5,107.5,104.25,112.25,109,119.5,107.75,134,86,142.75,112,112.75,79.75,121.5,113,118.25,143.25,121,121.25,88,124,124.5,118.5,122.5,151.5,104.25,133,124.25,136,156,95.5,143,177.25,139.25,109.25,179.25,139,140.75,95.75,130.75,135.5,191.5,139.25,112.25,142.5,140,173.5,142.25,101.5,144.5,184.75,137.75,109,149.5,150,145.75,184.75,150.25,114,194,107,181.75,152.5,145,115.75,156.25,153.25,190.5,107.75,175.25,142,118.75,156.75,181.5,117.5,146.25,152,161.75,185.5,147.25,151,153.5,148,151.25,105.75,200,101.75,149.25,148.5,133.5,186.75,104.75,151.75,197.25,145.25,134.75,151.75,119.75,149.5,176.75,140,105.75,166.75,112.25,138.5,142.25,144.25,176,136.25,144,133.75,120.25,105.25,141,129.75,159.25,112.5,101,160.25,116.75,86.5,152.5,85.5,108.25,115.5,142.75,83.5,110,136.75,86,101.75,99.5,107,132.25,97.5,72.25,90,93.75,110.75,69.5,111.5,85.75,83.5,61.75,93.25,86,77,73,59.25,82.5,63.25,60.5,63.75,57,59,53.75,57,60,48.5,34.25,57.25,34.75,59,49.75,44,34,42,28.5,35.5,33.5,47.5,20.75,35.25,31.5,25.25,22.5,34.25,19.5,20.5,18.75,16.75,17.5,24.75,17,19.25,11.25,16.75,22.5,11,11,14.25,9,7.75,9.5,10.25,11.5,4.75,14.5,7,8,6,9.25,5,4.75,3.75,7,3.75,4,5.25,5.5,3.75,3.25,3.25,3,2.5,3.25,0.75,3,2.25,2.25,2.5,1.75,1,1.75,1.5,4,2.5,3,2,2.25,2,1.5,2,1.5,2,1.25,0.5,1,2.75,1,0.75,2.25,0,1.5,1.75,1,0.25,1.5,1.5,1,1.25,0.75,0.75,0.75,1.25,1.25,1,0.75,1.5,1.25,0.25,0.5,0.5,1.75,1,0,0.25,0.5,0.25,0.5,0.5,1,0,0.75,43.75
16,6,0,0.25,0.25,0,0.25,0.25,0.25,0.25,0,0,0.25,0.25,0.25,0,0.25,0.25,0,0.5,0.25,0.75,0,0,0.25,0,0.25,0.5,0.5,0.75,0.75,0.5,0.75,0,0.25,1.25,1,0,0.25,0.25,0.25,0.5,0.25,1.25,0.75,0.25,0,0.25,0,0.5,0.25,0.25,0.5,0.75,0.5,0.5,0.25,0.5,0.5,0,0.75,0.5,0.75,0.25,0.25,0.25,0,0,1.25,0.25,0.5,0.75,0.25,0.5,1,0.25,0.75,0,0.5,0.25,1,0.5,0.75,0,0.75,0.5,1,1,0.5,0,0.25,0.75,1,0.75,0,0.5,1.5,0.25,0.25,0.25,0.25,0.5,0.25,1,0.5,0.5,0.5,1,0.75,1.5,0.5,1.25,0.75,0.75,0.75,1,1.5,0.75,1.25,1,1.5,0.5,1.75,0.75,0.75,0.25,0.75,0.5,1.5,0.75,1.25,1.25,1,1.25,1.25,1,1.5,1.5,1,1,1.5,0.25,2.5,1,1,0.75,2.5,0.5,2.25,1.25,1.75,1.5,0.75,3,3.5,1.5,0.75,0.75,1.25,1.5,1,2.25,1.5,2.5,1.5,0.5,0.5,3.25,1.25,1.5,2,3,2.75,0.75,2.25,1.25,0.75,1.75,1.75,3.75,1.25,2.75,2,3.25,1.25,2,2.25,2.25,2.5,2.5,1.25,2.5,2,2.75,4.75,2,4,4.25,2.75,2.75,4.75,3,3.25,4.75,2.25,3,1.5,2,4.5,2.5,4,3.75,4,2.5,7,3.5,3.25,4.5,5.75,4.5,7.5,4.25,5.5,5.5,5,6.25,5,9.25,5.25,5,7.25,7.5,5.75,5.25,8.5,2.75,6.25,10.75,6.25,8.5,7.75,7.75,7.75,10.5,8.25,10.25,8.75,7,8.75,8,9.5,12,9,5.25,11.25,10.5,11.25,6.25,11.5,13.5,12,13,12.5,16.25,10.25,11.75,14.75,21,12.25,18.75,18.5,17.5,11.25,17,19.75,23.25,17,23,20.5,15.75,25.5,31.5,11.5,30,17.5,21.75,35.25,24.75,21,29,36.75,26,21,43,21.5,32.25,39.5,34.75,34.5,34,32,48.25,28.25,42,55.75,44.25,32.75,45.5,45,56,37.75,52.5,61,43.25,45,64.5,41.25,79,39.75,67,57.75,58.75,44.75,75,47.75,80.75,46.25,74.75,70.25,68.75,67.5,63.75,70.75,81.5,101.5,55.25,98,78.5,78,57.75,85.5,79.75,85.25,106.75,86,90.5,64,88,99,92.25,99,117.25,85.5,102.75,101.5,102.75,117,84.75,102,132.25,107,84.5,149.5,118.75,115.5,84,123.5,130,154.5,118.25,89.25,137,123,156.5,124.25,85.25,144.25,171.75,134.75,106.25,127.5,136,135,157.25,132.5,106.25,171.5,105.5,179.75,139,144.5,108.25,149.25,155,182.75,116.25,183.5,144,118,153.25,201.25,105.75,140.75,162.5,161.5,181.75,151.25,163,152.75,162.75,158.5,128.25,189,121.5,165.25,161,153,210.5,123.5,158.5,195.5,175,151.25,161.25,117.5,161.75,215.75,162.25,117.5,201,124.25,156.25,160.5,166,192.25,162.75,153.25,165.75,159,111,154.75,149.5,176.75,159,119.75,186.75,144.75,105,177.75,110.25,138.5,144.75,186,105.25,146.75,170.75,107,138.75,139,144.75,181.25,131,100.75,133.25,127.75,169.5,102.5,155.75,123.75,129.5,81,156,121.25,117.75,115.25,83.25,147.5,113,109.75,94.75,103.75,101.75,101.75,92.25,100,94.5,69.5,120.25,67.25,113,86.25,72.5,85.75,78.5,58,71,72.25,81.75,53,76.75,63,65,47,78,53,48,50.25,35.75,57.75,55.25,38.75,59.5,32.5,39.25,53,34.75,37.75,47,32.75,27.5,34,37.25,33.75,19.25,32.5,30.75,26.75,20.25,24.75,17.25,26.5,14,25.5,14.75,11.75,20.75,13.25,15.25,10,15.25,10.75,10,12,7.25,12.5,10.5,8.5,10.75,5.75,4.25,8,7.25,8.75,6,4,5.75,4.5,7.25,3,4.75,3.75,7,3.5,1.25,2.25,4,2.75,2.5,5.75,2,4,2,2.25,1.5,2.5,3.75,1.75,4.25,2,2,1.25,1,1,1,1.25,2,1.25,1,0.75,1.25,2,1.5,0.75,2.5,1.75,0.5,1.25,0.75,1.75,0.5,0.5,60.75
18,3.25,0,0,0,0.25,0,0.5,0.75,0,0.5,0,0.5,0.25,0,0.25,0.25,0.25,0.25,0.25,0,0.5,0,0.25,0.5,0.5,0,0.75,0.25,0.5,0.5,1.25,0.25,0.5,0.25,0.5,0.75,0.5,0.25,0,0.25,0.5,0.5,0,0,0.25,0.5,0.25,0.25,1,0.25,0,0.5,0.75,0,0.75,0.25,0.25,0,0,0.5,0.25,1,0.5,0.25,0.5,0.75,0,0.25,0.25,0.25,0,0.75,0.5,0.5,0.5,0,0.25,0.5,0.5,0,0.75,0.75,0.25,1.25,0.25,1,0.75,0.25,0.25,1.5,0.25,0.25,0.25,0.25,0.75,0.5,0.75,1.25,1,0.75,0.5,0.75,0.25,0.5,0.75,0.5,0.75,0.25,1.5,1,0.25,0,1,0.5,0.75,1,1.25,0.75,1.25,1.25,2.25,1,1.25,0.5,0.25,0.75,0.5,1.5,1,1.5,1.25,2,1.5,0.5,0.5,1.25,0.25,1.5,1,1,0.75,2.25,0.25,0.75,1.5,1,1,2,1.25,2,1.5,2,0.5,0.5,1.25,2.5,0.75,1.25,1,2,1.25,1.25,1.25,0.75,1.75,0.75,1.5,1,2.5,1.25,1.5,1.5,1.25,1,1.5,2.5,2.5,2,2,1.25,1.25,2.25,1.25,2,2.25,3.25,1.75,2.75,3.25,1.5,1.75,2.75,2,5,1.25,2.5,1.5,1.75,2.5,2,4,1.25,2.25,3.5,2.5,2,2.75,4.25,2.5,3,5,2.25,3,5.5,2.75,2.25,3.25,3,2,4.5,3.5,4.5,3.75,1.75,4,4,4.5,4,6.25,3,6.5,5,2.75,5.5,4,6,6.5,4.75,3.25,5.5,6.25,3.75,6.25,5.5,2.75,5,4.5,4.25,7.5,7.75,9.5,6.25,5,6.5,8,7,7.75,7.5,6.5,6.75,6.5,6.5,9.5,7.5,9.5,8.25,10.5,8.75,10.25,9.5,8.75,6.75,12.5,16.5,12.5,10,15,13,6.25,13.5,18.25,11.5,19,9.5,14.75,19.75,15.75,11.5,17.75,18.5,18.75,16.25,20,15.75,19.75,29,22,19.75,20.75,14.5,24,16.5,30.25,30.5,25.75,20,28.5,33,38.75,25,30.75,42,21.5,33.5,45.5,34.75,44.25,25.75,47.75,40.75,43.5,27.75,54.25,33.25,50,37,49.25,41.75,56,49.75,56,53.25,53.5,72.25,43.25,73.5,69,53.5,53,67,63.5,59.75,85.25,71,67.75,52.5,67,72.75,76,77,94.5,64,83.25,79.25,80,116.25,74.25,98,120.5,96.75,69.75,127.25,93.25,106.5,81.5,103.25,110.25,136.5,117,93,113.75,111.25,152.5,126.25,89.75,120,150.25,135,92.25,131.25,131.25,135.75,164.25,146.25,98.25,174.25,106.5,176.75,153.75,133.75,112,138,148.5,184.5,117,188,151.25,124.75,157.75,196.75,115.75,158,151,156.75,203.75,159.5,161.25,160.25,169.5,165,127.5,202.5,121,160.5,169.5,176,210.25,116.5,164,209.75,164.75,169,158.25,121.75,161,214,166.25,127,196.25,126.25,162.5,163.75,169,203,158,158.25,147.75,153,112.75,164.75,165.75,195.75,152.25,113.5,176,160.5,123,187,112.25,148.75,151,192.5,113,145.25,183.75,106.25,140.75,152.75,148,176.5,131.75,100.5,130.25,127.75,169.75,99.25,144.75,130.5,133.5,93,156.75,124.75,120.5,121.25,91,150.25,117,122.75,116.5,103.5,107.25,108,101.25,117.5,102.75,79.75,129.5,70.75,118.5,95,109.75,107,97.75,71.75,84.5,90,117.75,64.25,109.25,87.5,84.5,60.5,94.5,84,78.25,79.75,59.5,75.5,98.5,59,79,47,61.5,75.5,47,62.5,72,64,42.5,57.75,53.25,69,44,58.75,49.25,49.75,32.75,51,32.75,53.75,30,46.25,38.75,25.25,53,32,33,19.5,30.75,37.75,29,30.5,17.5,30,21.5,27.5,23.75,20,12.5,18.25,18.5,23.75,19.75,12.75,14.5,17.25,17.75,8.5,16.75,8.25,15,14,8.5,9.75,13,9,6.75,11.25,5.75,10.25,8.5,12.75,8,5.75,7,4.75,6.25,3,7.75,4.75,3,2.5,5.5,3.25,4.25,4.25,1.75,3.5,2.5,3.5,4,2,2.75,2.75,1.25,3,1.25,2.25,2,1.5,80
20,18.5,0,0.25,0,0.25,0.25,0.25,0.5,0.25,0.75,0.5,0,1,0.75,0.5,1,0.75,0.5,0.25,0,0.25,0,0.75,0.5,1.25,0.75,0.25,0.5,0.25,0.5,0.75,0.75,0.25,0.75,0.75,0.25,1.25,0.25,0.5,1.25,0.5,0.25,1.5,0,1.25,0.5,1.25,1.25,0.5,1.25,1.5,1.5,2,1,0.75,0,2.25,1,0.5,0.75,1.25,1.75,0.75,1.25,2.25,1.25,0.75,1.5,1.25,0.75,1.5,1.25,0.75,0.5,0.75,0.25,1.5,1.5,1.5,1.75,1.5,2.25,1.5,0.5,1.5,2.25,1.75,1.5,2.5,3,1.75,3.25,1.5,0.25,1.5,1.75,2,3.5,2.5,1,2,2,3.75,1.5,2.25,1.5,2.5,1.75,3.75,1.25,1.5,2,1.75,3,2,1.25,3.75,1.75,2.75,2.25,1.75,2.75,3.25,3.5,1.25,1.25,4,2.5,2.25,2.5,2.25,3,2,2.75,2.25,2.25,2.75,1.5,2.5,4.25,2.25,3.25,2,4,4.5,2.75,2,2.75,6.75,4.5,4.5,2,5.25,4.75,2.25,6.75,3.5,4.5,2.25,5.75,5.25,4.75,3.75,4.25,3,5.75,5,3.5,4.5,4.75,5.75,6.5,3.25,8.25,4.5,5.75,6.25,5,7.5,3,7.5,7,6.5,5,4.75,9.25,7.5,9,5.75,7.5,8.25,5,8.5,12.25,9.5,8.25,8.25,7.25,7,12.25,8.75,8,11,7.25,13,6,9.5,13,7.5,9.25,9.25,12,12,12,11.75,11.75,12.75,14,9.25,19,10.5,16.5,13.25,11.25,14.25,9.5,17.75,13,14.5,12.25,19.75,15,11,21.75,12,16.75,25,17.75,10.75,15.75,17.5,17.75,21.5,19,18.75,26,15.75,21.5,24.75,23,23,20.25,20.75,20.75,33.25,25.25,23.25,24.5,26.5,25.75,25,24.75,24.75,25.75,29.5,30.75,36.25,29.75,33.75,33,34.75,25.75,28.25,36.75,32.25,39,40.75,36,25.75,37.5,44,27,43,36,42,53.5,47.25,34,40.5,60.25,47,34.75,60.25,38.75,45.5,55.25,47.25,43.75,51,39.5,73,44.75,55.5,63.25,58.5,42,56.25,62.5,76.75,46,60.75,81.25,42.25,68.5,79.5,54.5,89.25,54.75,91.75,76.75,73.25,53.25,95,63.5,109.75,57.75,82,84,79.75,83,83.5,85.75,79.5,102.25,62.5,109.5,93.5,92.75,72,86.75,103.75,97,124.25,100,98.5,79.5,113.75,110.75,106,108.25,140.25,87.25,117.25,114,124.5,146,83.25,115.75,149.25,127.25,91.5,153.25,127,129,102,128.25,130.5,160,127.25,93,128.25,131.25,167.25,140.5,104.25,131,170,138.75,106,128.25,140.25,146,170.5,144.25,105.5,173,99.25,169,137,141.25,111,131.5,136,181.25,103.5,163.25,141.25,110,138,170.25,110.25,137.5,133.25,136.25,176.75,142.75,130.5,137,135.75,139,103.25,168,100,131.5,137.5,137.25,163,94.5,132.5,147.5,135.5,128.25,126.25,90.25,125.75,156.25,119.75,89.75,153.5,87.75,112,116.5,124.25,140,116.25,114.25,117.75,114.5,87.25,115.5,109.75,135.25,107.75,86,135.5,100.25,85.25,128.75,82,104,103.75,127.5,73.75,101.25,127.75,72.75,103.25,102.25,98,110.75,91.25,66,92.75,83,119,64,101.25,80,80.5,72.25,110.75,83,76.5,88.5,61.5,108.25,72.75,85.5,78.25,77.5,69.25,80.25,87.25,75.75,77.5,55.75,97.75,53.25,87.25,74.25,80.75,74.5,75,53.5,68.5,72.25,74.25,42.25,81.5,66.75,64.5,38.75,75,54.5,57.75,61,47.5,58.25,69.5,42.5,70,36.25,51,66,35.25,58.5,61.25,43,34.25,48.75,45.25,59,32.5,58.75,40.25,38.75,33.5,50.25,30,45.75,28.25,44.25,38.5,29.25,44.25,32.75,35.75,23,27.5,32.5,27.25,37.5,21.25,35.25,22.75,26.25,27.75,26.75,18,22,22,27.5,20.5,11.75,18,26.75,19,16.5,18.25,11,20.5,13.25,13.5,12,16.75,15.5,9,15.5,6.5,14,7.75,15.5,8.25,10.5,10.25,7,12.25,5.25,12,6.5,7.25,8.75,5.5,3.5,4.5,8.5,3.75,3.75,1.75,5.25,3.25,2.5,5,3.75,2.5,1.5,3.75,2.75,3.5,3,89
22,12.75,0.75,0.25,0,0.5,0.5,1,0.5,0.25,0.5,0.25,0.25,1.25,0,0,0.5,0.25,0.5,0.5,0,0.75,0.75,0,0.25,0.75,0.25,0.25,0.5,0.25,2.5,0,0,0.75,1.25,0.25,2,0.5,1,1,0.25,1.25,1,1,0.5,0.75,1.25,0,0.25,1,1,1.25,0.75,0.25,0.5,0.75,0.5,1.25,0.5,0.75,0.75,1,2,1,0.5,0.25,1.5,1,0.75,1.25,1,1.25,3,2,1,1.5,1,1.5,0.75,2.5,1.25,0.75,1,1.5,2.75,0.25,1.75,2.25,1.25,2.5,1,1.5,1.75,1.25,2.5,3.25,1.25,1.5,2.25,2.5,1.5,1,2,2.75,2.5,2,1.25,1.75,1,1.75,1.25,1.75,1.5,2.75,3,2,3,2.5,1.25,3.25,3.5,2,4,3.75,3,1.75,2.25,2.75,1.5,4.25,4.5,2.75,3.75,3.5,2,2,6.5,3.75,1.75,2.25,2.75,3,3.75,1.75,5.25,4.75,5.25,3,4,7.5,2.5,5,2.25,5.5,4,3.25,4.5,4,5.25,4.75,6.75,5.5,2.75,6,6.75,2.5,5.25,8.5,5.25,6,6,7.75,5,4.75,8,6,5.25,7.5,6.25,7.75,5,5.75,11.25,7.25,6.25,7.75,11.75,8.25,8.75,9,9.75,7.25,8.25,11.75,9.75,7.75,10.5,9.5,6.5,8.75,13,10.25,6.25,13,8.5,13.25,7.5,10.75,18.5,8.5,14.5,12.25,12,10,19.5,12.25,16.25,15,16,12.5,21.25,12.25,23.5,14.25,16.25,21.5,15.75,24.5,14.5,24.5,15.75,25.25,20.75,18.5,28.5,15.5,23.5,31.5,28,16.25,24.5,25.25,29.75,29.25,26.5,30,30.75,22.25,31.5,38.25,31.25,30.75,36.75,26,34.75,44.75,38.25,41.25,38.25,43.75,38.25,39,30.5,41.75,48,47.25,46,61,53.5,53.5,55.5,45,32.5,59.5,77.75,58.75,65,62.5,60.25,44.75,62,70.75,57.25,82,50.75,71.75,93,66,57.25,78.5,93.5,90.75,63.25,102.5,59.25,87.5,105.25,90.75,95,98.5,68.5,120.75,69.25,97.5,132.75,109,80.75,111.75,105.5,145.25,93.5,103.75,135.25,91.25,117,155.25,96.5,155.75,100,153,127,134.5,105,168.5,95.75,177.25,107.25,143.5,151.5,139.75,143,144,146.25,143.75,196,122.25,200.75,166.75,160.5,124.75,172.25,161.25,159,186,164.5,167.25,125.5,167.75,168,172.25,171.25,215.5,132.25,179.75,175.5,162.75,207,139.25,159,215.25,173.5,123,214.25,169.75,181.5,124,178,159.5,204.75,169,121.75,163,167.5,201.25,155,131.75,156.25,210.25,162,121.5,168.75,161.25,146,191.75,151.25,116.5,194.25,103.75,170,143.25,142.75,107.25,138.25,129,161,101.75,161.25,124.5,93.25,126.25,160.25,90.5,114.5,123.5,127.25,157.75,123.25,111.5,110.75,115,119,86,143,77.75,117.25,103,113,137.25,80.25,112.75,131.25,100.75,106.75,100.75,76,93.5,121,99.5,79,114.5,70.25,83.75,85.25,83.25,110.25,94.5,87.5,83,77.5,66.5,80.75,97,99.5,77.75,61.5,95.5,80,56.25,97,58,82,70.5,98.75,59.25,74.5,98.25,53.75,68.25,72,75.25,81.25,68.25,50.5,65,70,87.25,52,79.25,65.5,66.5,47.5,70.25,66,60.5,67.25,48,67.75,59.25,59.25,58,57.25,56.5,55.25,55.25,55,52.75,43.75,68,33.75,68.25,51.5,50.75,49.75,53.25,40,49,47,55,34.75,57,44.5,51.25,31.5,51.25,51.25,39.75,43.5,27,40.5,44,35.25,46,30.25,35.25,44.75,29,35.5,47.75,35.25,23.25,32.25,33.5,44,22.25,40,25.75,30.25,25,34.25,18.75,43.5,19.75,34.25,25.75,17.5,32,23.25,22.25,19.5,28.25,24.25,23.25,22.25,17.75,24.5,19.75,17.5,20.5,21.5,13.75,18.75,16.5,21.5,15,12.75,16.5,16.5,16.5,10.5,15.25,11,13.75,13.5,7.5,10,12.75,13,10.75,14.5,8.25,11.5,9.25,7.25,6.75,8.75,11,5,10.25,7.5,5.25,5.25,7.5,8,6,4.25,4.5,5.25,3,3.75,3,3,3.75,2,6.5,2.75,1.5,3,1,2.25,3,1.75,78.25
0,12,0.5,0.25,0,0.5,0.25,0.25,0.75,0.5,1,0.5,0.25,1.25,0.25,0.5,0.5,2,0,0.75,0.5,0,0.5,0.25,1,1,0.25,0.5,0.25,0.5,0.5,1.25,0.5,0.75,0.5,0.5,0.5,0.75,0.75,0.75,0.25,0.25,0.5,1,0.25,0.5,0.5,0.5,0.5,0.5,0.75,0.25,0.75,1,0.5,1.25,0,1,1,1,0.75,1.75,0.75,0.25,1.75,1.25,1,0.5,1.25,1,2,1.75,2,1,0.75,0.5,1.25,1.5,1,1.5,1.25,1,3,1,1.75,2,1.5,1,0.75,2,0.25,1,3.25,2,1.5,1.25,1.75,2,3.25,2.25,0.75,1.25,1,1.75,1.75,1.75,2.25,2.5,1,3,2,1.5,1.25,2.5,2.5,2.25,3,5.25,3.5,1.5,4.25,2.25,4,1.75,2,2.75,3.5,2,3.5,3,5.75,3.25,3.25,4,4.75,3.25,6.5,3.5,3.5,3,5.25,5,5,2,5.5,4.5,6.25,4.5,6,7.25,4.5,5.5,4.25,8,4.5,4.75,7,3.25,9,3.5,6.5,9,8.25,6,8.5,8,6.25,11.25,9,9.75,10.25,12.75,9.25,5,15,11.75,4.75,7,12.25,16,12,11.5,16,16,15,7.75,17.5,14,17.25,13.75,16.75,15.25,11,17.5,20,14.75,17,20.75,16.75,22.75,29.5,22.75,15.25,34,17.5,31,21.25,26,35.25,20.25,26.25,26.25,32.25,32.5,36.25,30.5,36,32.75,36,29.75,50,28.5,52.25,42.25,34.25,55,33.25,59.5,49.75,44.5,40,58,47.25,42.5,61.5,42,56.75,74.75,61.75,48.25,56.75,66.75,69,86.75,72.75,74,73,59,84.5,91.25,80.5,83,81.25,59.75,79.5,108.75,88,79.25,96.25,95.75,93.25,97,72.5,101.25,102.25,106.5,104.5,129.25,111.25,120.25,108.5,120.5,87.75,121,152,119.75,128.75,121,133,100,139.5,171.25,105.25,172.75,102.75,147.25,189.5,149.75,107.75,138.75,195.75,148.75,120.5,210.5,110.75,154.5,200.75,168.5,155.75,164.5,117.25,214.75,122.75,171.25,224.25,164.75,141.75,160.75,190.25,232.75,135.5,189,228.25,147.25,196.75,232.5,139,241.25,145.5,244.5,197.75,200,152,242.25,150,254.5,155,188.25,203.5,202.5,212,200.25,192.25,207.25,254.75,150.25,254.75,201.25,199.5,148,192,195.25,201.75,243.5,200.5,200.25,147.75,199.75,201,200,206,235.25,144.25,190.25,184.25,189.75,228.25,139.5,185,224.25,197.25,129,215.5,178.25,166,126,164.75,173.75,190,156,113.75,159.5,149.25,192,150.25,103,146.5,174,140.5,103,137.75,130,128.25,160,129,91.25,156.25,93,158.5,119.25,117.75,88,113.75,108,132.75,74.25,138,95.5,77.5,94.5,110,66.75,89,95.5,85.25,110.25,85.5,89.25,84.5,80.25,69.5,57,91,61.25,75,72.75,70,86,57.25,67.25,81.25,66.25,56.75,62.75,47,58,73,53.25,45.75,63,41.5,52,58.75,63,67.5,47.25,51,45,45.25,34.75,44.5,51.75,63.25,45.25,33.5,55.75,42.25,27.75,46.75,30.75,41.5,43.25,62.5,29,41,48,28.25,36.5,34.5,37,50,41,32,42,38.25,48,26,43.25,28.25,31.75,25.5,38.75,31,30.5,25.25,21.5,41.25,27.25,32.25,30.5,31,30.5,30.25,25,26,32.75,22.25,31.5,18.25,32.75,25,25.75,22.75,24.25,20.25,23.5,23,31,15.5,30.75,22,24.75,13.5,29.75,20.5,23.5,21.75,14,17.25,22.5,16,27,13,20.75,20.75,11.75,17,26.25,20,15.75,15.5,19,21,12.25,20,10.75,14.5,10.25,19,8.5,14,7.5,16.5,12.5,7.5,11.75,12.5,12.5,9.5,10.25,13.75,11.25,12,8.75,14.5,8.75,9.75,7.25,8,5.75,7.5,7,10,5.25,4.5,7.25,8.5,5,7,7.75,4.75,6.5,6,4.5,3.5,6.75,5.75,3,5.5,4.75,6.25,2,2.5,5,5,4,2.25,5.5,3.5,2,1.25,3.25,4.75,2.75,2,3,2.75,2.5,0.75,2.25,1.25,1.5,1,1,1.75,1.75,2,0.75,1.5,0.5,0.25,56.75
2,13,0.75,0.75,0.5,0.25,0.5,0,0.25,0,0.25,0,0.25,0.75,0.75,0,0.5,0.5,0.5,0.25,0.25,0.5,0.25,0.25,0.5,0.75,0.25,0.25,0,0.75,0.75,1.25,0.5,0.5,1,1,0.5,0.25,0,1,0.5,1.25,1,0.5,1,1,0.5,1.25,1.25,0.75,0.5,0.5,0.5,0.75,0.25,0.75,0.75,1,0.75,1,0.25,1.25,0.5,1.5,1.25,0.5,0.75,1.25,0.75,0.5,1,0.75,1,1.75,1.5,1.25,0.75,1.25,1.25,1.25,1,1.25,2.25,0.75,2.25,1,1.75,1.5,2.75,1.75,1.25,2,4.25,1.5,3,2.25,2.25,1.75,2.5,1.75,0.75,1.5,2.25,3.25,1.5,2.75,3,5,2.75,4.5,3.5,3,2.25,4,3.75,4,3.25,8.25,4.25,4.75,4.75,3.75,5.25,5.25,4.5,5,6.5,4.5,3.75,4.5,6.5,4.5,7.5,10.25,4,6.75,9,7,5.5,7.25,10,5.75,12.25,7,10.75,9.5,7.5,6.5,9.5,14.5,10.25,10.75,8.25,15,10.25,6,18,8.75,13.5,10.25,12.75,13.75,19.25,13,18.75,16,16.75,22.25,10.75,16.75,17.25,25.5,19.5,19.75,29,24,15.5,25.75,22.75,30,21,28.25,38.25,25.75,30,24,44.25,32,36.5,32,35,38.25,27.75,41,48.5,30.75,40.25,43.75,45,44.5,53.25,38.25,42.5,64.5,40.75,62.5,40,63,79.25,50.25,61.5,66.75,59.75,71.5,77.25,70.5,76.25,70,79.75,60.25,103.5,61.25,103,83,60.5,107.5,72,112.75,90.25,99,66,116.75,96.5,77.5,136.25,81.75,98,141.75,113.5,88.5,119,135,122.75,166.75,133.75,128.5,130,98.5,134.25,164,130,128,138,106,151.75,191.25,156.25,151,163.25,151,161.75,159.25,111.75,162,167,172.75,177,229.25,172.75,180.5,182,183,142.75,179.25,231.5,189,201.5,193,198.25,145.5,195.75,240,149.5,255.5,155.5,196,246.75,205.5,169,222.75,268,225.75,161,288.25,158,217.75,278.5,229.5,215,236.75,168.75,275.75,182.25,232.25,280.25,225.25,169,235.5,238,298.75,186.75,247.5,302,180.25,226.25,293,168.5,310,177,306,224.5,237,181.25,299.75,180.25,299.25,175.5,238.75,238.75,248,231.75,232.5,226,243.5,285,183.75,278.75,240.25,227,164.25,233.75,247.75,218.25,270.25,228.75,226.75,159.5,220,211.75,205.25,220.75,247,143.5,217.25,199.5,209.25,234.5,151.25,205.5,225.5,182.25,125.25,241.75,170,173,134.75,175,165.25,194,162.5,124.5,152.25,157.25,191.5,146.5,106.25,137.5,170.75,139.25,98.75,126,130,127.75,158.25,116,86.5,139.25,84.5,127.25,94.75,100.75,82,98.5,94.75,117.25,67.5,108.75,79,58.75,75.5,101,59.25,78.25,66.25,72.75,83.75,64,59.75,57.75,59.75,57.5,36.75,73.5,43.75,49.75,50.5,51.5,58,32.25,43.25,52.25,39.75,40.25,41.5,29.75,37.5,49.75,39.25,22,40,27.75,31.5,38.25,29.5,41.25,28.5,26.75,34,29.5,17.25,27.5,27.75,30.5,29.75,21.25,37,25.5,17,31.25,16.75,21.5,23.25,26.5,14.25,25.25,28.5,13,22.5,18.25,18.25,23.5,18.75,13.75,15.75,21,24.75,13.5,23.25,15,12.25,14,21,16,12,17,8,23.5,12.25,17.25,15,15.25,12.75,17.75,10.5,8.5,13.25,8.75,15,9,19,13.25,15.5,12.5,12.25,7.25,12.75,11.75,13.5,10.5,15.5,10,9.75,8.75,14.5,11.5,8.5,9,6.75,8.25,12,7.25,10,4.5,9.5,9.75,4.5,5,8.75,6.25,4.75,7.75,7.5,9.25,6.5,8.75,5.25,3.75,4.25,7.75,3.75,6.75,3.5,6.25,5.5,5.25,6.75,3.5,6,2,5.25,3.5,3.25,9.25,4.25,7,4.25,3.5,2.75,2.75,1,3.5,2,4.5,2.75,1.75,4.25,4,3,2,5,1.75,3.75,2,1.25,1.5,3,2.5,1.5,2,1.25,2.25,1.25,2.25,0.75,1.5,3.5,1.25,1,1.75,2,0.5,1.75,2.75,1.5,0.25,2.25,0.5,0.5,1.75,1,2,1.5,0.5,1.25,1,0.25,1.25,0.5,1.75,0.25,0.5,36
4,16.75,0.5,0,0,0.75,0.75,0.5,0.5,0.5,0.5,0,0.25,0.75,0.75,0.25,0.25,1,1.5,0.75,0.25,0,1,0.5,1.25,1,1,0.75,1,1.5,1,0.75,0.75,0.75,1.75,2.5,1,1.25,0.5,2,2,2.5,1.75,1.5,0.75,2.75,0.75,1.5,2.75,2,2.75,1.75,0.5,2.25,0.75,2.5,3.25,1.75,2.25,2.5,1.25,1.25,1.5,1.75,3.25,3.5,2.25,2.75,3.5,2.5,2,2,3.75,2.25,4,3.5,2.5,0.5,2.75,3.75,4.25,3.25,4,2.25,3.25,3.25,5,3.5,4.5,5.5,3.75,1,3.5,2,5.5,3.25,4.5,5.25,6.5,4.5,2.5,5.75,8,8,4.25,7,3,8.5,3.5,9,8,7.75,5.25,7.25,6,8.25,9.5,9.75,6,7.5,6.5,7,10.25,9.5,8,5,7.25,12,13.5,11,17.25,8,14,10.25,14.25,7.5,18,12.25,11.5,14.75,21.25,11.5,19.5,15.75,24,14,16.25,14.75,21.5,29,27.75,24.75,16.25,35.25,25.5,19,32.25,23.75,37.5,21,32,40.75,33.25,26.5,38.25,29.25,35.25,45.75,28.25,34.25,37.5,49.75,40.5,33.25,53,48.75,34.25,47,47,68,39.5,57.75,73.25,60,59,43,73.5,59,63,66.25,69.5,76,47.75,70.25,90.75,56.75,77.5,81,75.25,74,102.25,85,68.75,120.5,65.25,113,69.25,103.75,120.25,74.75,109,103.5,105.25,114.25,137,116.75,110,116,116.25,99.25,158,95.5,159.75,123.25,99,164.75,98.25,167.75,147.5,148.25,113,173.5,152.25,107.5,183,114.5,150,188.75,157.5,123,149.5,164.75,161.5,198.5,169,164.25,173.25,130,171,234.75,175,188,189,147,193.75,235.25,195.5,183.75,192.5,191.75,197.75,219.75,160.5,209,209,214.5,207.5,261,211.75,205,214.5,213,175,226.5,287,226.5,235,227,228.75,176,232.5,288.25,180.75,287.5,178.5,234.25,308.75,229.75,191,245.25,324.25,234.5,169.5,312,182.25,252.75,319.5,245.75,266,256,185.75,307.25,206,264,316.5,243,194.25,261.25,258,329.75,187,252.75,313.5,189.25,251.25,328.25,197.75,320.5,186.5,312,252.5,252,190.25,324.5,178.5,308.75,181.25,237.5,235.75,248.5,246.25,241.5,239.75,257,309.5,183.25,298,232.75,240.5,177.25,240,228,226.5,273.75,214.75,217.5,153.25,203.25,238.25,217.25,205.25,255.5,153.5,194.5,184.25,186.75,234.5,129,186.5,227.25,175,133,213.25,167,166.25,118.5,159.25,148.75,181.75,145.5,107.5,151,147,174,128.75,92,123.5,160.25,110.75,87.25,107.25,112.75,98,132.75,99.75,74.75,123.75,67.5,111.25,90,78.75,57,82.75,79.75,84.75,58.5,86.75,64,51,61.5,68.5,46,60.75,58,52,67,48.5,44.25,49.5,35.5,46,29.5,52.75,31.5,32,34.25,36.5,34.75,24.5,29.5,32.5,26,28.5,28.25,20.75,24.25,29.75,25.75,18,27.75,15.25,22,20,19.25,20,19,18.75,17,16.75,13.75,15.75,13.5,16.5,17.75,10.5,19.5,17,10,20.25,10.25,13.5,12,18.5,7.5,12.5,12.75,10.25,11,9.5,13.75,13.5,10.25,9.75,7.75,6.75,14,8,12.25,9.5,8,8.5,13.25,9.75,7,9.25,9,10.75,9,8.25,8.25,8.75,8.5,9.5,6,7.5,7,6.25,9,3.75,11,6.25,7,6.75,6.75,4.5,7.75,5,8.5,1.5,6.75,5.5,5.5,4.5,5.25,5,5.25,4.75,2.25,3.25,6,2.5,5.75,3.5,4.5,6.25,3.5,6.25,5,4.75,4,4.5,3,4.5,3.75,3.75,4,1.25,3.25,4,1.25,4.75,3.25,5.5,2.25,2.5,4,3.5,2.75,1.75,3,2.5,4,3.25,0.75,2.25,2.25,2.5,1.5,2,2.25,1.75,1.5,3.75,2,1,1,2,2.25,0.25,1.25,1,1.75,1.5,0.5,0.75,0.5,0.25,1,2,0.75,2,0,2.5,0.5,1,2,0.75,1.25,1.5,0.25,0.5,1.25,1.25,0.75,0.25,1,0.75,0.25,0.25,0.75,1,0.25,0.5,1,0.25,0.25,1.5,0.5,0.75,0.5,0.25,37
6,17.25,0.5,0.25,0.75,0.25,0.5,0.5,0.25,0.25,1.25,1.25,0.25,1.5,1.25,0.25,0,0.5,1.75,1.5,0.5,1.25,1.75,1,1,1.5,1.25,0.5,1.25,1,0.5,2,0.75,1.5,1.5,1,0.75,1.25,1.25,1.25,1,3.5,2.75,2.5,1.75,2,2,1,2,2.5,3,1.25,1,2.75,3,1.5,1.5,2.75,3.5,2.5,1.5,2.75,3.25,2,2.75,2.75,2,4,5,1.5,2.25,3.5,2.5,5,2,6.25,1.75,4.25,2.75,5.5,5,4.5,5.75,1.5,3.5,4,6.75,6,4,6,4.5,3,4.75,7.5,3,6.75,7.25,6.5,9,3.75,6.75,9,9.25,9,7.25,11.25,7.25,11.5,8.25,14,9.75,10.25,7.5,10.25,8.75,12.75,12.75,15,17.5,16.25,13.25,9,13.75,19,15.25,13.25,17.25,15.5,19,18.25,23.25,10.5,21.75,19.5,16.75,17,31.25,24,18.75,25.75,30.5,20.25,29.75,21,34.75,25.75,29.5,23,35.5,40.25,32.25,36.5,25.75,43,37.25,32.75,45,31.5,52.25,33,42.25,61,48.5,50,45,30.5,47.25,65.75,34.5,56,57.75,73.25,59.25,47.75,72.5,62,49.75,62,72,84,55.5,77.25,91,76.25,82,55,96.5,85,78.5,89.75,82.75,86.5,70.5,98.25,107.5,71,95.25,102.75,106.25,103.75,130.75,102.75,83.5,148.75,80.5,145.5,83,121.25,159.25,94.75,115.75,122.75,125.25,131.25,169,134.75,138.25,138,147.75,119,187.75,113,186,150.75,113.25,205,116.5,209.25,168.75,181.5,129,219.75,173,140,213.75,141,171,227.25,189.25,154.5,190.25,191.75,195.5,251.75,197.5,192.75,200.25,150.25,206.75,263,208,212,204.5,157,226.25,268,206.5,225.5,210.25,230,224.75,226.5,190.5,226.75,223.25,239,238.5,298,240.25,240.25,236.25,244.25,187.75,248.25,303,238.5,253.5,247.75,256.75,199,247.25,306,183,309.25,182.25,249.25,320.5,250.75,201.75,277.75,327.25,279,209.75,318,199.25,262,344.5,262.5,255.75,263.5,198.5,324.25,201.25,255.5,334.25,263.25,193.25,265,267.75,343.25,196.75,256,347.25,203,260,325.5,192.25,314.5,189.75,324.25,261.25,247,205.75,328,193.75,302.5,193.25,257.5,238.75,264.25,243,238.75,236.25,238,300.5,167.5,289.75,233.5,220,164.75,221.25,235,227.25,277,212.5,218,157.25,191,212.5,197.25,206,245.25,144.75,176,188.75,172.25,222.25,131,174.5,200.25,163.5,126.25,210.5,145.75,140.75,114.25,141,147,178.5,136.5,96.25,113,117,133.75,112,90,106.75,119,110.75,65.5,95,91.25,89,100.5,82.5,59.75,95.25,54,98,67.75,64.25,47.5,63.5,58.75,77,44.5,79,60.75,39.75,52.25,61.75,34,42.75,38,37.25,42.75,35,39.25,37.25,33.5,28.25,22.5,40.25,21.5,26.5,20.5,28.25,31.25,17.25,22.5,25.5,22.75,20.25,18,13,18.25,24.5,15.25,15,24,10,14.75,11.75,14.25,15.75,12.25,11.75,12.25,12,7.25,12.75,10.5,13.25,12.25,9.75,10,7.5,5.5,11.5,8.25,11,8,10.75,5.75,6.75,10.75,4.75,6.5,7.75,10.25,9.25,8.5,5.75,8.5,7.75,8.5,4.25,10.75,7.25,6.25,3.5,7.5,7.25,3.75,5.25,4.5,7.25,4.5,4.75,6.5,7,3.75,5.25,4.25,5.75,5.75,3,6.5,2.75,7,3.5,3.25,4,7.25,4.25,7.5,3.25,6.75,3.25,4.5,5.5,3.5,3.5,4.5,5.25,3.5,5,2.25,4,5.25,2.5,5.5,2.75,4.25,3,2.75,5.25,3,4.75,1.75,5,2.75,4.25,2.25,3.5,3.25,3.25,2.5,3.5,3.25,2.25,3,3,2,1.5,1.75,1.5,2,1,1.25,1.25,1.75,2.25,0.5,2.5,1,0.75,0.75,1.5,0.5,1,2.5,2.25,0.75,0.5,1.25,1.5,2,0.25,0.75,0.75,0.75,1.25,0.5,1,1.5,1.25,0,1.25,0.5,0.5,0.75,0.25,0.25,1,0.5,1,0.75,0.5,0.75,2,0.5,0.75,0.25,0.5,0.75,1.5,0.25,0.75,0.5,0.75,0,0.5,0.5,1,0.25,0,0.25,0.5,0.25,0.5,35.75
8,15,0.25,0.75,0.25,0.5,0,1.5,0.75,0.75,0.25,0.75,1.75,1,0.25,0.5,1,0.75,1,1.75,0.5,1.75,1,0.75,1.25,0.5,1.25,1,0,0.25,0.75,0.75,1,1,1.25,0.75,1.25,1.5,1.5,2.75,2.25,0.75,1,1.25,1.75,1.5,0.5,0.75,0.75,1.25,2.25,1.5,1.25,2,0.5,2.5,0.75,2.25,2,2,3.25,2.25,3.5,0.5,2.25,2.75,3.5,2.5,4,1.75,2.5,3.75,3,3.5,3.5,3.25,2.75,4.25,2.5,3.5,4.5,2.5,6.5,2.5,5.25,5,3.75,4.75,5.25,5.25,4.25,4.5,8.5,6.5,2.5,3.75,5,4.25,6.75,7.5,6.75,5.75,7,8.75,3.5,12.75,5,11.5,6.25,13.25,7.75,8.5,7.25,8,10,12,8.25,11.75,11,12,12.25,10.25,9,13.75,12.25,11,10.75,16,16.25,14,19,10.5,17.75,15,15.5,12.75,24.5,21.5,14.25,21,28.75,15.5,30.25,14.75,27.75,23.25,25.5,22.25,28,34,25.75,32,28,40,29.75,23,41.25,25.5,47.75,28.25,39.75,45.75,38.5,41.5,42.5,38.25,41,60.25,36.75,45.25,48.75,61.25,53,40.75,64,57.25,42.25,63.5,53.5,78.25,52.75,65,77.75,75.5,67,51.25,94.25,84.5,76.5,78,87.75,80.25,58.5,84.5,112,69.5,99,94.5,110,99.5,121.75,97.25,75.25,129.5,78,144.75,78.25,116.75,145.75,97.5,116.25,121.5,130.75,129,163.5,131,133,137.75,140.5,104.75,177.25,118,193.5,143.5,113.5,186.75,116.5,199,148.75,166.25,119.75,199,176.5,127.5,218,132.25,179,224.25,189.75,147.5,184,192.5,184,238.75,197.5,200,198.25,153.75,194,261,206.25,201.75,205.75,161.25,212.5,277.5,209.25,228.75,210.25,216.75,230,227.25,179.25,220.75,236,232.25,236,303.25,227.75,236.5,242,244,185.5,237.25,300,235,261.5,257.75,256.25,191.5,260,321.75,194.5,326,199.25,260,325.75,246.75,200.75,266,346.5,261.75,199.75,337.5,200.5,272.25,333.75,263.25,274,268,204.25,335.25,195.75,260.25,333.75,270,206,276.5,284.25,342,207.75,262.75,332.25,208.75,277.25,324.5,209.25,336.5,188.75,352.25,273.75,260,214.5,345,211.25,339.75,201,273.5,273.75,275.75,265.25,260.5,260,261.5,314.75,189.75,313,240.25,250.75,179.75,246,251.25,232.75,319,227.5,227.25,167.25,232.25,229.25,226.75,222,272.5,164.5,213.75,217,219.5,244.5,152.25,207.5,245.25,191.75,144.75,238.25,199.5,192.75,140.75,183.75,191.5,214,165.75,120,160.25,150.5,199.25,152,94.5,140,169,137.75,100.25,122.75,122.25,115.75,146.25,105.75,81.75,135,76.5,120.5,91.75,91,70.75,96.75,86.25,98.75,62.25,93.5,82.75,48.25,70.75,83.5,45.25,53.75,56,58,67,43.5,48.5,50,48,46.75,28.5,57.25,30,41.75,37,34.75,44.25,23.5,30.75,35,24.25,27.25,23.75,15.75,18,24.75,20.5,14,19.5,12,18.25,17.5,14,18.75,11.25,12,10.5,13.25,12.5,11.75,10,9,8.25,8.5,14.25,10.5,5.75,9.25,5.75,7.75,9,9,5.25,6.75,7.5,5,7.5,6.25,5.5,6.5,6,4,5.75,6.25,7,4.75,7.75,5.75,4.5,3.25,6.25,3.5,4.5,3,2.75,7.25,5.5,3.25,4.25,2.75,4.25,3,3.75,4,4.75,3,4,1.75,3.25,3.5,4,3.75,4.25,1.25,3.75,4,5.5,2.25,3.75,4.75,2.75,3,5.25,5.25,4.25,2.5,1.75,3.75,3.75,0.5,3,1.25,3.75,3.75,4,2,4.25,2.75,3.25,4.25,1.5,3.5,1.75,3,3.5,2.5,1.25,3.5,0.75,2.5,1.75,2.5,2,3,2,1.25,2.75,1,1.5,1.75,1,1.5,0.75,0.75,1,1,2,1,1,1.75,1,2,1,1.5,0.75,0.75,0.75,0.75,1,0,1.25,1,0.5,0.5,0.75,0.75,0,1.25,1,0.5,0.25,0.5,0.25,1,2,0.5,0.75,0.25,0.75,0.5,0.25,0.75,1,0.75,0.25,0.5,0.5,0.25,0.25,0.5,1,0.5,0.25,0.5,0.5,1,0,0.5,0.5,0.25,34.75