NaN,5.359,5.469,5.587,5.71,5.833,5.969,6.096,6.233,6.373,6.513,6.654,6.794,6.948,7.093,7.246,7.404,7.576,7.738,7.909,8.085,8.26,8.436,8.625,8.818,9.011,9.204,9.397,9.603,9.814,10.038,10.253,10.477,10.705,10.946,11.179,11.42,11.679,11.93,12.189,12.465,12.733,13.009,13.29,13.584,13.883,14.194,14.497,14.822,15.142,15.472,15.805,16.152,16.516,16.872,17.236,17.631,17.995,18.347,18.829,19.224,19.707,20.102,20.453,20.936,21.463,21.858,22.341,22.867,23.394,23.921,24.447,24.974,25.501,26.027,26.554,27.212,27.783,28.441,29.012,29.67,30.241,30.899,31.602,32.304,33.006,33.708,34.542,35.289,35.991,36.825,37.571,38.405,39.283,40.16,41.038,41.916,42.794,43.803,44.725,45.734,46.788,47.71,48.719,49.773,50.957,52.055,53.24,54.337,55.522,56.751,57.98,59.209,60.57,61.843,63.203,64.608,66.012,67.548,68.997,70.533,71.982,73.518,75.229,76.853,78.565,80.321,82.076,83.832,85.588,87.475,89.406,91.337,93.4,95.507,97.614,99.721,101.828,104.066,106.348,108.762,111.089,113.502,115.96,118.55,121.183,123.817,126.45,129.215,132.025,134.965,137.95,140.934,144.051,147.211,150.503,153.707,157.13,160.51,163.977,167.62,171.307,174.731,178.198,183.024,186.977,190.488,195.314,199.267,204.092,208.045,212.871,218.138,222.091,226.917,232.184,237.451,242.718,247.985,253.252,258.519,263.786,270.368,276.076,281.343,287.925,294.947,300.656,307.237,314.26,321.283,328.306,335.328,342.351,349.374,357.711,365.175,373.512,382.291
8,0,0,0,1250,0,0,2500,2500,1250,1250,3750,2500,7500,3750,6250,11250,18750,15000,21250,25000,33750,26250,38750,45000,40000,33750,43750,65000,63750,52500,57500,71250,91250,91250,106250,95000,127500,113750,113750,153750,157500,205000,172500,225000,198750,211250,225000,320000,267500,322500,382500,353750,433750,381250,462500,457500,557500,570000,602500,583750,647500,658750,696250,732500,758750,773750,767500,826250,866250,881250,865000,987500,975000,1050000,1030000,1065000,1078750,1043750,1098750,1087500,1106250,1153750,1120000,1150000,1123750,1197500,1152500,1236250,1177500,1112500,1223750,1238750,1148750,1232500,1096250,1106250,1042500,1037500,1003750,1025000,1023750,983750,971250,903750,901250,770000,767500,741250,767500,677500,610000,557500,547500,476250,412500,375000,371250,308750,317500,260000,231250,200000,177500,137500,141250,113750,80000,88750,100000,81250,38750,46250,36250,25000,40000,27500,32500,17500,16250,12500,16250,17500,13750,13750,16250,16250,20000,21250,15000,10000,15000,11250,5000,10000,10000,16250,5000,6250,7500,3750,3750,2500,6250,7500,3750,6250,2500,5000,5000,2500,2500,2500,0,1250,1250,1250,2500,1250,1250,0,1250,1250,1250,2500,2500,6250,5000,2500,3750,3750,0,3750,0,1250,0,0,0,0
10,0,0,0,0,0,1250,1250,3750,3750,0,2500,3750,2500,7500,1250,5000,6250,11250,11250,7500,6250,10000,15000,27500,15000,28750,22500,25000,17500,37500,37500,37500,38750,60000,43750,71250,65000,56250,78750,95000,87500,100000,113750,115000,132500,148750,145000,188750,186250,187500,255000,236250,267500,298750,267500,356250,327500,428750,422500,436250,451250,460000,483750,522500,590000,615000,647500,636250,671250,790000,717500,827500,796250,843750,885000,885000,935000,942500,961250,922500,966250,1110000,1006250,1118750,1137500,1161250,1116250,1143750,1220000,1235000,1138750,1196250,1137500,1212500,1246250,1215000,1293750,1176250,1203750,1153750,1143750,1138750,1137500,1166250,1156250,1058750,1165000,1081250,983750,978750,958750,975000,838750,938750,802500,740000,747500,708750,563750,608750,540000,448750,411250,383750,373750,331250,273750,277500,217500,183750,160000,167500,118750,96250,107500,57500,72500,56250,46250,45000,45000,32500,38750,12500,22500,15000,21250,21250,12500,18750,15000,18750,10000,18750,8750,17500,2500,5000,8750,7500,5000,7500,6250,7500,3750,5000,3750,2500,1250,2500,2500,0,2500,5000,2500,2500,3750,2500,2500,5000,1250,1250,3750,3750,2500,7500,2500,5000,7500,6250,1250,0,1250,1250,0,0,0,0
12,0,0,0,0,0,0,0,0,0,0,1250,2500,0,0,3750,2500,2500,2500,1250,10000,7500,6250,15000,7500,11250,15000,8750,8750,12500,17500,28750,20000,21250,22500,17500,31250,36250,28750,36250,31250,41250,43750,32500,53750,50000,66250,60000,80000,62500,82500,83750,93750,117500,110000,143750,141250,166250,180000,195000,216250,268750,233750,236250,305000,322500,347500,375000,395000,376250,468750,431250,506250,533750,586250,626250,617500,611250,618750,747500,762500,793750,831250,815000,823750,798750,880000,861250,978750,950000,1087500,1016250,1013750,1112500,1047500,1106250,1113750,1155000,1047500,1175000,1113750,1217500,1198750,1151250,1180000,1137500,1160000,1136250,1176250,1220000,1010000,1168750,1147500,1112500,1110000,1085000,1083750,1067500,1068750,1027500,980000,908750,891250,898750,876250,752500,707500,743750,662500,617500,613750,491250,488750,407500,408750,393750,358750,325000,261250,213750,197500,166250,158750,141250,103750,87500,93750,90000,58750,61250,48750,30000,36250,23750,27500,32500,17500,13750,7500,12500,8750,10000,16250,5000,5000,8750,6250,2500,5000,7500,5000,5000,1250,2500,5000,3750,2500,2500,0,1250,3750,1250,1250,2500,1250,1250,3750,1250,1250,7500,6250,3750,1250,0,0,0,0,0,0
14,0,0,0,0,0,1000,0,0,1000,0,1000,0,2000,0,2000,1000,0,3000,0,3000,3000,2000,3000,5000,8000,4000,5000,9000,6000,7000,3000,7000,10000,12000,12000,8000,13000,7000,11000,16000,10000,15000,17000,22000,18000,27000,24000,28000,38000,30000,36000,38000,39000,35000,53000,49000,48000,53000,55000,72000,86000,102000,94000,107000,110000,127000,159000,151000,163000,191000,193000,197000,209000,247000,256000,305000,302000,298000,375000,408000,389000,401000,512000,521000,490000,535000,553000,569000,588000,693000,662000,671000,749000,784000,809000,808000,872000,830000,872000,863000,936000,952000,923000,956000,979000,990000,1019000,1022000,1051000,1074000,979000,1056000,1069000,1052000,1055000,1036000,1080000,1061000,1053000,1050000,1023000,1027000,1013000,1065000,986000,994000,1022000,928000,966000,936000,880000,891000,827000,808000,739000,700000,682000,638000,609000,536000,567000,505000,463000,405000,370000,318000,277000,276000,254000,202000,162000,136000,130000,113000,91000,85000,74000,56000,47000,37000,30000,40000,33000,19000,25000,20000,9000,15000,15000,9000,6000,9000,10000,5000,5000,13000,7000,3000,6000,1000,0,3000,4000,4000,3000,5000,6000,3000,5000,4000,3000,3000,0,0,0,0,0,0
16,0,0,0,0,0,0,0,0,1250,0,0,1250,0,1250,0,1250,1250,2500,2500,0,3750,0,6250,3750,6250,5000,2500,2500,3750,7500,3750,5000,10000,5000,8750,6250,5000,11250,17500,8750,3750,6250,13750,16250,13750,15000,15000,27500,15000,16250,23750,18750,26250,21250,21250,23750,23750,35000,31250,42500,36250,41250,58750,70000,55000,67500,72500,75000,85000,83750,103750,106250,102500,141250,147500,145000,151250,176250,210000,231250,225000,261250,277500,315000,298750,362500,355000,408750,422500,422500,438750,521250,512500,578750,552500,605000,676250,686250,765000,777500,786250,898750,826250,835000,897500,893750,908750,992500,967500,1042500,1083750,1072500,1073750,1162500,1210000,1178750,1128750,1161250,1121250,1238750,1190000,1266250,1156250,1212500,1253750,1205000,1192500,1248750,1231250,1230000,1185000,1173750,1181250,1137500,1126250,1020000,1022500,1021250,892500,977500,943750,803750,790000,687500,686250,652500,633750,590000,515000,493750,477500,390000,340000,311250,307500,232500,250000,202500,181250,193750,155000,116250,100000,110000,95000,67500,56250,42500,32500,33750,27500,22500,35000,23750,23750,25000,21250,8750,13750,6250,8750,16250,6250,12500,7500,3750,3750,3750,8750,0,3750,1250,0,0,0,0,0,0
18,0,0,0,0,0,0,0,1250,0,0,0,1250,1250,0,1250,0,1250,1250,0,2500,0,2500,6250,6250,3750,7500,3750,0,6250,5000,2500,8750,7500,7500,5000,3750,12500,3750,2500,10000,5000,8750,6250,8750,15000,6250,10000,6250,7500,13750,16250,10000,21250,26250,16250,8750,12500,22500,18750,23750,37500,26250,37500,35000,32500,45000,41250,48750,32500,61250,66250,65000,70000,73750,73750,71250,91250,107500,116250,128750,121250,142500,156250,190000,172500,196250,215000,261250,238750,271250,285000,341250,333750,387500,405000,416250,466250,508750,562500,530000,548750,633750,668750,741250,738750,828750,867500,812500,943750,908750,1007500,982500,988750,1131250,1131250,1172500,1155000,1125000,1186250,1208750,1260000,1182500,1230000,1272500,1273750,1177500,1203750,1261250,1162500,1188750,1178750,1155000,1156250,1122500,1113750,1065000,1022500,943750,1041250,977500,905000,900000,956250,826250,811250,798750,826250,673750,733750,646250,592500,515000,551250,523750,503750,455000,401250,400000,336250,306250,285000,263750,266250,226250,208750,161250,162500,147500,133750,122500,98750,91250,75000,65000,52500,33750,38750,42500,17500,27500,25000,18750,17500,13750,10000,10000,1250,5000,11250,5000,0,5000,2500,0,0,0,0,0
20,0,0,0,1250,1250,1250,0,0,2500,0,0,0,1250,0,1250,1250,5000,1250,2500,3750,2500,3750,3750,5000,7500,12500,2500,6250,6250,15000,10000,7500,11250,12500,12500,16250,22500,28750,12500,13750,21250,25000,16250,33750,30000,31250,23750,27500,46250,31250,40000,32500,45000,42500,53750,42500,50000,61250,77500,80000,78750,71250,93750,65000,86250,77500,93750,96250,110000,121250,101250,136250,136250,131250,171250,162500,172500,177500,226250,202500,256250,256250,271250,316250,338750,375000,373750,352500,366250,461250,510000,486250,541250,531250,612500,615000,740000,726250,827500,827500,937500,885000,906250,928750,1016250,1040000,1101250,1038750,1085000,1061250,1122500,1217500,1087500,1148750,1166250,1125000,1228750,1162500,1172500,1101250,1131250,1086250,1060000,1092500,1088750,1003750,1006250,1043750,1102500,1001250,992500,955000,866250,891250,867500,841250,843750,865000,808750,805000,783750,757500,758750,753750,690000,622500,701250,636250,603750,625000,548750,512500,558750,532500,478750,443750,476250,387500,413750,382500,323750,351250,313750,287500,261250,215000,207500,226250,205000,173750,170000,121250,120000,92500,90000,76250,77500,50000,55000,57500,46250,31250,35000,33750,33750,16250,10000,25000,10000,5000,5000,3750,0,0,0,0,0,0
22,0,0,0,0,1250,0,0,0,1250,2500,3750,1250,3750,0,2500,5000,0,5000,5000,3750,5000,7500,11250,12500,16250,11250,11250,16250,15000,22500,13750,18750,20000,28750,28750,22500,42500,30000,45000,40000,43750,48750,42500,50000,71250,60000,67500,83750,63750,81250,91250,107500,112500,116250,115000,140000,135000,163750,156250,168750,202500,181250,215000,226250,260000,260000,315000,300000,316250,352500,372500,423750,423750,452500,493750,546250,563750,601250,621250,630000,706250,752500,836250,832500,858750,931250,928750,981250,1041250,1070000,1141250,1171250,1263750,1301250,1225000,1196250,1241250,1311250,1382500,1408750,1397500,1405000,1426250,1401250,1410000,1328750,1380000,1277500,1381250,1243750,1338750,1223750,1138750,1142500,1195000,1008750,1007500,1068750,978750,968750,902500,911250,808750,885000,816250,735000,737500,723750,765000,696250,666250,678750,626250,583750,642500,642500,578750,582500,570000,551250,515000,513750,452500,443750,455000,450000,442500,457500,365000,412500,363750,370000,323750,341250,357500,322500,310000,245000,251250,273750,210000,171250,210000,175000,155000,166250,151250,137500,138750,115000,102500,70000,81250,85000,77500,51250,48750,37500,32500,35000,33750,36250,15000,28750,13750,11250,8750,8750,2500,7500,3750,2500,1250,0,0,0,0,0
0,0,0,0,0,0,1250,0,1250,0,1250,1250,3750,5000,0,2500,3750,5000,2500,7500,5000,7500,12500,10000,18750,8750,17500,18750,17500,25000,38750,23750,25000,26250,28750,28750,45000,51250,62500,66250,81250,55000,93750,95000,123750,102500,132500,108750,142500,156250,162500,187500,206250,238750,246250,262500,276250,316250,371250,381250,416250,466250,468750,531250,525000,585000,651250,716250,688750,790000,792500,910000,903750,993750,912500,1050000,1075000,1096250,1273750,1262500,1223750,1332500,1396250,1355000,1448750,1395000,1507500,1511250,1590000,1516250,1657500,1626250,1638750,1785000,1686250,1766250,1655000,1725000,1621250,1731250,1686250,1673750,1496250,1451250,1541250,1401250,1352500,1363750,1300000,1262500,1177500,1131250,1025000,1087500,1015000,1028750,923750,800000,796250,737500,730000,656250,611250,591250,617500,553750,527500,488750,522500,448750,426250,388750,423750,378750,401250,366250,348750,331250,296250,303750,307500,301250,272500,281250,273750,251250,246250,226250,226250,215000,205000,168750,193750,157500,193750,148750,141250,157500,142500,130000,128750,101250,86250,92500,88750,87500,80000,78750,63750,52500,56250,36250,31250,32500,37500,18750,20000,27500,21250,16250,18750,5000,13750,10000,12500,6250,7500,5000,2500,7500,1250,1250,1250,0,0,0,0,0,0
2,0,0,0,0,0,1250,0,5000,1250,1250,3750,3750,3750,3750,10000,7500,8750,8750,12500,8750,16250,20000,33750,27500,31250,38750,42500,40000,41250,80000,62500,75000,78750,88750,86250,95000,148750,116250,146250,153750,148750,167500,201250,250000,218750,272500,296250,338750,340000,383750,445000,448750,525000,492500,580000,627500,630000,786250,790000,821250,876250,917500,985000,1045000,1101250,1193750,1251250,1243750,1210000,1391250,1301250,1418750,1466250,1547500,1543750,1588750,1751250,1756250,1746250,1690000,1732500,1846250,1842500,1946250,1872500,1965000,1906250,1968750,1930000,2057500,1877500,2046250,1925000,1968750,1900000,1848750,1908750,1767500,1857500,1723750,1698750,1597500,1618750,1501250,1450000,1415000,1290000,1191250,1211250,1012500,1041250,992500,855000,831250,733750,697500,612500,583750,567500,475000,456250,405000,402500,377500,327500,300000,268750,257500,242500,207500,215000,256250,217500,173750,196250,178750,170000,152500,147500,128750,127500,140000,131250,138750,133750,106250,110000,102500,86250,92500,100000,85000,86250,88750,77500,67500,45000,43750,68750,40000,51250,41250,27500,38750,25000,38750,20000,28750,36250,28750,10000,20000,18750,12500,7500,6250,5000,10000,10000,2500,5000,2500,2500,3750,1250,5000,2500,0,5000,2500,1250,1250,0,0,0,0,0,0
4,0,0,0,0,3750,3750,5000,5000,3750,5000,8750,5000,6250,10000,12500,20000,18750,18750,32500,35000,45000,52500,68750,62500,68750,76250,93750,91250,102500,136250,117500,156250,168750,165000,157500,231250,235000,228750,270000,342500,291250,378750,373750,435000,471250,520000,541250,638750,587500,686250,752500,780000,863750,840000,922500,1000000,991250,1175000,1213750,1165000,1363750,1282500,1286250,1473750,1516250,1580000,1587500,1522500,1621250,1767500,1685000,1892500,1792500,1837500,1951250,1913750,2050000,2072500,2047500,1993750,2018750,2203750,2150000,2191250,2116250,2203750,2151250,2147500,2142500,2182500,2076250,2065000,2052500,1980000,1950000,1892500,1867500,1725000,1822500,1631250,1562500,1487500,1456250,1332500,1282500,1181250,1127500,1066250,998750,878750,856250,750000,705000,621250,610000,511250,468750,426250,381250,343750,307500,242500,231250,225000,183750,182500,167500,140000,146250,143750,110000,96250,85000,122500,107500,105000,78750,81250,72500,60000,57500,66250,50000,58750,55000,38750,60000,48750,38750,55000,32500,41250,31250,33750,38750,23750,22500,13750,21250,20000,25000,18750,21250,21250,13750,15000,10000,13750,13750,3750,2500,1250,6250,3750,1250,5000,2500,3750,7500,2500,2500,0,0,1250,6250,2500,0,2500,2500,3750,1250,0,1250,0,0,0,0,0
6,0,0,0,0,0,0,7500,5000,13750,5000,2500,7500,21250,28750,26250,27500,41250,35000,37500,53750,62500,56250,85000,97500,110000,103750,103750,136250,142500,188750,188750,216250,232500,275000,277500,247500,296250,330000,416250,466250,456250,493750,573750,541250,612500,722500,655000,808750,750000,865000,913750,1031250,1053750,1027500,1142500,1192500,1201250,1285000,1361250,1367500,1492500,1443750,1587500,1693750,1655000,1671250,1823750,1772500,1806250,1982500,1828750,1960000,2018750,1988750,2043750,2091250,2088750,2090000,2191250,2016250,2130000,2182500,2198750,2191250,2056250,2170000,2176250,2150000,2115000,2160000,2077500,1931250,1968750,1910000,1838750,1778750,1882500,1632500,1663750,1447500,1490000,1408750,1248750,1217500,1170000,1047500,1000000,840000,803750,750000,700000,581250,573750,482500,410000,377500,343750,298750,223750,202500,198750,171250,131250,136250,131250,90000,97500,97500,78750,70000,57500,50000,52500,53750,48750,33750,43750,35000,32500,27500,32500,30000,27500,33750,36250,38750,32500,25000,31250,26250,21250,22500,15000,18750,16250,21250,11250,11250,15000,6250,10000,10000,7500,6250,8750,6250,7500,0,5000,2500,2500,0,3750,0,0,1250,0,2500,1250,1250,0,0,0,1250,1250,1250,3750,3750,2500,2500,1250,1250,0,0,0,0,0,0
8,0,0,0,2500,1250,5000,2500,5000,3750,8750,8750,10000,8750,12500,16250,30000,18750,33750,33750,43750,46250,53750,57500,68750,97500,91250,102500,93750,138750,118750,146250,180000,177500,192500,218750,237500,305000,282500,342500,353750,416250,453750,481250,533750,545000,622500,630000,728750,743750,753750,851250,917500,1036250,987500,1061250,1213750,1236250,1288750,1325000,1271250,1441250,1452500,1480000,1692500,1685000,1682500,1813750,1743750,1781250,2027500,1847500,1995000,2015000,1956250,2160000,2117500,2207500,2146250,2182500,2153750,2203750,2265000,2307500,2261250,2183750,2342500,2296250,2216250,2202500,2290000,2160000,2287500,2193750,2157500,2010000,2007500,2003750,1906250,1881250,1798750,1827500,1736250,1715000,1503750,1491250,1355000,1273750,1181250,1176250,988750,961250,898750,748750,693750,665000,566250,483750,441250,367500,351250,322500,248750,193750,191250,170000,137500,131250,97500,95000,75000,80000,57500,62500,47500,61250,45000,27500,33750,31250,22500,23750,28750,28750,22500,25000,21250,25000,27500,28750,16250,21250,10000,11250,15000,10000,16250,7500,12500,8750,8750,10000,1250,5000,5000,2500,2500,2500,7500,1250,1250,0,1250,3750,0,0,1250,0,0,3750,0,2500,1250,0,2500,2500,1250,1250,3750,1250,1250,1250,1250,1250,1250,0,0,0,0
10,0,0,0,0,0,3750,3750,2500,1250,3750,5000,5000,7500,8750,15000,6250,10000,10000,7500,18750,23750,30000,28750,32500,47500,28750,50000,51250,72500,80000,85000,83750,76250,96250,108750,125000,146250,138750,177500,206250,216250,235000,287500,298750,311250,348750,318750,458750,405000,535000,530000,563750,637500,627500,717500,771250,770000,876250,916250,997500,1108750,1100000,1182500,1247500,1283750,1326250,1392500,1407500,1451250,1528750,1581250,1688750,1687500,1867500,1835000,1772500,1793750,1881250,2091250,1960000,2006250,2065000,2133750,2110000,2103750,2287500,2253750,2257500,2286250,2186250,2241250,2275000,2286250,2207500,2330000,2207500,2297500,2126250,2270000,2117500,2118750,2186250,2091250,2061250,2010000,1860000,1918750,1838750,1825000,1690000,1651250,1572500,1465000,1425000,1362500,1295000,1138750,1128750,1002500,832500,947500,825000,690000,581250,525000,452500,382500,326250,322500,280000,226250,203750,178750,111250,111250,116250,87500,63750,76250,67500,46250,48750,28750,41250,28750,31250,26250,27500,28750,21250,21250,18750,23750,16250,33750,18750,16250,17500,8750,12500,11250,10000,11250,6250,11250,8750,11250,2500,3750,5000,0,2500,3750,6250,1250,2500,1250,2500,1250,0,0,2500,0,1250,1250,7500,1250,1250,2500,2500,3750,0,0,0,0,0,0,0
12,0,0,1000,0,0,0,2000,3000,0,0,2000,1000,4000,5000,4000,6000,7000,9000,10000,16000,13000,11000,8000,15000,25000,25000,19000,19000,19000,36000,39000,51000,51000,53000,45000,51000,68000,60000,79000,90000,105000,101000,103000,114000,132000,171000,154000,192000,201000,231000,239000,269000,319000,376000,384000,395000,456000,457000,486000,531000,608000,589000,663000,772000,780000,829000,926000,966000,991000,1058000,1043000,1187000,1160000,1284000,1383000,1399000,1440000,1505000,1586000,1591000,1711000,1651000,1772000,1766000,1763000,1962000,1894000,1927000,2000000,2048000,2016000,2131000,1989000,2125000,2151000,2139000,2204000,2100000,2126000,2167000,2167000,2203000,2136000,2128000,2180000,2070000,2180000,2152000,2086000,1974000,2090000,2183000,2005000,1995000,1984000,1799000,1848000,1952000,1741000,1652000,1590000,1564000,1490000,1485000,1356000,1290000,1143000,1194000,1092000,958000,868000,811000,790000,700000,605000,530000,462000,420000,353000,293000,270000,244000,195000,146000,148000,126000,96000,62000,64000,50000,53000,30000,35000,25000,30000,31000,19000,20000,18000,26000,20000,12000,15000,17000,17000,6000,8000,10000,2000,8000,11000,5000,7000,11000,3000,2000,4000,0,2000,3000,4000,1000,3000,1000,1000,2000,4000,1000,5000,3000,2000,1000,1000,0,0,0,0,0
14,0,0,0,0,0,1250,0,1250,0,2500,0,1250,2500,3750,0,5000,3750,3750,1250,6250,5000,5000,5000,7500,11250,7500,11250,18750,7500,11250,7500,11250,13750,11250,12500,20000,20000,18750,25000,20000,32500,43750,31250,31250,40000,48750,48750,71250,56250,56250,65000,86250,106250,108750,97500,122500,132500,146250,158750,185000,197500,212500,247500,267500,290000,335000,373750,397500,412500,500000,443750,538750,576250,626250,655000,687500,740000,816250,916250,900000,947500,1062500,1072500,1193750,1187500,1320000,1366250,1396250,1506250,1467500,1546250,1672500,1645000,1662500,1742500,1707500,1883750,1770000,1947500,1948750,1998750,2175000,2043750,2092500,2191250,2052500,2167500,2191250,2260000,2183750,2267500,2316250,2221250,2177500,2255000,2352500,2217500,2282500,2266250,2152500,2215000,2232500,2257500,2138750,2115000,2090000,2081250,1986250,1935000,1871250,1757500,1675000,1692500,1586250,1551250,1388750,1357500,1221250,1213750,1042500,971250,861250,818750,677500,677500,590000,537500,422500,405000,295000,298750,257500,205000,185000,113750,140000,121250,71250,73750,61250,45000,38750,30000,21250,21250,36250,23750,23750,16250,16250,15000,13750,8750,10000,10000,10000,2500,3750,8750,3750,1250,2500,5000,2500,2500,6250,7500,3750,2500,5000,1250,1250,0,0,0,0,0,0
16,0,0,0,0,1250,1250,0,0,1250,2500,0,0,2500,2500,0,0,5000,1250,3750,5000,3750,6250,5000,3750,5000,7500,7500,6250,3750,13750,10000,12500,11250,10000,7500,17500,11250,13750,12500,12500,12500,20000,22500,16250,13750,30000,25000,38750,35000,23750,22500,45000,45000,51250,48750,63750,71250,67500,77500,68750,103750,86250,120000,120000,122500,121250,112500,151250,175000,177500,197500,246250,236250,295000,341250,301250,342500,401250,437500,428750,500000,571250,613750,683750,682500,726250,818750,820000,870000,982500,1046250,1006250,1108750,1221250,1168750,1278750,1378750,1343750,1547500,1517500,1546250,1655000,1780000,1851250,1871250,1878750,1981250,1997500,2043750,1985000,2131250,2210000,2235000,2195000,2333750,2266250,2257500,2551250,2322500,2477500,2377500,2433750,2443750,2530000,2337500,2462500,2336250,2308750,2308750,2266250,2145000,2121250,2166250,2126250,2112500,1961250,2017500,1866250,1766250,1718750,1691250,1472500,1448750,1385000,1282500,1158750,1075000,982500,910000,760000,748750,681250,627500,567500,502500,402500,397500,325000,251250,233750,197500,142500,161250,120000,111250,82500,65000,67500,51250,45000,42500,35000,42500,28750,20000,13750,10000,15000,11250,11250,7500,5000,8750,5000,5000,5000,5000,5000,7500,8750,3750,1250,0,0,0,0,0,0
18,0,0,0,0,0,0,1250,0,2500,0,2500,2500,2500,1250,0,2500,2500,1250,3750,2500,5000,5000,6250,5000,3750,6250,6250,5000,8750,5000,7500,12500,8750,10000,8750,6250,10000,12500,10000,13750,17500,15000,15000,18750,15000,17500,16250,17500,15000,21250,32500,32500,31250,27500,26250,36250,23750,46250,48750,46250,55000,46250,58750,41250,78750,102500,70000,77500,98750,105000,103750,112500,157500,168750,180000,191250,212500,208750,256250,287500,313750,288750,350000,407500,446250,495000,516250,547500,642500,653750,707500,785000,817500,911250,953750,970000,1085000,1015000,1261250,1230000,1431250,1433750,1522500,1598750,1763750,1778750,1826250,1930000,1995000,2055000,2115000,2206250,2208750,2292500,2393750,2263750,2415000,2543750,2457500,2503750,2532500,2435000,2467500,2501250,2520000,2455000,2325000,2317500,2437500,2198750,2308750,2293750,2212500,2170000,2182500,1930000,1970000,1891250,1881250,1795000,1847500,1566250,1608750,1558750,1438750,1537500,1353750,1298750,1241250,1186250,1181250,1017500,873750,955000,856250,791250,676250,652500,576250,563750,468750,417500,355000,335000,268750,285000,201250,193750,183750,137500,125000,138750,105000,70000,65000,57500,40000,42500,38750,25000,23750,23750,8750,20000,17500,11250,11250,8750,11250,10000,2500,0,0,1250,0,0,0,0
20,0,0,0,1250,0,0,0,0,2500,2500,2500,5000,5000,3750,5000,6250,2500,8750,11250,5000,10000,15000,12500,21250,12500,15000,13750,13750,28750,23750,33750,36250,40000,60000,37500,45000,52500,40000,61250,75000,66250,66250,81250,91250,83750,96250,121250,116250,101250,138750,118750,137500,150000,152500,188750,181250,151250,206250,205000,215000,261250,220000,245000,318750,321250,316250,345000,362500,370000,418750,405000,488750,441250,543750,538750,517500,637500,683750,671250,651250,712500,798750,795000,866250,898750,950000,1012500,1076250,1053750,1281250,1200000,1226250,1183750,1333750,1411250,1500000,1565000,1550000,1712500,1783750,1738750,1776250,1905000,1945000,1933750,1925000,2091250,2041250,2116250,2020000,2012500,2161250,2081250,2040000,2062500,2108750,2106250,2048750,1980000,2035000,1926250,1932500,1878750,1888750,1753750,1731250,1745000,1758750,1635000,1618750,1557500,1573750,1520000,1515000,1425000,1382500,1286250,1240000,1270000,1216250,1247500,1171250,1153750,1117500,1093750,1147500,1011250,941250,877500,887500,865000,821250,743750,783750,685000,673750,608750,627500,520000,542500,481250,441250,410000,371250,360000,295000,292500,260000,218750,208750,176250,150000,152500,125000,126250,83750,72500,47500,43750,43750,30000,51250,31250,30000,23750,22500,18750,7500,8750,11250,1250,1250,0,0,0,0,0,0
22,0,0,0,0,0,0,0,0,2500,0,2500,7500,2500,2500,2500,5000,3750,6250,5000,1250,7500,15000,17500,16250,16250,18750,17500,27500,26250,37500,32500,41250,38750,36250,55000,43750,56250,63750,71250,72500,90000,70000,108750,110000,108750,135000,117500,135000,113750,138750,147500,171250,172500,197500,217500,256250,237500,266250,287500,325000,363750,335000,392500,417500,422500,502500,505000,576250,542500,695000,677500,806250,788750,888750,885000,965000,1025000,1050000,1270000,1172500,1370000,1427500,1438750,1638750,1708750,1703750,1803750,1892500,1938750,2051250,2186250,2153750,2287500,2413750,2406250,2407500,2463750,2525000,2683750,2563750,2517500,2535000,2548750,2526250,2576250,2352500,2516250,2453750,2398750,2218750,2163750,2150000,1953750,1933750,1827500,1850000,1833750,1765000,1735000,1616250,1647500,1538750,1547500,1486250,1367500,1282500,1328750,1240000,1253750,1175000,1173750,1130000,1157500,1077500,1083750,985000,1017500,935000,948750,943750,830000,857500,833750,820000,750000,760000,743750,702500,656250,648750,607500,577500,532500,535000,492500,490000,413750,426250,410000,395000,361250,328750,311250,281250,271250,246250,228750,200000,158750,175000,168750,127500,116250,110000,100000,77500,57500,46250,45000,38750,25000,21250,25000,12500,15000,11250,15000,6250,7500,3750,3750,2500,1250,0,0,0,0,0
0,0,0,0,0,0,2500,0,1250,2500,6250,1250,6250,2500,3750,11250,5000,7500,6250,10000,11250,16250,16250,20000,17500,26250,38750,28750,35000,31250,42500,57500,62500,53750,73750,63750,81250,110000,121250,131250,140000,125000,170000,172500,203750,210000,231250,235000,283750,352500,340000,385000,366250,447500,458750,528750,621250,626250,726250,718750,720000,900000,905000,1007500,1083750,1163750,1192500,1270000,1328750,1407500,1587500,1528750,1680000,1773750,1866250,2066250,2000000,2165000,2212500,2308750,2371250,2345000,2505000,2583750,2660000,2707500,2841250,2797500,2965000,2923750,3027500,3018750,3030000,3068750,2991250,2970000,2988750,2936250,3000000,2935000,2765000,2780000,2717500,2595000,2447500,2388750,2242500,2225000,2035000,2018750,1872500,1820000,1788750,1650000,1491250,1427500,1327500,1326250,1216250,1127500,1086250,1052500,960000,942500,808750,845000,832500,761250,667500,743750,673750,591250,641250,613750,538750,618750,572500,537500,467500,478750,428750,451250,431250,430000,396250,375000,372500,368750,333750,333750,321250,282500,302500,258750,277500,296250,227500,193750,186250,186250,152500,173750,180000,137500,128750,108750,88750,95000,92500,81250,73750,66250,56250,51250,53750,36250,41250,25000,20000,12500,20000,10000,12500,13750,7500,7500,5000,2500,5000,3750,1250,2500,2500,0,0,0,0,0,0
2,0,0,0,0,1250,0,1250,1250,2500,5000,7500,3750,11250,8750,8750,7500,16250,28750,28750,33750,27500,55000,50000,47500,58750,81250,76250,81250,96250,117500,125000,140000,143750,147500,163750,170000,246250,228750,273750,315000,295000,360000,417500,462500,506250,520000,543750,661250,631250,708750,825000,976250,921250,986250,1118750,1283750,1227500,1402500,1350000,1487500,1665000,1792500,1876250,1941250,1995000,1912500,2312500,2350000,2247500,2555000,2533750,2761250,2727500,2865000,2936250,2938750,3012500,3142500,3342500,3312500,3218750,3493750,3428750,3460000,3591250,3626250,3501250,3528750,3552500,3606250,3632500,3507500,3567500,3415000,3423750,3455000,3367500,3116250,3162500,3002500,2901250,2782500,2678750,2548750,2481250,2343750,2097500,2041250,1933750,1820000,1573750,1560000,1440000,1261250,1183750,1123750,996250,905000,790000,823750,708750,600000,602500,570000,520000,471250,460000,427500,391250,397500,377500,323750,331250,288750,315000,258750,278750,240000,216250,215000,242500,197500,177500,168750,201250,190000,150000,167500,173750,141250,118750,135000,98750,85000,113750,91250,92500,70000,73750,76250,58750,61250,68750,46250,46250,33750,45000,41250,31250,22500,25000,26250,13750,20000,18750,20000,18750,10000,6250,5000,6250,7500,2500,6250,5000,3750,2500,6250,2500,3750,1250,1250,1250,0,0,0,0,0
4,0,0,0,2500,2500,7500,6250,8750,10000,13750,20000,20000,18750,28750,28750,40000,60000,51250,73750,70000,85000,83750,98750,115000,141250,150000,158750,197500,190000,253750,240000,328750,346250,400000,380000,447500,468750,533750,523750,617500,671250,751250,792500,871250,920000,1056250,1012500,1181250,1155000,1352500,1367500,1507500,1676250,1585000,1795000,1848750,1906250,2143750,2068750,2187500,2333750,2242500,2407500,2530000,2638750,2777500,2920000,2803750,2903750,3277500,3007500,3223750,3332500,3365000,3530000,3493750,3532500,3527500,3761250,3630000,3773750,3870000,3837500,3893750,3761250,3851250,3788750,3902500,3705000,3918750,3540000,3695000,3646250,3687500,3537500,3412500,3277500,3083750,3180000,2955000,2772500,2632500,2587500,2336250,2255000,2095000,2071250,1733750,1663750,1520000,1416250,1292500,1157500,1035000,921250,868750,795000,730000,595000,558750,490000,413750,398750,370000,351250,288750,251250,272500,216250,223750,218750,193750,197500,160000,156250,153750,155000,127500,145000,116250,127500,128750,121250,92500,97500,93750,93750,73750,68750,65000,51250,61250,67500,67500,53750,46250,51250,30000,48750,47500,38750,33750,23750,20000,22500,26250,18750,17500,10000,7500,10000,16250,6250,17500,5000,5000,5000,6250,2500,2500,5000,1250,3750,3750,0,3750,2500,2500,3750,0,2500,1250,0,0,0,0,0,0
6,0,0,1250,1250,7500,6250,12500,16250,15000,26250,20000,36250,43750,52500,71250,65000,91250,97500,113750,115000,162500,172500,191250,223750,240000,255000,235000,338750,342500,388750,393750,501250,472500,583750,525000,651250,761250,662500,805000,893750,932500,1023750,1057500,1190000,1177500,1316250,1352500,1530000,1477500,1651250,1752500,1803750,1893750,1941250,2136250,2225000,2320000,2522500,2567500,2651250,2741250,2717500,2906250,3006250,3071250,3165000,3207500,3222500,3293750,3610000,3382500,3652500,3721250,3635000,3830000,3703750,3673750,3891250,4072500,3880000,3995000,3975000,3977500,4011250,3878750,4075000,3932500,3835000,3835000,3981250,3726250,3722500,3592500,3522500,3378750,3350000,3238750,3035000,3001250,2787500,2643750,2502500,2306250,2226250,2106250,1738750,1696250,1533750,1442500,1171250,1188750,1027500,937500,906250,806250,657500,572500,526250,445000,417500,378750,336250,292500,247500,262500,192500,191250,178750,158750,153750,121250,131250,112500,92500,115000,103750,102500,80000,87500,68750,72500,78750,66250,56250,65000,61250,73750,68750,55000,53750,41250,63750,43750,43750,52500,41250,32500,25000,25000,31250,16250,18750,20000,8750,15000,6250,18750,7500,7500,6250,10000,5000,1250,7500,1250,5000,1250,1250,0,6250,1250,6250,0,1250,1250,2500,1250,1250,2500,3750,2500,0,0,0,0,0,0,0
8,0,0,1250,1250,3750,8750,10000,16250,17500,28750,18750,36250,50000,41250,35000,68750,72500,83750,108750,131250,113750,130000,173750,161250,200000,195000,206250,280000,323750,306250,332500,387500,426250,520000,490000,546250,617500,647500,671250,817500,828750,921250,930000,1112500,1115000,1272500,1252500,1476250,1401250,1528750,1673750,1785000,1928750,1927500,1946250,2236250,2241250,2363750,2405000,2478750,2806250,2705000,2898750,2902500,3011250,3062500,3243750,3265000,3320000,3520000,3365000,3556250,3607500,3671250,3890000,3912500,3855000,3935000,3976250,3980000,4063750,4071250,3971250,4091250,3997500,4163750,4028750,4056250,4145000,4077500,4257500,3883750,3888750,3781250,3672500,3737500,3510000,3336250,3452500,3188750,3083750,2922500,2858750,2848750,2667500,2351250,2211250,1976250,1980000,1588750,1571250,1491250,1253750,1196250,1052500,935000,777500,717500,672500,581250,546250,448750,318750,307500,277500,242500,165000,182500,151250,137500,141250,103750,96250,95000,91250,66250,83750,77500,47500,58750,53750,40000,53750,46250,32500,37500,56250,46250,50000,42500,47500,26250,36250,36250,33750,30000,31250,28750,21250,27500,22500,13750,11250,15000,16250,12500,5000,8750,7500,7500,7500,7500,5000,7500,0,7500,3750,1250,1250,2500,2500,0,1250,0,2500,3750,0,5000,5000,5000,3750,1250,1250,0,0,0,0,0
