time,0.0127743884393735,0.0131996212066862,0.013674428690077,0.0141744488429004,0.0146744676223705,0.0151744851642486,0.0156745015869724,0.0162493076775597,0.0168493323309857,0.0174493552889498,0.0180493767205408,0.0186493967730863,0.0193242076163552,0.0200242353162362,0.0207242611448515,0.0214242852856285,0.0221990990808186,0.0229991304183441,0.0237991596490296,0.0245991869784349,0.0254740063594245,0.0263740402668988,0.0273488573801539,0.0282741047603633,0.0292489316044193,0.0303237530658723,0.0314237967152284,0.032523837411966,0.0336238754458792,0.0347987068725262,0.0360735360063302,0.0373735869298091,0.0386736344296731,0.0400484706324723,0.0414485222897029,0.0429233619372947,0.0444234172481136,0.0459982608366882,0.0475983192980593,0.0492731671399353,0.0509732282673954,0.0528228643676202,0.054648147269601,0.0565977914763465,0.0585978668553728,0.0606727286348653,0.0627728046211096,0.0650224576588735,0.0673225445151919,0.0696974174557422,0.0721722938529738,0.0746723844536921,0.0773220537751035,0.0800221531827281,0.0828718287477717,0.0857719359697564,0.0888216189899734,0.091921733012384,0.0951714242827121,0.0985463342798706,0.102096033223627,0.10524732775705,0.10899541274751,0.112995575134604,0.116995726417677
2015-07-27T00:00:00Z,0,0,0,138.48245,463.00855,1249.0944,1729.28565,2335.66,2486.5156,2790.86695,3016.1743,3170.7106,4045.73,4275.2589,4578.6779,4717.8847,5557.809,5429.4162,5366.03855,5096.23585,5530.9562,4834.9949,5480.859,4470.21415,4667.87295,5037.54115,4521.5470000000005,4287.4865,3846.0237,4137.67755,4067.4551,3816.5005,3640.01275,3519.2363,3028.57765,3061.73625,2659.9599,2359.8145,1911.07505,1627.96615,1283.42865,966.8111,691.0826,576.77755,452.04134999999997,370.2301,260.8017,232.14090000000002,159.2503,127.51425,102.75045,65.6263,60.9533,35.4078,37.2865,23.182100000000002,17.98725,11.8076,11.8522,0.9333,0,0,0,0,0
2015-07-27T01:00:00Z,0,0,0,128.74525,445.53775,1141.31635,1687.5547,2164.2945,2310.39195,2528.07945,2742.97055,2930.36065,3813.12095,4008.1925,4327.8225,4571.9091,5391.74695,5181.0265,5120.6264,5017.281300000001,5533.4198,4773.86685,5599.4816,4533.99715,4772.57305,5095.8003499999995,4660.62325,4472.63105,4011.3954,4132.92245,4250.37905,4009.53035,3975.6329,3865.03265,3457.8045,3517.37825,3133.41785,2931.5733,2375.08495,2050.6109,1637.15735,1315.9203,879.5978,730.83595,540.765,425.45435,310.5204,230.7568,176.22045,143.53655,102.8532,74.67575,68.03245,45.4483,39.66725,27.2965,17.1948,17.2239,8.59065,0,0,0,0,0,0
2015-07-27T02:00:00Z,0,0,0,124.8385,413.75885,1041.59325,1566.1978,2006.80715,2076.98205,2330.98045,2602.7128,2688.02035,3615.18025,3803.18105,4158.6498,4370.918,5182.07305,5009.3373,5015.1329,4891.8318,5471.35335,4848.00225,5424.87765,4522.7872,4788.34355,5146.92795,4724.4482,4389.2606000000005,4106.56175,4256.65185,4367.40365,4158.19575,4045.1979,3980.7575,3591.8807,3664.2485,3357.392,3152.1234,2606.174,2289.8352,1896.2388,1547.63605,1006.94885,817.8111,574.6979,448.8027,309.16935,224.70250000000001,167.3332,149.8142,103.3228,78.19675,71.0307,54.08425,34.15045,19.8847,14.71325,17.5346,9.047,0.95085,0,0,0,0,0
2015-07-27T03:00:00Z,0,0,0,112.60915789473684,359.30215789473687,997.0011578947368,1434.1709473684211,1815.1604736842105,1961.2862105263157,2064.4096842105264,2320.4033157894737,2482.9623157894735,3293.2285789473685,3513.7483157894735,3854.6925789473685,4163.528315789474,4961.187368421052,4820.745421052631,4852.754368421052,4778.570052631579,5358.118,4781.990947368421,5446.796368421053,4430.756526315789,4770.000210526316,5233.3252105263155,4716.882,4483.623105263158,4124.371789473685,4358.376631578947,4469.767105263158,4323.482894736842,4239.564736842105,4231.659,3810.784894736842,3876.127842105263,3700.471368421053,3671.7683684210524,3088.201842105263,2848.517684210526,2392.922789473684,1975.5102105263159,1402.3355263157894,1122.7456315789473,793.9165263157895,591.3102631578947,434.58268421052634,291.5444210526316,206.6615789473684,157.33426315789472,127.3941052631579,90.97278947368422,69.04331578947368,52.76678947368421,51.16078947368421,24.376210526315788,15.710105263157894,22.792157894736842,8.669263157894736,0,0,0,0,0,0
2015-07-27T04:00:00Z,0,0,0,114.70615,368.7547,952.8864,1324.65165,1745.7748,1837.0844,1978.06235,2198.7315,2345.8285,3075.19275,3272.35995,3623.0731,3939.38025,4796.75225,4744.24045,4840.53855,4680.50635,5406.95255,4851.0207,5512.8376499999995,4592.64985,4897.57185,5273.48415,4877.81805,4689.1624999999995,4344.40515,4576.7429,4730.74635,4612.24715,4572.5745,4523.5319,4192.1662,4519.99795,4160.061549999999,4071.2761,3616.4393,3231.691,2751.21065,2378.0241,1652.35625,1333.61925,963.76705,716.727,506.1283,357.7919,272.38235,196.08385,139.45855,107.6862,78.08295,55.13455,49.58,38.9276,23.50635,22.89895,11.3381,0.9939,0,0,0,0,0
2015-07-27T05:00:00Z,0,0,0,116.08295,379.63995,986.7755,1344.0594,1665.67505,1707.4418,1837.7204,2012.19205,2109.67905,2727.8308,2976.46815,3401.20045,3618.1944,4438.70065,4522.156,4670.1849,4580.09885,5255.3545,4679.9373,5500.1901,4545.2893,4943.1482,5493.1837,5146.52965,4837.308,4458.0782,4931.32865,5035.1602,4919.8645,4876.65625,4897.4312,4589.54415,4825.77775,4616.6599,4604.65495,3985.56385,3724.36685,3324.89175,2915.10095,2047.43035,1792.60265,1263.0819000000001,973.4974,689.3594,501.063,355.29765,249.5139,181.46035,134.2397,101.19255,70.11545,65.1864,33.9287,31.963350000000002,29.123450000000002,16.4008,1.5032999999999999,0,0,0,0,0
2015-07-27T06:00:00Z,0,0,0,128.7234375,455.674375,1009.4560625,1488.2955,1828.8875,1966.784875,2057.379625,2402.4595,2401.531125,3178.2560625,3439.4290625,3786.723375,4040.787125,4914.9320625,4927.2903750000005,5014.726125,5023.9196249999995,5548.9529999999995,4911.953375,5754.1356875,4755.9363125,5132.0238125,5588.2649375,5278.5361875,5031.4540625,4592.2820624999995,5023.0774375,5106.149625,4842.668,4903.5021875,4779.4166875,4298.573625,4487.212625,4029.7271875,3771.94125,3250.7685625,2814.243125,2435.3689375,1973.134125,1351.3394375,1085.2959375,857.7783125,631.03175,462.698625,349.399375,283.841125,168.0173125,152.390125,100.350125,96.37325,53.4399375,50.65225,37.823,27.687625,18.6010625,13.9008125,0.5948125,0,0,0,0,0
2015-07-27T07:00:00Z,0,0,0,126.824,453.59425,1101.70915,1491.4328,1991.85595,1970.0179,2214.599,2431.0304,2573.2397,3368.3805,3555.2754,3826.64475,4155.3237,5047.44715,4987.0529,5159.62515,5053.4863,5641.7143,5123.88705,5921.34895,4964.0745,5448.9989,5906.9054,5523.74205,5370.63205,5008.41945,5436.506,5514.1536,5288.22825,5294.71715,5143.92345,4499.81935,4602.82155,3961.2954,3667.4484,2894.6332,2591.4589,2111.63805,1735.7502,1251.3913499999999,1050.2502,785.75375,647.4634,437.40505,336.41095,256.00239999999997,192.8957,133.4415,120.0651,93.2098,67.93395,52.65135,35.44585,22.52865,24.8862,18.18265,0,0,0,0,0,0
2015-07-27T08:00:00Z,0,0,0,141.09194736842105,447.18784210526314,1117.884052631579,1522.145947368421,1985.675894736842,2056.8063684210524,2276.3775263157895,2516.3296315789476,2757.544210526316,3515.008894736842,3818.0264210526316,4289.4772105263155,4454.429,5407.969894736842,5504.157789473685,5589.810368421053,5441.060894736842,6230.952894736842,5522.159368421053,6370.341947368421,5358.328789473684,5686.945315789474,6408.898736842105,5976.730210526316,5666.013368421052,5320.8336315789475,5708.82952631579,5615.650842105263,5238.233736842105,4935.514,4538.467421052632,3892.3095263157893,3697.875263157895,3138.846736842105,2842.8584210526315,2205.2607368421054,1889.891105263158,1586.2327368421052,1276.089105263158,965.9531578947368,790.6224736842105,594.094947368421,495.8137894736842,369.8723157894737,268.2836842105263,210.96321052631578,191.2348947368421,146.4202105263158,89.36947368421053,78.2478947368421,56.233000000000004,45.05615789473684,35.19373684210526,25.852052631578946,24.29063157894737,12.336684210526316,0.9793157894736843,0,0,0,0,0
2015-07-27T09:00:00Z,0,0,0,147.0928,471.5723,1127.24595,1577.6643,2130.17535,2280.2445,2635.68505,3049.3126,3298.59715,4385.2731,4792.9817,5361.60695,5599.5251,6690.8376,6632.28245,6721.13425,6378.46355,7056.9344,6265.05325,7228.9938999999995,6001.36795,6316.65285,6947.35795,6175.644,5770.50485,5019.29905,5067.48925,4673.38115,3979.0916,3377.13785,3012.17355,2334.47185,2149.4639,1766.2274,1571.77285,1235.4364,1058.56745,871.7976,745.4747,549.75855,518.87175,417.99705,348.9999,273.65125,193.80305,161.05985,123.13665,102.53715,78.6114,65.8697,47.33305,45.6026,27.282700000000002,19.64325,23.2333,11.35675,0.45685000000000003,0,0,0,0,0
2015-07-27T10:00:00Z,0,0,0,177.74435,529.2216999999999,1371.94595,1953.18175,2698.3356,3015.1994,3477.7961,4003.19655,4333.1462,5785.7136,6113.5142,6617.06105,6954.20065,8049.94905,7613.81975,7398.66965,7134.9059,7690.2196,6728.5918,7546.0227,6034.01345,6163.40645,6404.3093,5526.10175,4840.67905,3958.2284999999997,3769.2042,3316.7576,2696.9079,2283.7484,1952.39425,1517.6035,1376.89235,1150.74735,983.97905,750.66625,722.29485,607.05815,523.65195,411.2491,411.1858,341.8324,304.21965,209.2498,170.3125,152.37135,115.30245,79.49085,70.56325,57.59575,42.03315,41.1353,23.2708,23.2666,18.80505,8.4684,0,0,0,0,0,0
2015-07-27T11:00:00Z,0,0,0,231.18265,694.00895,1717.5751,2542.8123,3527.27195,3906.2432,4451.5899,5186.3883,5500.6935,7025.71615,7196.47725,7652.0014,7708.2769,8719.4226,8107.6398,7683.4619999999995,7091.89435,7508.732,6464.4983,6966.7389,5495.7835,5512.23295,5458.15425,4402.21535,3732.59295,2943.59685,2740.3309,2414.52395,1966.9443,1570.19225,1340.657,1048.1062,1015.0246,822.0577,724.3189,598.1636,573.4367,487.4692,472.60375,335.88145000000003,364.81075,281.96265,272.11485,225.90165,167.29505,153.6681,114.7282,94.58655,70.45,61.5553,35.89555,33.7517,25.36985,25.393,18.86255,10.46605,0,0,0,0,0,0
2015-07-27T12:00:00Z,0,0,0,296.0652,910.7616,2085.03165,2989.81625,4172.49595,4697.12595,5219.05755,5842.7636,6147.72705,7671.97955,7666.60355,8031.35975,7915.76055,8828.1176,8104.3376,7711.33955,7048.9098,7372.6083,6085.597,6530.26385,4934.18115,4908.4024,4744.4764,3897.2224,3212.36345,2520.93615,2316.71905,1915.3041,1573.15995,1343.1680999999999,1094.54355,881.06965,803.72725,676.27235,628.58305,507.5723,486.7429,434.45535,405.12085,338.07245,336.7707,280.09365,242.9791,213.3102,183.85485,144.4867,108.9874,93.61545,69.41065,64.41935,43.3412,38.6442,23.2556,18.00545,15.8673,7.28285,0,0,0,0,0,0
2015-07-27T13:00:00Z,0,0,0,349.87825,1076.92415,2514.9757,3518.0373,4845.18055,5290.6237,5875.78675,6483.8477,6688.13465,8222.2421,8237.2289,8474.80215,8098.9342,8938.79665,8145.7282000000005,7530.4986,6852.7888,7057.9808,5824.19595,6091.648,4593.8843,4501.2915,4395.7114,3387.7134,2921.9967500000002,2247.5006,2023.03645,1720.056,1414.47635,1111.0963,947.79135,777.65025,770.67845,589.95915,584.6889,487.21184999999997,435.72365,408.30805,433.29925000000003,322.5618,341.811,277.431,263.22085,223.9519,167.39455,145.46815,130.5601,83.52065,66.85685,60.08805,45.00035,33.92665,27.0145,20.97605,13.258750000000001,9.4942,0.8430000000000001,0,0,0,0,0
2015-07-27T14:00:00Z,0,0,0,393.525,1188.31555,2650.41445,3875.80225,5148.09405,5542.10855,6042.7032,6638.3534500000005,6883.6107,8430.0357,8190.8034,8551.45885,8263.37725,9126.8299,8142.29255,7548.09695,6904.29055,7023.8396,5821.51415,6132.50415,4595.1734,4411.2039,4376.984,3475.9287,2927.35365,2304.7273999999998,2102.7232,1747.38725,1415.13005,1193.8003,996.3149,785.18375,716.20755,638.0636,549.99885,464.8415,451.7625,431.7301,399.7306,330.35525,331.6768,315.5889,264.7584,214.03605000000002,181.90075000000002,160.19975,108.0306,97.88335000000001,73.8554,57.2847,46.11715,37.55155,27.76695,22.9706,15.83755,7.7001,0.42699999999999994,0,0,0,0,0
2015-07-27T15:00:00Z,0,0,0,481.29575,1341.89805,2931.21315,4052.21285,5540.4164,5990.0289,6495.33705,6985.04535,7150.91285,8611.70165,8439.61765,8580.66475,8428.62735,9084.68485,8163.47995,7639.7143,6768.3307,7010.74455,5675.7926,5982.7055,4514.6696,4295.28425,4193.52535,3305.73615,2683.3059,2114.27215,1932.71325,1667.2982,1342.4499,1140.0833,907.45255,731.5712,678.00405,601.7728999999999,538.2841999999999,462.1341,420.84295,429.7976,422.58615,322.2347,353.6489,287.11205,279.406,212.3656,183.05180000000001,149.7244,125.6482,92.4938,73.54145,58.552749999999996,43.132600000000004,38.69725,22.43605,25.83145,15.89995,10.360900000000001,0,0,0,0,0,0
2015-07-27T16:00:00Z,0,0,0,467.6413,1401.6154000000001,3014.16845,4177.9679,5555.76775,5987.63485,6411.10355,7004.78335,6897.0441,8539.2403,8280.6483,8510.84835,8194.67405,8911.06215,8036.887,7373.96285,6675.15585,6767.9282,5636.74515,5851.74425,4344.1787,4209.8302,4111.2619,3321.493,2696.31335,2095.3939,1911.0978,1607.95865,1296.0958,1056.33305,902.2986,719.1769,664.5241,574.38925,503.12475,448.76175,447.44280000000003,424.074,408.9353,328.8529,314.4806,295.87964999999997,271.28585,215.98235,174.64795,142.4682,109.6922,95.17225,71.2275,63.45145,39.92075,32.1875,15.89445,18.42325,16.6725,5.9834,0,0,0,0,0,0
2015-07-27T17:00:00Z,0,0,0,356.93215,1116.213,2588.3542,3734.6876,4994.5494,5316.2021,5698.23315,6290.7568,6435.12515,7787.04505,7790.8606500000005,8073.1308,7731.5395,8613.5182,7864.3423999999995,7343.11255,6594.1793,6937.8455,5750.868,6125.65985,4618.13415,4591.977,4552.16795,3774.91185,3152.6946,2586.1838,2326.4454,2029.5434500000001,1594.1261,1296.9855,1119.92805,852.42695,745.10775,662.2903,573.0693,481.251,474.85995,439.748,418.64175,371.05935,369.38835,328.2745,260.75275,203.78255,202.5579,158.83415,129.61605,102.9589,73.4366,56.99725,45.182900000000004,35.36145,26.5107,19.47135,14.6344,12.793,0.4399,0,0,0,0,0
2015-07-27T18:00:00Z,0,0,0,329.11405,1069.9053,2409.82805,3505.79055,4752.71935,4965.59925,5426.8693,5921.8538,6007.0135,7325.58515,7218.6324,7661.52655,7400.175,8240.99925,7526.84265,7343.0492,6551.05405,6821.804,5690.71055,6180.9655,4724.04985,4858.27685,5009.2305,4039.8823,3600.733,2842.7045,2686.14755,2347.36085,1872.0886,1597.4748,1298.03045,1004.35935,886.5167,752.8086,692.1047,534.3012,549.1360999999999,447.8571,445.358,362.88195,360.0694,317.2188,277.3408,263.64205,181.70345,150.5494,128.73495,101.4935,89.4049,54.0269,37.66125,40.4801,24.27175,16.3391,15.7997,10.706900000000001,0,0,0,0,0,0
2015-07-27T19:00:00Z,0,0,0,264.92052631578946,851.3626315789473,2129.4822105263156,3079.3575789473684,4087.993315789474,4407.580473684211,4815.388368421052,5221.848315789473,5380.091842105263,6621.075789473684,6719.008842105263,6860.523263157895,6932.920526315789,7765.423789473684,7235.7496842105265,6799.422631578947,6354.758105263158,6730.808736842106,5755.690631578947,6206.432894736842,4866.8634736842105,4936.688789473685,5066.036894736842,4437.334842105263,3972.4696842105263,3247.267052631579,3334.047105263158,2917.4183684210525,2440.575,2094.4295789473686,1775.6685263157894,1321.962157894737,1143.654157894737,960.3388947368421,792.5905263157895,626.9714210526316,566.016947368421,520.094947368421,486.281052631579,372.47142105263157,371.36526315789473,311.025,305.444,252.18036842105263,209.3773157894737,179.35294736842104,138.80947368421053,102.86326315789474,81.5867894736842,72.27089473684211,53.23363157894737,40.418,30.092,24.63078947368421,15.484526315789473,13.083105263157895,0,0,0,0,0,0
2015-07-27T20:00:00Z,0,0,0,198.969,693.6122,1717.4965,2487.92645,3349.67305,3536.10585,3914.5487,4240.56795,4446.7964,5554.9928,5822.50575,6162.98885,6310.94265,7366.24345,6897.3937,6813.1728,6392.69335,6851.22415,5933.24875,6548.7236,5194.664,5358.918,5700.77355,5090.74905,4736.79955,4153.1233,4154.30515,4142.4788499999995,3712.2523,3370.66445,2984.63595,2481.5882,2246.05235,1741.2529,1445.65565,1134.1873,878.86555,742.74,638.4808,508.92105,453.75645000000003,400.4442,347.3974,267.7062,234.133,191.22035,147.78415,112.6529,84.47409999999999,74.90215,54.89475,43.85505,33.859049999999996,22.44385,22.946849999999998,8.581,0,0,0,0,0,0
2015-07-27T21:00:00Z,0,0,0,196.3925,644.2171,1697.07915,2517.0751,3209.6466,3417.8657,3695.695,4160.2367,4365.54115,5471.3174,5669.7706,6078.20245,6010.29505,6938.88225,6645.4776,6557.755,6139.8811,6584.7181,5561.00085,6283.1111,5080.38145,5113.84185,5477.8906,4937.9046,4529.5331,4159.38225,4253.2366,4161.33115,3820.2819,3536.31505,3166.86325,2631.0787,2459.23465,1977.33575,1608.8101,1247.58485,980.24055,838.18425,705.6082,518.2317,476.1807,371.6754,358.4559,285.67175,223.5899,183.7259,161.64415,122.23925,91.25105,70.7151,44.1529,38.721849999999996,34.34255,19.62975,11.80615,9.3955,0,0,0,0,0,0
2015-07-27T22:00:00Z,0,0,0,194.9790588235294,616.4599411764706,1653.5921764705884,2333.3730588235294,3030.7341176470586,3212.8184705882354,3455.1911764705883,3794.436588235294,4072.642117647059,5000.048294117647,5183.028705882353,5540.183470588236,5812.53105882353,6612.0351176470585,6351.976823529411,6178.3078235294115,5971.903823529412,6498.765764705882,5744.802705882353,6273.780352941177,4942.371705882353,5237.058705882353,5596.450235294117,5012.297941176471,4664.698352941176,4145.29005882353,4477.708,4343.755294117647,4092.9197647058822,3913.3180588235296,3702.4978823529414,3133.0502352941176,3071.8218235294116,2547.0738235294116,2229.8748823529413,1635.1093529411764,1439.4177647058823,1056.018,849.6799411764706,609.2271176470588,556.3618235294117,451.0614117647059,359.00682352941175,298.612294117647,249.33494117647058,179.31988235294116,146.6425882352941,114.346,92.63188235294118,78.36635294117647,54.01611764705883,36.36817647058824,32.213470588235296,28.848823529411764,14.002647058823529,8.794764705882352,0,0,0,0,0,0
2015-07-27T23:00:00Z,0,0,0,160.32525,461.41541666666666,1324.8833333333334,1821.3375,2428.8731666666667,2492.645666666667,2704.059583333333,2908.14825,3157.613083333333,3993.325333333333,4066.187,4597.988,4918.664,5657.984583333333,5491.52375,5576.073583333334,5408.292,6015.411916666667,5214.375666666667,6167.297166666666,4863.4485,5110.930416666666,5784.1970833333335,5122.871583333334,4863.741,4338.301166666667,4585.649833333333,4751.286833333334,4555.62975,4421.21575,4372.850666666666,3822.49175,3981.998833333333,3441.1430833333334,3159.893416666667,2666.686166666667,2241.2825000000003,1844.3075833333335,1510.2965,1125.73425,920.9021666666666,655.6435,533.745,430.0900833333333,339.40341666666666,285.49041666666665,238.92308333333332,175.1855,141.14783333333332,109.26175,70.54241666666667,71.00541666666666,50.4035,34.495,31.879666666666665,21.095833333333335,0,0,0,0,0,0
2015-07-28T00:00:00Z,0,0,0,153.7003,518.8426,1365.65755,1937.77025,2510.09295,2685.6482,2882.50145,3207.5916,3394.05955,4417.6618,4552.76905,4929.0512,5105.0978,5884.1563,5730.7346,5605.5963,5382.0995,5804.39155,5133.20675,5787.37705,4647.7778,4929.28855,5358.5006,4896.52445,4533.875,4177.16045,4460.2569,4463.10405,4283.3728,4236.83035,3963.1064499999998,3527.78045,3459.31375,3093.1573,2750.22885,2228.4656999999997,1854.16645,1459.7753,1137.8657,817.56385,710.47255,565.6736,453.67075,379.3349,296.82725,245.29665,173.59029999999998,142.9165,116.90729999999999,92.15225,66.93535,62.13485,38.0556,31.58265,19.74245,19.26995,0.5359499999999999,0,0,0,0,0
2015-07-28T01:00:00Z,0,0,0,148.51500000000001,515.7933,1261.6959,1840.07985,2279.09595,2412.20515,2519.4091,2736.6307,2964.40845,3731.1852,3867.56915,4250.52345,4441.3623,5334.1539999999995,5143.79665,5052.57145,4973.97875,5465.9509,4908.844,5643.1094,4557.6704,4743.8967,5306.8019,4797.30145,4510.8373,4036.63855,4388.0136,4522.34265,4406.9223,4268.52025,4205.5576,3834.3819,4066.53275,3625.4079,3423.30845,2865.80845,2624.1884,2163.7755,1710.47565,1220.3224,999.0577,703.89845,604.29945,402.53705,334.887,263.99670000000003,205.0417,164.2739,136.7411,115.413,75.90935,74.76695,50.00135,38.18185,28.81865,19.2059,0,0,0,0,0,0
2015-07-28T02:00:00Z,0,0,0,163.9098,536.4482,1380.3224500000001,1837.0914500000001,2432.02735,2398.56045,2534.3983,2738.44995,2744.8577999999998,3417.7487,3681.45465,3972.54455,4206.359,5163.7743,4969.15505,5057.05095,4881.0481,5506.1302,5035.35145,5675.5306,4667.6168,5014.91785,5501.3188,5007.49205,4755.2134,4380.9598,4653.11305,4644.2605,4574.39265,4488.10855,4573.0632000000005,4127.5237,4487.4266,4239.19425,4220.99475,3661.22545,3421.4622,3022.28105,2639.5142,1847.38225,1611.3042,1083.0742,840.2213,587.54225,450.8769,390.73915,268.27750000000003,220.9275,158.52695,118.0577,92.01535,67.37105,48.9216,42.3232,32.33325,18.0465,0.9587000000000001,0,0,0,0,0
2015-07-28T03:00:00Z,0,0,0,149.743,518.0765,1366.2335,1761.145,2328.1212499999997,2317.0119999999997,2284.7285,2450.16075,2342.736,3037.7915,3127.816,3436.04875,3759.77675,4480.6855,4483.265,4614.97325,4695.33,5267.411,4612.02475,5376.08325,4441.3865000000005,4935.58475,5451.53275,5003.39575,4762.4527499999995,4321.9035,4522.689,4787.87175,4488.0985,4421.476,4619.5917500000005,4261.02675,4502.7735,4329.459,4636.992,4183.635,4154.7435,3668.79025,3456.27675,2452.78325,2182.90475,1630.94475,1154.0007500000002,835.27325,591.28775,427.06125,310.8445,221.804,207.73525,136.62775,105.97325000000001,97.02225,51.079,36.982749999999996,41.8405,29.889499999999998,0,0,0,0,0,0
2015-07-28T04:00:00Z,0,0,0,174.73345,543.5275,1357.8578499999999,1764.21025,2227.9897,2150.2379,2203.57105,2326.4806,2372.3591,2934.59825,3072.09645,3365.06685,3560.46475,4443.0521,4427.9787,4541.6229,4570.3727,5202.3268499999995,4740.48035,5596.0037,4623.71885,4973.2519,5463.80445,5102.9711,4848.73325,4552.48885,4869.6085,4890.5464,4677.47835,4735.147,4765.0469,4439.62545,4814.0621,4672.7808000000005,4731.7537,4426.29005,4504.69185,4214.6979,3892.19745,2966.83625,2734.23745,2018.8122,1528.5866,1083.4474,778.79565,520.29235,406.85245,299.7442,225.89795,169.5497,128.96455,102.3444,63.2818,53.6062,39.74975,20.24135,1.37855,0,0,0,0,0
2015-07-28T05:00:00Z,0,0,0,157.47425,498.3454,1203.11605,1683.44565,2095.75475,2128.18315,2205.54295,2461.2902,2539.87155,3187.00955,3429.21375,3775.0995,3989.14705,4846.1135,4775.27245,4976.4332,4882.1818,5496.4009,5056.628549999999,5697.9653,4670.63375,5088.918,5533.38375,5139.89915,4998.7244,4443.77,4834.2586,4896.0655,4731.7255000000005,4777.97985,4830.2807999999995,4524.7327,4777.33305,4609.69735,4588.89225,3969.11995,3791.93375,3335.3151,2934.48615,2096.1961,1817.53795,1295.3372,1021.70685,694.5734,532.09695,412.47065,287.24185,233.1328,170.3048,149.21885,105.5921,89.3935,37.4687,45.9905,29.7223,20.33305,0.9063,0,0,0,0,0
2015-07-28T06:00:00Z,0,0,0,162.86655,538.51685,1272.85945,1810.89275,2303.9935,2234.4343,2301.686,2447.3136,2531.4724,3103.8371,3292.11925,3637.22955,3875.40995,4765.6245499999995,4684.9788499999995,4856.6839,4841.8576,5463.2275,4970.6289,5820.65695,4836.73545,5121.65075,5691.6857,5253.65685,5034.39875,4647.38915,5077.5601,5134.9821,4986.75435,5069.78285,5091.46865,4753.6943,5081.10825,4917.3394,4823.8846,4348.80545,4062.12465,3665.24065,3181.80405,2361.599,1977.79945,1497.7198,1169.29165,829.45075,622.49885,431.0318,340.00425,266.37095,214.7475,170.97405,110.9125,95.61365,60.22655,56.9868,38.60955,24.7415,0,0,0,0,0,0
2015-07-28T07:00:00Z,0,0,0,162.0724705882353,531.9355882352942,1329.8988823529412,1795.1215294117646,2328.439058823529,2374.9549411764706,2500.1083529411767,2608.926529411765,2781.8286470588237,3549.4794705882355,3716.95,4106.89394117647,4313.536647058823,5211.216470588235,5131.8222352941175,5218.448529411765,5124.572823529412,5733.73694117647,5176.359647058824,6065.149470588235,5025.725058823529,5337.898411764706,5976.627764705882,5489.616352941177,5352.304176470589,4952.389823529412,5203.502470588235,5430.255117647059,5300.200352941177,5272.484647058824,5100.870235294117,4692.092705882353,4800.15605882353,4282.384764705883,4096.596941176471,3381.367294117647,3036.3049411764705,2599.4268235294116,2158.2259411764708,1550.4922352941176,1307.556705882353,988.2257647058824,778.6654117647058,583.0673529411764,456.55058823529413,343.7218823529412,275.55041176470587,202.64535294117647,182.44529411764705,118.34829411764706,91.69264705882352,85.83941176470589,56.6405294117647,38.15164705882353,36.03558823529412,22.044941176470587,1.0351764705882351,0,0,0,0,0
2015-07-28T08:00:00Z,0,0,0,196.75015789473684,585.8548421052632,1424.557052631579,1984.5998421052632,2460.029052631579,2444.289157894737,2705.021210526316,2960.3185263157893,2985.6625263157894,3901.2972631578946,4179.269631578947,4576.92547368421,4787.340578947368,5809.5419473684215,5764.008210526315,5925.986105263158,5818.926368421053,6422.153631578947,5825.234947368421,6643.628263157895,5588.901947368421,5911.01,6624.350421052632,6117.3691052631575,5901.544263157894,5434.986368421052,5843.268526315789,5911.599578947368,5611.655578947369,5481.3138947368425,5199.028578947368,4429.774631578947,4305.168263157894,3708.4115789473685,3377.1158421052633,2632.5036315789475,2357.0522631578947,2006.2820526315788,1663.725052631579,1209.6026842105264,1076.6308421052631,805.6972631578948,652.8708421052631,537.017,406.7967894736842,335.2664210526316,274.7435263157895,214.42605263157895,168.83515789473685,122.0351052631579,93.63794736842105,72.58973684210527,50.31784210526316,40.693,35.166526315789476,18.431947368421053,0.4851578947368421,0,0,0,0,0
2015-07-28T09:00:00Z,0,0,0,171.95785,572.92365,1354.74435,1884.47385,2400.89675,2562.9546,2742.0489000000002,3068.273,3234.01915,4298.2108,4591.9904,5279.8832999999995,5544.11925,6808.80725,6501.92505,6556.32245,6284.633,6901.2873,6121.208,7045.1871,5797.4114,6223.3332,6842.73675,6282.4452,5908.68305,5315.1901,5494.47,5316.50505,4724.6981,4260.77315,3828.00485,3141.25365,2907.3395,2420.87595,2191.60225,1700.9012,1525.2297,1269.672,1104.79815,814.1024,753.9205,579.6979,508.52105,381.0262,333.15325,285.06805,213.34545,174.86430000000001,119.02725,115.06635,76.28195,73.9599,43.67235,44.3138,29.6079,16.33755,0.41285,0,0,0,0,0
2015-07-28T10:00:00Z,0,0,0,191.05845,607.9409,1477.5197,2086.6548,2700.7377,2903.91735,3260.54355,3702.30615,3978.1178,5333.3211,5721.407,6415.01375,6756.2493,8006.28315,7471.5526,7381.7278,6939.4693,7632.87845,6740.952,7424.25995,6037.25805,6360.46105,6877.80335,6089.1921999999995,5586.8442,4828.26245,4704.8291,4378.8691499999995,3767.4601,3396.9855,2818.6028499999998,2311.1623,2166.5031,1747.03735,1598.8016,1247.28405,1110.8995,970.7551,860.8448,636.4687,607.26965,505.8997,436.33825,357.53605,305.18595,238.5857,208.64170000000001,156.5002,124,107.05535,81.35175,56.13935,46.78005,44.1467,25.9333,23.3503,0.42145,0,0,0,0,0
2015-07-28T11:00:00Z,0,0,0,205.212,655.3813529411765,1621.2487058823529,2422.131823529412,3115.2222352941176,3484.6113529411764,3930.625294117647,4531.426764705882,4969.217588235294,6458.2354117647055,6872.738176470588,7330.99494117647,7571.4321176470585,8675.368647058824,8065.028764705882,7815.272882352941,7213.820352941177,7687.689470588235,6609.578588235294,7363.031411764706,5748.547058823529,5920.991411764706,6127.05,5363.550176470589,4677.541941176471,3903.9872352941175,3795.4593529411763,3369.7074117647057,2916.9089411764708,2480.0916470588236,2098.958176470588,1645.9994117647059,1547.686,1279.7245294117647,1096.2763529411766,883.1338235294118,821.9224117647059,705.2324117647058,695.622294117647,510.31270588235293,500.86482352941175,436.8729411764706,359.21770588235296,313.94329411764704,268.3694117647059,217.36270588235294,172.1065882352941,149.51370588235295,114.10176470588235,84.2510588235294,58.21170588235294,56.913294117647055,44.25870588235294,29.188588235294116,22.748,15.028941176470587,0.9748823529411765,0,0,0,0,0
2015-07-28T12:00:00Z,0,0,0,274.366,817.84605,1933.58115,2811.08685,3872.99925,4268.8332,4763.97765,5398.73955,5689.878,7273.21705,7446.7904,7932.0213,7823.00095,8815.7518,8051.51565,7667.2775,7172.7838,7458.88905,6415.7132,6984.3199,5419.24165,5540.6825499999995,5604.11995,4744.026,4196.4533,3465.8259,3224.57275,2925.8335,2431.47425,2107.5522,1750.51495,1412.3918,1315.80445,1042.4187,974.4434,800.06235,734.83035,677.6320499999999,618.71255,503.93905,490.1983,433.69425,401.78445,332.55685,278.2087,215.07999999999998,172.88785000000001,142.0214,117.5344,106.62635,73.40055,61.784150000000004,41.80385,37.379,29.8319,17.96745,0,0,0,0,0,0
2015-07-28T13:00:00Z,0,0,0,323.91155,1050.35005,2283.8881,3327.1233,4506.8301,4812.4687,5471.50605,6148.62195,6309.1989,7733.6284,7991.45105,8211.17435,7958.6969500000005,8874.622,8099.81895,7614.33385,6996.0442,7181.3235,5999.41455,6444.0899,4912.76635,5023.92355,5072.6787,4209.30995,3579.5945,2946.9947,2741.14525,2428.8053,1971.0833,1646.61155,1413.2285,1118.7604999999999,1038.56875,879.9295,775.915,651.53975,629.4886,547.8219,550.7515,455.75615,456.6349,355.1034,343.4308,295.0696,233.18485,190.40675,170.7042,131.02305,95.32575,79.89385,69.07175,56.3867,43.85725,35.28405,24.4359,19.1072,0.40679999999999994,0,0,0,0,0
2015-07-28T14:00:00Z,0,0,0,396.4368888888889,1112.8121666666666,2552.7704444444444,3610.371722222222,4851.869222222223,5309.4555,5853.412222222222,6474.3317777777775,6609.4195,8048.1211111111115,8186.9672222222225,8332.632,8012.365222222223,8837.483944444444,8024.332333333334,7493.713166666666,6825.789111111111,6999.549333333333,5817.398611111111,6287.2525,4752.356277777778,4705.1845,4771.579277777778,3958.3392222222224,3297.482388888889,2700.2607222222223,2504.424722222222,2177.9015555555557,1807.4644444444443,1486.5704444444445,1282.3382222222222,986.8551666666666,905.6545,762.7606666666667,700.8260555555555,627.0141666666667,589.8897222222222,530.9511666666667,511.9120555555555,437.96944444444443,439.5308888888889,372.23344444444444,336.13294444444443,271.7252222222222,236.73038888888888,206.0638888888889,169.07722222222222,129.78994444444444,100.22827777777778,65.14355555555555,65.59738888888889,51.2545,39.23038888888889,28.069055555555558,24.90561111111111,18.287666666666667,0.44566666666666666,0,0,0,0,0
2015-07-28T15:00:00Z,0,0,0,350.4485,1062.760611111111,2434.7697222222223,3474.999,4827.467055555556,5192.643944444444,5678.690611111111,6475.3561666666665,6686.459444444445,8185.142277777778,8410.209222222222,8669.8035,8792.807222222222,9589.070666666667,8652.348666666667,8105.913,7473.890833333334,7742.5008333333335,6461.401333333333,6990.503611111111,5247.032444444444,5284.3471666666665,5286.773722222222,4418.112888888889,3869.2600555555555,3129.367111111111,2915.8371666666667,2485.8366666666666,2092.1800555555556,1762.5207222222223,1456.5758888888888,1122.961388888889,1038.0299444444445,876.6969444444444,781.8744444444444,633.1546666666667,608.0783888888889,569.1316666666667,573.479,452.27566666666667,465.1568888888889,392.0392777777778,366.0287777777778,297.02788888888887,254.96894444444445,225.45427777777778,173.31222222222223,153.4276111111111,109.89816666666667,98.67738888888888,61.496944444444445,66.7515,43.87016666666667,38.19733333333333,21.656000000000002,18.710333333333335,0,0,0,0,0,0
2015-07-28T16:00:00Z,0,0,0,492.9174210526316,1390.4262631578947,2969.642105263158,4050.2463684210525,5505.485263157895,5933.638947368421,6436.012736842105,6992.120052631579,7147.709157894737,8659.967631578947,8616.968,8636.517631578947,8373.612947368421,9081.043315789473,8300.041210526317,7610.936789473684,6900.461526315789,7091.639052631579,5837.411368421052,6145.48,4635.128736842105,4539.275210526316,4493.798947368421,3552.580736842105,2953.509,2357.15,2086.443578947368,1824.4997368421052,1461.5557368421053,1171.2501052631578,1051.1342631578948,827.5222631578947,787.763,695.1901578947369,593.1656315789473,525.1554736842105,512.8281052631579,537.7603157894737,464.4227894736842,394.161,386.57863157894735,346.9551052631579,317.7668947368421,278.38857894736844,229.77068421052633,181.77831578947368,158.5212105263158,115.86726315789474,97.87810526315789,80.57426315789473,71.99794736842105,42.06215789473684,38.250578947368425,30.50542105263158,20.324684210526314,12.016263157894736,0,0,0,0,0,0
2015-07-28T17:00:00Z,0,0,0,367.17415,1116.88285,2560.43415,3563.49825,4877.51725,5291.74905,5737.58405,6401.89435,6582.8816,7994.9467,8004.2594500000005,8241.74735,8196.1294,8923.9066,8224.2959,7697.84835,6927.61995,7224.3665,5990.1609499999995,6489.5624,5016.5959,4934.99085,5009.62305,4158.50905,3537.49595,2875.4592000000002,2593.3705,2318.0739,1882.8868,1529.26905,1283.8966,986.27195,932.44435,766.79285,682.3456,595.0001,540.6013,500.20005,501.6612,410.1007,401.89175,365.2793,322.6793,264.57285,234.9463,177.7627,165.87745,127.2022,84.4341,95.5385,49.7748,48.90415,38.24495,29.9511,25.98375,10.5494,0.44465000000000005,0,0,0,0,0
2015-07-28T18:00:00Z,0,0,0,251.72975,869.4904,2041.7626,2910.96805,3856.37375,4285.9772,4630.7844,5256.4888,5464.88555,6976.98635,7032.36125,7408.92285,7541.19035,8615.18215,7903.98065,7569.22185,6985.6705,7286.4916,6220.17085,6754.54775,5274.16935,5356.57405,5625.3847000000005,4910.20015,4360.9501,3759.55385,3655.13845,3390.7971,2841.65715,2504.1343,2127.2068,1655.70925,1486.7597,1167.83725,1018.0161,781.8395,702.76835,607.1687000000001,543.9239,443.84705,448.696,366.34595,320.96335,273.92325,235.81380000000001,198.1385,155.8088,123.7793,98.7332,84.46035,68.11325000000001,57.009949999999996,36.94635,40.3079,26.0401,9.8454,0,0,0,0,0,0
2015-07-28T19:00:00Z,0,0,0,214.41152631578947,669.7019473684211,1721.1756842105262,2462.039947368421,3419.3465263157896,3587.5074210526313,3935.996157894737,4461.997263157895,4636.611842105263,5963.378842105263,6160.875631578947,6567.457789473684,6593.372,7640.689736842105,7296.659947368421,7153.603684210526,6678.655947368421,7045.090947368421,6061.861157894737,6501.571736842106,5220.856315789474,5426.373894736842,5738.92547368421,5042.2604210526315,4741.624052631579,4209.197263157895,4243.836736842105,4131.655473684211,3616.308052631579,3300.919736842105,2850.0197368421054,2269.0644210526316,2107.2956842105264,1723.8595789473684,1445.8606842105264,1092.0183684210526,913.3211578947369,784.2395263157895,697.0973157894737,518.079,477.666,418.9665789473684,375.36957894736844,299.6581052631579,256.1386842105263,191.0833157894737,175.56805263157895,141.02315789473684,115.71573684210526,100.16668421052631,83.36342105263158,52.504105263157896,53.321473684210524,36.802473684210526,33.322105263157894,18.21463157894737,0,0,0,0,0,0
2015-07-28T20:00:00Z,0,0,0,164.42955,547.72365,1481.60795,2030.4131,2676.9649,2725.4655,3050.25575,3445.742,3517.0862,4522.77705,4804.1795,5339.94645,5608.7121,6681.59745,6653.8306,6593.271,6404.84695,6955.7758,6120.58475,6974.42105,5650.3754,5866.5611,6255.31425,5623.1065,5296.12685,4820.96275,4895.677,4817.931,4696.21585,4517.31735,4207.38105,3794.3337,3694.1217500000002,3250.6300499999998,2933.647,2296.19935,1879.5772,1568.5805,1249.708,845.1137,770.20335,588.1269,491.88030000000003,381.20745,289.4317,253.5295,231.6823,166.6748,142.46255,131.38205,82.9494,74.837,60.3636,45.11755,35.37785,20.0735,0,0,0,0,0,0
2015-07-28T21:00:00Z,0,0,0,172.61155,559.6027,1431.90275,1948.44285,2565.24805,2712.8814,2939.64115,3280.3415,3461.78715,4410.92405,4674.9489,5082.0342,5397.977,6539.33975,6284.21915,6265.63245,6169.01295,6790.48715,5991.0384,6734.6941,5481.0659000000005,5644.9905,6081.40455,5385.1332999999995,5143.13145,4583.3669,4895.5375,4860.69435,4624.24795,4547.43205,4392.424,3872.4688,3950.6986,3498.01305,3192.3121,2465.41325,2183.3792,1747.10615,1413.8956,986.09325,867.52655,611.72195,544.8102,412.00055,354.10855,265.692,217.16475,190.04405,148.7056,121.47865,79.0403,67.6096,54.2206,41.4857,28.11845,13.3394,0.49315,0,0,0,0,0
2015-07-28T22:00:00Z,0,0,0,159.4075,553.6704375,1335.90725,1883.6084375,2370.3369375,2376.3495625,2534.9544375,2781.1127500000002,2854.2921875,3731.5699375,3908.4565625,4295.0265625,4689.762875,5610.698,5654.2168125,5790.7726875,5733.9506875,6499.917375,5745.09375,6660.7635625,5484.4888125,5749.8703749999995,6280.5219375,5566.89625,5305.3240000000005,4891.8079375,5113.534375,5197.7479375,4846.3254375,4921.18275,4811.7540625,4548.27,4686.8295,4341.8775,4275.3013125,3648.791375,3362.7625625,2860.9536875,2478.8859375,1724.523125,1452.90125,1099.662,851.8841875,617.7533125,471.104375,344.9214375,265.4220625,198.7839375,179.573,136.814,94.8444375,90.712125,50.9468125,54.4458125,36.6655625,26.1123125,1.349125,0,0,0,0,0
2015-07-28T23:00:00Z,0,0,0,138.09494736842106,481.0178947368421,1204.1066315789474,1669.4391578947368,2134.3603157894736,2205.7353157894736,2358.526894736842,2572.193578947368,2822.277421052632,3633.7317894736843,3718.1713684210526,4278.810789473684,4379.822631578947,5427.68447368421,5518.002789473684,5405.638631578948,5396.191368421053,5908.843421052632,5328.371631578947,6178.442526315789,4973.846736842105,5272.180368421053,5822.274052631579,5170.700473684211,4962.672947368421,4487.752684210526,4833.821526315789,4801.402526315789,4577.514526315789,4550.094578947368,4585.565947368421,4134.572157894737,4366.554,4074.794105263158,3998.598263157895,3501.920105263158,3167.7967894736844,2730.2113157894737,2277.562789473684,1651.8458947368422,1318.868105263158,1003.7272631578948,743.1589473684211,545.6202105263158,397.5566842105263,297.895,232.9681052631579,180.83147368421052,136.32973684210526,114.08236842105264,94.206,70.3671052631579,42.09794736842105,42.11205263157895,32.58873684210526,13.294052631578948,0.5489473684210526,0,0,0,0,0
2015-07-29T00:00:00Z,0,0,0,165.71957894736843,499.98989473684213,1218.363,1726.1992105263157,2158.841684210526,2235.7704210526317,2431.263947368421,2582.050894736842,2772.6394736842103,3599.271105263158,3769.6723157894735,4210.178631578948,4396.859736842105,5409.941789473684,5169.4152631578945,5326.721473684211,5296.206210526316,5738.44052631579,5160.907315789474,5943.507315789474,4878.73952631579,5164.022842105263,5541.042421052632,4936.397894736842,4781.4247894736845,4285.587315789474,4585.5199999999995,4596.666578947368,4546.322947368421,4403.626684210526,4491.797052631579,4008.628842105263,4427.548,4139.601210526316,3973.1667368421054,3407.5685263157893,3201.055105263158,2805.5758421052633,2343.5396842105265,1693.06,1385.3073684210526,991.136947368421,764.4883684210527,555.1867368421052,415.88684210526316,323.24747368421055,238.4542105263158,182.76284210526316,137.36615789473686,110.86331578947369,75.0738947368421,67.68415789473684,51.75121052631579,36.382052631578944,32.449052631578944,12.87978947368421,0,0,0,0,0,0
2015-07-29T01:00:00Z,0,0,0,146.8868,469.2488,1197.9962,1711.298,2072.67475,2140.03945,2199.36705,2424.5745,2514.1308,3223.79175,3423.024,3841.55415,4147.8446,4945.55455,4896.28405,5007.46025,4907.9285,5569.04255,4989.7725,5771.48535,4665.75755,5118.7477,5481.29905,5004.045,4627.2954,4374.02235,4549.57595,4656.53315,4439.60185,4433.62,4466.5939,4121.46595,4415.85355,4173.37395,4234.52505,3777.19895,3687.80735,3315.9021000000002,2882.241,2118.88515,1921.3333499999999,1367.6865,1002.6794,742.06785,510.6811,402.54775,287.85595,195.39335,146.5359,119.84675,102.7927,76.80199999999999,46.7011,35.85935,35.92385,18.6531,0.53225,0,0,0,0,0
2015-07-29T02:00:00Z,0,0,0,149.2674,477.5457,1221.65275,1629.85315,2038.3221,2080.04335,2093.88565,2071.76435,2238.16915,2737.49065,3034.1427,3325.5325,3582.9605,4376.91245,4533.1679,4580.5444,4602.04715,5337.3255,4712.7549,5537.35185,4672.30925,5001.61405,5488.72,5025.33575,4805.14835,4398.649,4732.9731,4804.3343,4626.84835,4561.85385,4637.3013,4232.02455,4624.4241,4477.09075,4613.0454,4282.39015,4306.8189,4034.93365,3769.19295,3052.1083,2619.4292,2024.02925,1585.5275,1065.0524,759.4343,542.8589,403.9349,294.759,206.2782,163.69585,98.06285,87.6237,64.15685,43.5913,39.5584,16.91515,1.5319500000000001,0,0,0,0,0
2015-07-29T03:00:00Z,0,0,0,152.5544,454.16805,1138.0088,1509.4474,1872.4736,1812.1154,1807.58175,1927.4668,1956.31895,2535.5576499999997,2712.3952,3026.42505,3149.0165,3843.9524499999998,4001.5129,4163.7852,4162.89655,4924.6932,4378.82445,5319.9954,4428.7809,4833.3071,5505.66155,5092.39155,4868.9786,4505.965,4882.2192,4978.3302,4812.0511,4849.1901,4805.1283,4499.80325,4779.61175,4699.1653,4866.73435,4573.0455,4473.62125,4371.44605,4125.2234,3310.02715,3023.70565,2428.7743,1942.59165,1378.41615,974.684,692.41015,498.3709,381.22775,254.86235,201.52485,137.2465,92.60055,69.90005000000001,56.11245,35.98365,26.7309,0.5125,0,0,0,0,0
2015-07-29T04:00:00Z,0,0,0,146.13065,414.5345,1093.96415,1465.15675,1761.7970500000001,1704.32335,1707.22165,1860.70325,1841.3547,2342.90035,2504.2199,2784.9143,2961.7291,3575.348,3694.26925,3891.49615,3971.69295,4472.58365,4243.76885,5081.07935,4332.2883,4694.7864,5460.64245,5072.5521,4801.7306,4646.29285,4954.4546,5210.7845,5063.5523,5042.5517,5067.69945,4784.33745,5108.5184,5025.2889,5200.71005,4806.3649000000005,4941.75705,4748.3956,4658.1799,3708.9532,3533.06455,2855.6399499999998,2227.5142,1723.0973999999999,1294.66055,936.45895,639.1967,441.4667,329.84655,242.33870000000002,183.36065,146.64525,93.5404,71.78435,58.1041,40.5447,0.5035499999999999,0,0,0,0,0
2015-07-29T05:00:00Z,0,0,0,157.5067,465.49025,1147.14235,1575.0628,1849.1156,1738.6695,1760.6339,1757.53185,1758.66335,2157.1927,2258.05205,2475.8943,2578.44935,3224.20745,3301.8229499999998,3543.1727,3637.3486000000003,4200.8347,3997.16,4701.5177,4147.9851,4691.49035,5214.6245,5012.43245,4838.7969,4792.24885,5136.4149,5452.85005,5251.5851,5335.8439,5341.865,5148.01895,5572.7101999999995,5531.03145,5665.883,5315.7254,5458.7919,5299.47555,5193.8229,4180.75265,3988.8564499999998,3221.57595,2623.2065000000002,1980.2912,1501.24055,1078.9408,830.54475,612.63085,387.18755,326.25695,219.22185,162.1436,115.47245,99.64865,68.32415,44.1319,2.57355,0,0,0,0,0
2015-07-29T06:00:00Z,0,0,0,143.1662142857143,486.1245,1227.8657857142857,1630.4917142857144,1938.7729285714286,1949.0275,1810.0435,1872.2335,1788.283357142857,2177.193714285714,2261.844285714286,2486.713357142857,2703.6792142857144,3269.4890714285716,3425.6538571428573,3575.4830714285713,3631.0622857142857,4388.526285714286,4023.929285714286,4936.904357142857,4183.315785714286,4674.006,5366.1131428571425,5151.0535,5107.1895,4882.364714285714,5283.228285714285,5587.8855,5578.371571428572,5653.3695,5815.412714285714,5602.749928571428,6128.295857142857,6048.863642857143,6313.433642857143,5690.545071428572,5933.597857142857,5526.075357142857,5270.888,4181.151285714286,3854.2616428571428,3060.7935,2524.5300714285713,1844.9314285714286,1388.3799285714285,1054.5123571428571,798.2572142857143,601.4219285714286,449.96635714285713,324.4705,245.5687142857143,176.39514285714287,122.63407142857143,99.46157142857143,67.07607142857142,42.887,1.4775714285714285,0,0,0,0,0
2015-07-29T07:00:00Z,0,0,0,136.57717647058823,426.0141176470588,1061.0732352941177,1469.3197647058823,1792.2528823529412,1727.9371176470588,1769.6245294117648,1877.8511176470588,1970.4551176470588,2466.5387647058824,2714.9315294117646,2994.492823529412,3246.6465294117647,4126.382764705882,4115.262411764706,4388.939882352941,4431.3024117647055,5332.224058823529,4882.963235294118,5716.845117647059,4959.678647058823,5581.859647058824,6468.6039411764705,6206.500411764706,6011.412058823529,5759.158,6216.427294117647,6593.217294117647,6498.327235294118,6602.260882352941,6520.649,5841.188117647059,6077.210117647059,5529.664117647058,5187.127058823529,4357.281705882353,3963.1644705882354,3387.31,2881.323,2120.236705882353,1785.2138235294117,1350.2591764705883,1092.0645882352942,816.1574117647059,596.4364117647059,469.9288823529412,401.9341764705882,294.2294117647059,206.24388235294117,160.20135294117648,118.9375294117647,100.49394117647059,83.47388235294117,54.11817647058823,52.928,36.165176470588236,1.8481176470588236,0,0,0,0,0
2015-07-29T08:00:00Z,0,0,0,132.89090000000002,414.11715,1128.79675,1552.42415,1929.20775,1864.7402,1803.6514,1950.27865,2057.39,2568.1405,2815.7489,3105.5639,3499.53975,4413.8912,4587.06765,5007.6186,5177.64105,6043.2092,5621.7656,6712.0495,5836.47905,6417.53175,7184.2094,6784.7255,6739.97365,6250.9878,6866.09845,7016.78195,6750.2817,6606.1489,6179.1161,5474.3907,5339.54535,4745.54615,4234.9948,3404.33305,3010.66105,2449.2786,2111.14315,1523.5197,1323.3496499999999,1035.337,865.9084,646.5802,483.5674,393.9821,318.73895,254.1208,182.4178,150.35605,106.76435000000001,84.88255,64.8741,42.38825,43.9901,26.07795,0.9945,0,0,0,0,0
2015-07-29T09:00:00Z,0,0,0,150.90355,466.3137,1209.3447,1654.66935,2025.8871,2050.85135,2144.1061,2239.9302,2435.21875,3218.6543500000002,3581.42125,4198.8245,4709.56485,5908.734,6247.2896,6668.4412999999995,6645.678,7593.7667,6962.60165,8012.0380000000005,6657.0835,7161.1756000000005,7946.0871,7272.3251,6923.83845,6211.7879,6454.119,6358.15945,5693.6105,5234.60865,4646.7714,3784.6204,3471.68645,2826.4475,2496.55185,1925.8762,1688.4471,1412.64085,1203.5375,951.8057,816.55405,668.6745,545.7647499999999,429.9647,361.953,278.93735,223.10395,164.73995,140.26725,114.3423,78.23315,71.38025,44.89625,41.0892,34.7563,20.5051,0.47845000000000004,0,0,0,0,0
2015-07-29T10:00:00Z,0,0,0,144.01495,482.7366,1226.969,1682.64895,2115.52515,2185.42305,2390.86255,2652.6015,2966.20205,4096.2188,4462.66525,5218.1746,5723.8645,7378.5494499999995,7347.84925,7757.00745,7581.99385,8514.633249999999,7545.1281,8681.34785,7171.6292,7580.49525,8227.1516,7353.6238,6742.0512,5923.55995,5981.37235,5517.3062,4864.6645,4253.03395,3672.93735,2904.5359,2625.13645,2110.25545,1798.69895,1398.6412500000001,1218.5798,1028.06935,928.9583,709.1365,625.27035,511.93305000000004,446.05405,352.50475,312.9121,250.19150000000002,209.1513,166.1719,122.1784,108.99385,74.8936,61.46765,44.35405,33.9473,31.94795,17.6916,0.48375,0,0,0,0,0
2015-07-29T11:00:00Z,0,0,0,162.9565,565.0854,1416.50185,1959.9030500000001,2639.0936,2821.5262,3040.1942,3549.1877,3883.468,5185.2245,5685.13185,6497.4074,7059.2207,8471.5586,8435.66125,8436.5698,8228.54655,9043.39975,8025.0001,8957.3213,7075.1879,7534.654500000001,7772.3458,6752.43825,6073.26075,5180.7095,4997.27575,4570.6785,3856.47915,3228.98115,2782.80505,2136.4737999999998,1921.87765,1539.03515,1320.38255,1055.3949499999999,949.8736,824.7748,709.36975,581.83785,552.72345,428.4395,410.3636,340.25045,271.0941,225.3531,171.5361,156.2029,124.58415,110.82215000000001,56.609,57.97455,42.87925,36.4261,26.206,17.38455,0.4643,0,0,0,0,0
2015-07-29T12:00:00Z,0,0,0,218.12036842105263,703.1194210526315,1723.9908947368422,2477.813,3345.2753684210525,3616.8144210526316,4072.375052631579,4543.239736842105,4962.1191052631575,6454.646894736842,6884.591684210526,7505.453842105263,7830.840789473685,9071.576421052632,8799.965421052631,8737.602684210526,8219.880052631579,8894.551894736842,7807.729263157895,8246.625368421053,6465.3702105263155,6625.889157894737,6721.159157894737,5746.274157894737,5001.592263157895,4107.579263157895,3905.088578947368,3476.458842105263,2833.9365789473686,2445.6698421052633,2049.9815263157893,1531.246842105263,1417.73,1194.4626842105263,1031.985105263158,844.3315263157895,741.2703684210526,665.171052631579,631.6458421052631,497.9133684210526,491.2924210526316,426.0427368421053,354.07915789473685,286.7651052631579,247.82605263157893,214.54015789473684,164.85826315789473,147.96036842105264,114.74952631578947,99.24257894736841,63.146157894736845,67.97221052631579,39.108,27.56042105263158,26.57636842105263,12.525526315789474,0,0,0,0,0,0
2015-07-29T13:00:00Z,0,0,0,278.4734705882353,914.9967647058824,2078.4689411764707,2944.6450588235293,4012.192588235294,4311.998529411765,4863.379176470588,5588.944764705882,5830.941294117647,7459.565117647058,7828.505117647059,8464.479470588236,8646.621294117647,9888.293764705882,9484.402764705883,9100.433470588236,8548.883529411765,9136.261647058824,7862.925764705882,8488.175294117647,6550.848705882353,6495.241235294117,6705.415117647059,5606.007058823529,4791.001058823529,3879.6532352941176,3534.754294117647,3205.321529411765,2573.6893529411764,2171.0015294117647,1793.9608235294118,1374.836,1290.2938823529412,1033.4971176470588,1003.4516470588236,815.4360588235294,738.9645294117647,632.0725882352941,604.8328823529412,494.565,483.7082352941176,418.4089411764706,395.9814705882353,327.8935294117647,265.69682352941174,215.37970588235294,178.94541176470588,155.07617647058825,117.1869411764706,105.32735294117647,68.16982352941176,65.40611764705882,37.93929411764706,34.60082352941176,29.53335294117647,14.688411764705883,0.5734705882352942,0,0,0,0,0
2015-07-29T14:00:00Z,0,0,0,334.129,969.94605,2219.14155,3079.9584,4212.35975,4513.6616,4995.253,5630.8744,5864.2892,7563.8478000000005,7754.4391,8308.2256,8409.6415,9777.633100000001,9046.9491,8787.06755,8140.2047,8557.48495,7390.0669,7829.04235,6010.05435,5949.52145,5984.8205,5009.55475,4228.53455,3486.27785,3319.2858,2945.933,2412.15665,1885.9242,1672.45,1276.0833,1177.95295,982.16605,866.4224,721.0804,681.58065,605.578,589.2059,454.59015,471.75045,405.95504999999997,354.49625,290.9402,252.61485,204.9763,167.64625,129.4541,81.0999,98.88635000000001,76.6369,52.6717,41.15845,31.2161,21.0754,16.09635,0,0,0,0,0,0
2015-07-29T15:00:00Z,0,0,0,346.12125,1070.7812,2328.71185,3316.5862,4410.0619,4784.52525,5232.86305,5788.47535,6008.0851,7727.9239,7880.3747,8468.4529,8516.422849999999,9702.45635,9085.35105,8849.059799999999,8103.54875,8672.3485,7163.4498,7767.98405,5963.72795,5928.36055,5952.2311,4901.21415,4268.06555,3470.40175,3262.77225,2976.9007,2428.94685,1984.7965,1659.78455,1262.39795,1132.79205,983.1212,850.79245,713.08875,617.64775,574.47165,594.14985,466.68255,448.5653,393.65165,371.99805,296.2314,237.7921,193.0436,180.87945,135.83375,106.61755000000001,83.77685,66.9418,60.5851,35.4242,31.37005,30.8651,16.90305,0,0,0,0,0,0
2015-07-29T16:00:00Z,0,0,0,344.18925,1041.4125999999999,2343.67015,3214.31125,4317.0282,4654.9245,5067.57,5815.80705,5767.3759,7443.48335,7680.1418,8345.7469,8220.4349,9402.59475,8939.25165,8797.4008,8045.93335,8597.28015,7227.6045,7944.1931,6080.7389,6082.06795,6123.6344,5196.6988,4569.83875,3800.45075,3536.37265,3201.2756,2637.67915,2257.77105,1890.76515,1429.7852,1282.6390000000001,1046.75975,913.6623999999999,737.30495,650.9931,627.18725,577.41795,476.51445,464.24285,361.94329999999997,346.5326,292.86405,238.90765,189.54195,170.07095,133.43234999999999,115.6914,104.2871,58.4926,62.64955,38.1332,26.7905,24.921499999999998,19.08245,0.45315000000000005,0,0,0,0,0
2015-07-29T17:00:00Z,0,0,0,236.10465,793.1828,1966.12265,2745.38305,3668.18735,3896.52885,4199.0383,4760.4988,4847.82355,6339.0359499999995,6507.32045,7137.65085,7171.5123,8506.15295,8087.06085,8075.1192,7600.068,8300.1121,7124.051,7930.55555,6238.7243499999995,6376.0833,6583.27175,5767.20625,5127.0496,4473.12345,4394.3849,4096.5535,3542.6837,3233.65745,2772.5398,2129.5788,1989.25355,1556.99145,1299.68125,1006.5133999999999,911.00445,741.31035,649.4293,534.4941,508.1749,433.0955,359.47115,306.8898,254.76435,206.36575,170.3793,145.1184,102.9173,95.57265,63.778,61.419,40.01615,31.35915,25.93465,16.38425,0.4563,0,0,0,0,0
2015-07-29T18:00:00Z,0,0,0,210.074,667.20345,1680.4854500000001,2345.1151,3124.3156,3300.9318,3522.7565,3913.3839,4047.49325,5210.3395,5503.6197,6012.18175,6285.4392,7427.35135,7194.6311000000005,7288.2384,6976.66865,7717.93195,6939.49655,7646.91445,6182.78405,6389.12665,6911.7105,6089.71075,5627.42815,4928.76865,4998.2181,4958.8562,4473.27515,4060.4821,3657.22265,3031.4584,2774.3467,2351.41015,2034.8265999999999,1571.1533,1259.62825,1062.7831,903.76645,637.8571,580.48725,462.22044999999997,414.33135,329.7184,280.34665,226.30425,189.93105,144.17385,118.63155,99.29765,64.6364,60.70995,37.1185,31.382550000000002,30.64715,17.25175,0.9178999999999999,0,0,0,0,0
2015-07-29T19:00:00Z,0,0,0,195.0689,619.1421,1468.19375,2229.7541,2909.12505,3020.73085,3205.87315,3517.21795,3739.16125,4767.61855,5044.2297,5482.85725,5701.3625,6834.5383,6617.40235,6605.5766,6525.79675,7209.69825,6338.6831999999995,7226.30235,5872.92585,6173.64215,6676.0304,5928.7339,5573.96485,5129.2871,5143.23295,5028.7377,4683.9319,4424.2014500000005,4118.40345,3477.0371,3392.2749,2865.0309,2499.5315,2022.24215,1657.8052,1318.8744,1079.4466,754.28855,615.79095,510.7244,415.97355,324.30065,279.86145,211.50395,176.45165,145.345,118.2671,91.3777,66.449,59.93275,37.6649,25.46365,24.99555,10.823599999999999,0,0,0,0,0,0
2015-07-29T20:00:00Z,0,0,0,204.71942857142858,622.3377142857142,1386.2695714285715,2076.146,2716.3720000000003,2861.6454285714285,3012.8295714285714,3416.4645714285716,3626.9534285714285,4684.894571428571,4780.313428571429,5448.852,5543.642714285715,6434.832,6500.582571428571,6449.373857142858,6384.7504285714285,6920.636571428571,5981.344714285714,7040.334857142857,5806.056285714286,6167.504,6634.396,5955.164428571428,5594.473857142857,4958.999714285715,5283.8009999999995,5226.180714285714,4761.876,4593.545142857142,4274.5665714285715,3675.1088571428572,3688.0275714285713,3277.5671428571427,2891.8461428571427,2169.4902857142856,1915.990857142857,1476.222142857143,1297.5638571428572,858.703,717.4937142857143,567.2952857142857,439.3837142857143,359.18285714285713,277.00728571428573,242.35942857142857,170.53614285714286,159.3162857142857,116.28985714285714,84.53871428571428,65.19114285714285,52.40971428571429,40.107571428571426,19.27542857142857,15.367714285714285,15.347142857142858,1.3942857142857144,0,0,0,0,0
2015-07-29T21:00:00Z,0,0,0,158.983,506.76,1281.804,1937.611,2017.103,2166.15,2692.783,2802.084,2941.194,3865.286,3507.573,4262.744,4411.791,5484.93,5405.438,5087.471,5753.214,6110.927,5415.374,6170.546,4968.233,5455.12,5733.341,5902.261,5683.659,5216.645,5514.739,5166.963,4709.885,5147.09,4898.678,3865.286,4004.396,4083.888,4143.507,3020.686,3070.368,3020.686,2454.307,1629.581,1430.851,1122.821,735.299,586.252,387.522,447.141,208.666,178.856,158.983,129.174,119.238,99.365,49.682,39.746,9.936,29.809,0,0,0,0,0,0
2015-07-29T22:00:00Z,0,0,0,149.42205,502.53675,1243.0958,1739.1556,2201.03265,2207.8094499999997,2236.24955,2515.92425,2575.956,3330.16035,3435.0909500000002,3784.7162,4045.17015,4867.38975,4786.2944,4939.8439,4838.10225,5423.5857,5043.4469500000005,5820.26605,4933.0495,5143.6719,5732.51645,5359.4634,5125.43305,4785.54995,5184.19835,5124.30095,5014.3218,4861.84405,4866.5227,4397.9621,4646.01395,4293.23215,4126.84445,3602.157,3436.92705,3111.0238,2740.48425,2048.5501,1762.5769,1301.196,1043.4992,711.50045,524.2896,366.9673,277.29605,220.0563,153.053,126.4995,79.3344,66.388,56.56415,37.395649999999996,34.01185,16.30155,0.46525,0,0,0,0,0
2015-07-29T23:00:00Z,0,0,0,143.452,453.52357894736843,1216.9605263157896,1647.0143684210525,1992.9235263157896,2073.7106315789474,2070.400789473684,2140.0553157894738,2329.309894736842,2857.217052631579,3009.128894736842,3245.630105263158,3509.0696315789473,4279.990368421052,4256.914263157895,4343.473894736842,4318.371842105264,5054.759947368421,4534.735263157895,5305.641315789474,4489.445578947369,4882.231578947369,5447.883473684211,5102.063684210526,4983.04047368421,4551.275894736842,4960.4563684210525,5159.766947368421,4918.305421052632,4913.969894736842,4976.282526315789,4547.478263157895,4907.973578947369,4604.145421052632,4628.049578947368,4128.271421052632,4122.694421052632,3712.5084210526315,3526.470947368421,2768.589842105263,2481.8822631578946,1927.7472105263157,1538.7586842105263,1125.4206315789475,775.3001052631579,564.503947368421,406.3815263157895,308.27294736842106,222.17499999999998,148.57563157894737,115.40173684210527,88.70652631578947,57.321263157894734,55.892421052631576,34.30178947368421,20.957894736842107,0,0,0,0,0,0
2015-07-30T00:00:00Z,0,0,0,131.15145,410.27645,1101.8985,1500.608,1829.9452000000001,1926.5557,1858.2573,2101.82325,2156.9956,2848.51065,2973.7775,3238.8809,3362.41755,4177.58385,4184.45215,4246.07655,4247.0811,4811.54215,4427.9613,5238.697,4324.616,4760.35365,5373.93305,4980.40625,4852.7347,4464.5558,4873.8203,5099.66385,4845.4484,4867.78445,4776.75225,4441.7093,4766.7117,4586.64445,4664.24335,4293.52905,4239.4638,3967.51515,3591.4519,2854.39515,2664.55265,2052.57295,1586.51995,1160.57345,829.5168,579.366,410.2614,284.1638,199.75935,160.22729999999999,120.41605,91.4936,57.51015,53.1965,35.01395,24.74575,0.46840000000000004,0,0,0,0,0
2015-07-30T01:00:00Z,0,0,0,138.31405,427.7165,1084.7016,1545.7849,1879.6504,1806.29965,1868.1359,1975.9684,1901.96505,2390.2632,2533.93125,2749.64455,2988.3635,3516.52305,3621.1614,3758.7068,3775.74805,4352.0128,4064.34335,4611.31005,4034.4279500000002,4380.2312,5003.06655,4788.62095,4639.5826,4380.53925,4751.30725,5000.69735,4887.3885,4920.9146,4978.008,4648.75905,5062.5984,4934.4932499999995,5050.32445,4642.44615,4679.6553,4410.1033,4288.42445,3568.91395,3428.3319,2880.4264,2440.73715,1978.222,1457.91975,1133.79865,788.77275,577.2148,410.11065,310.78415,210.47425,169.7819,106.5573,87.7058,64.8415,41.09225,1.482,0,0,0,0,0
2015-07-30T02:00:00Z,0,0,0,132.04015,441.6062,1145.4155,1529.10875,1834.44695,1636.0897,1675.05115,1667.38575,1654.02235,2017.4199,2046.05735,2158.21155,2337.06255,2821.31005,2822.3596,3082.64295,3066.12115,3490.4228,3393.4856,3955.73735,3465.46395,3912.69185,4473.6707,4368.4133,4244.6601,4041.05735,4532.7884,4864.0998500000005,4843.4971,4956.51565,5208.70345,4885.96305,5376.5905999999995,5381.5233,5570.46255,5199.4142,5433.3025,5377.5734,5418.0369,4579.2479,4711.36805,3997.7484,3672.9667,3039.37245,2557.3971,2012.90335,1585.23885,1228.0908,867.79075,709.49225,443.21815,373.4209,241.6346,200.8331,132.8561,91.65905000000001,3.5782,0,0,0,0,0
2015-07-30T03:00:00Z,0,0,0,119.39965000000001,461.44440000000003,1161.95965,1520.4031,1817.8437000000001,1764.90165,1699.31605,1710.55765,1687.68265,2057.7244,2088.12725,2242.6797,2381.29525,2814.047,2905.69405,2987.5466,3065.13485,3529.614,3252.1697,3978.7139,3367.58625,3770.22615,4405.6996500000005,4161.99705,4152.139,3979.6629,4409.5109,4712.4628,4746.2548,4894.3686,5037.826,4747.3363500000005,5424.7111,5366.8151,5545.1383,5457.6877,5403.7132,5499.92735,5539.81515,4681.8984,4785.56965,4064.59835,3746.1156,3004.2781,2465.0904,1969.63985,1530.80135,1174.4557,860.53925,681.09255,476.09335,388.28795,237.55949999999999,198.0896,147.9908,65.4937,4.05255,0,0,0,0,0
2015-07-30T04:00:00Z,0,0,0,133.32795,411.69350000000003,1119.2124000000001,1489.2001,1826.81135,1730.48465,1694.39895,1711.33585,1725.1528,2153.75155,2233.6752,2504.19635,2595.1005999999998,3041.92275,3132.7835,3204.87295,3248.64155,3735.742,3548.7195,4161.41595,3620.8179,3991.1402,4596.1474,4383.9433500000005,4382.3862,4099.45915,4617.32785,4956.2986,4907.70645,5036.70935,5305.024,5031.82005,5588.4458,5555.5086,5678.5415,5279.7767,5460.12225,5386.3118,5226.1713500000005,4333.51965,4258.329,3583.8143,3061.1109,2375.8848,1901.792,1425.75105,1142.31975,824.26035,604.49045,476.68965,319.2258,255.14905,178.093,126.26135,78.37805,55.5475,4.026,0,0,0,0,0
2015-07-30T05:00:00Z,0,0,0,126.90515,470.77585,1168.31935,1587.24485,1922.749,1804.22955,1791.48765,1916.58835,1823.3134,2226.4009,2249.9552,2487.5935,2566.451,3192.48905,3156.37285,3312.83705,3271.50015,3868.949,3582.7369,4320.77585,3725.3371,4094.93245,4678.44805,4579.687550000001,4505.74005,4183.6646,4789.8305,5124.5364,5130.4213,5302.2594,5536.2225,5289.2132,5900.84095,5727.6752,6053.0773500000005,5669.49575,5635.314,5423.28405,5198.5750499999995,4349.1373,4173.15695,3411.09585,2906.94045,2303.188,1717.8911,1388.13945,1029.7777,763.18055,588.50715,434.82405,306.56385,233.2574,187.1488,121.82095,92.9667,54.1598,1.98605,0,0,0,0,0
2015-07-30T06:00:00Z,0,0,0,165.37664705882352,529.9875294117647,1289.8617647058823,1754.1385294117647,2122.616705882353,1852.2404705882352,1915.9383529411764,1992.3806470588236,1907.5467058823529,2246.825529411765,2264.7623529411767,2436.1991176470588,2544.335705882353,3151.755823529412,3168.679647058824,3318.293294117647,3326.180764705882,3890.7010588235294,3625.5940588235294,4502.684764705882,3758.052294117647,4127.108294117647,4830.5074117647055,4617.134,4610.962176470588,4409.920823529412,4988.417470588235,5370.2851176470585,5427.2988235294115,5606.912058823529,5978.581,5636.002529411765,6168.037764705882,6258.914764705883,6494.626882352941,6010.484176470588,6025.394823529412,5761.7440588235295,5313.911117647059,4244.132764705882,4005.4065882352943,3127.0135882352943,2660.6183529411765,2085.6428823529413,1673.0385294117648,1259.3426470588236,978.5134117647059,740.4073529411764,517.7118823529412,418.50864705882356,290.2594705882353,256.303,161.15970588235294,135.52841176470588,108.86258823529411,57.66129411764706,1.1601764705882354,0,0,0,0,0
2015-07-30T07:00:00Z,0,0,0,141.2803,459.8368,1231.22785,1566.55555,1860.77075,1837.10185,1815.0092,1882.24795,1937.3959,2376.10015,2502.58725,2740.8294,2972.2494,3584.13895,3724.5481,4038.3394,4070.0306,4856.5617,4491.94705,5494.06915,4794.67885,5299.8717,6157.5135,5984.8128,5870.6164,5646.20765,6127.3324,6461.44945,6438.42115,6537.21105,6397.3917,5900.83565,6197.34545,5731.3658,5469.6692,4656.61675,4414.5276,3828.4707,3381.4669,2568.55615,2260.3222,1754.27335,1368.7495,1089.99855,805.35725,644.45195,523.7174,384.4183,280.50105,235.62485,160.96495,139.4971,90.666,68.869,49.7608,31.1871,2.92105,0,0,0,0,0
2015-07-30T08:00:00Z,0,0,0,122.9966,475.00145,1060.4604,1486.50645,1845.4387,1836.36335,1892.95705,2072.27375,2132.2629,2847.80235,3173.6603,3586.3841,4000.72185,5070.9674,5370.0982,5665.26245,5790.69725,6715.6578,6320.3315,7426.25265,6201.33535,6797.52285,7591.33025,7047.91725,6893.9487,6410.98355,6727.75285,6737.8012,6249.1043,5968.0797,5363.02105,4570.60025,4487.72805,3868.7406499999997,3462.1826,2830.8121,2435.38065,2075.6173,1802.77365,1264.60595,1167.05765,887.4622,746.27135,585.5505,466.50554999999997,378.9638,281.82045,228.72385,166.07265,136.75205,81.42615,79.25485,56.4304,45.06145,44.04815,27.07465,1.8681,0,0,0,0,0
2015-07-30T09:00:00Z,0,0,0,134.28810000000001,444.67145,1120.4241,1597.76865,1982.64325,2093.6905,2351.2258500000003,2627.8527,2905.15975,3995.0121,4439.21705,5167.04095,5696.75365,7043.38895,7081.77865,7371.4898,7205.86855,8189.443,7426.33675,8507.3113,6911.34665,7416.5463,8072.57185,7447.62435,6662.6075,5925.65465,5950.2807999999995,5532.3864,4804.18375,4282.66405,3837.2822,3055.14845,2803.90345,2395.0432,2069.25395,1638.25195,1461.1692,1251.0399,1129.5543499999999,804.7176,715.51375,593.2025,485.9755,415.74895000000004,324.06735,265.75955,225.7694,175.7411,118.2743,108.5947,77.02015,71.0244,51.2577,39.26535,31.51225,18.47065,1.3462,0,0,0,0,0
2015-07-30T10:00:00Z,0,0,0,164.0762,516.523,1303.64735,1811.92365,2347.7844,2662.15925,2951.5391,3371.31865,3774.8027500000003,5152.15715,5542.16095,6327.35565,6793.0728,8105.4517,8120.5662999999995,8265.03345,7992.9479,8794.4621,7894.18735,8925.46585,7232.80105,7556.1819,7948.7285,6896.0434,6319.0375,5299.42665,5142.387,4726.61075,4034.9282,3419.3387,2903.03395,2355.64865,2118.98785,1764.7354,1530.66445,1244.81945,1094.6011,929.66535,815.98855,629.9798,582.7925,482.59635000000003,393.2612,330.24925,272.9647,220.62155,174.2428,152.7593,111.3839,89.24715,63.7943,58.0414,42.65395,37.8249,24.5954,20.16665,1.33345,0,0,0,0,0
2015-07-30T11:00:00Z,0,0,0,203.34294736842105,645.0026842105264,1555.4078421052632,2209.2455789473684,2953.698684210526,3283.375894736842,3745.0064210526316,4180.673421052632,4639.582842105263,6085.462947368421,6518.009736842106,7087.538157894737,7540.899947368421,8897.964368421053,8592.464210526316,8555.682684210526,8163.249,8912.688789473685,7877.531,8935.799421052632,7065.38447368421,7213.9495789473685,7653.679263157895,6572.369894736842,5883.310842105263,4879.2891578947365,4703.372631578947,4259.725157894737,3565.45,3002.1443684210526,2554.477684210526,1981.1104736842105,1801.6938421052632,1494.4544736842106,1269.7943157894738,1012.8041578947368,926.4581052631579,780.4346842105263,723.8541578947369,554.8363157894737,541.1960526315789,432.0556315789474,402.6452105263158,311.134,255.80847368421053,238.86305263157894,176.0576842105263,146.66942105263158,110.08468421052632,105.0671052631579,65.89984210526316,60.05563157894737,46.99068421052632,42.28,29.644052631578948,22.32284210526316,0,0,0,0,0,0
2015-07-30T12:00:00Z,0,0,0,291.2732,840.63045,1987.1985,2819.59445,3868.55165,4251.63615,4777.60485,5343.70045,5619.7676,7263.08475,7407.9229,7998.9868,8079.2036,9397.7604,8855.09895,8622.93495,8181.9406,8777.77775,7676.5716,8337.34625,6485.8532,6536.33955,6598.1042,5685.95545,4891.58135,3965.1007,3867.9212,3310.2992,2789.8039,2287.9424,1940.2962,1482.7951,1394.502,1134.2281,985.32125,799.05085,725.7266999999999,611.5881,572.35465,460.93685,458.5722,383.84475,382.8953,281.22075,237.36875,188.81055,160.7728,134.89475,98.42835,78.6853,69.4083,52.5277,33.3111,36.43615,25.6396,16.423099999999998,0,0,0,0,0,0
2015-07-30T13:00:00Z,0,0,0,422.47475,1239.02765,2775.00915,3753.47645,5021.3807,5409.1057,5920.8822,6549.91145,6584.4572,8176.972,8270.27425,8512.9097,8328.503349999999,9465.08485,8792.9908,8355.2019,7782.9588,8088.28335,6788.5996,7186.4117,5415.0563,5312.8676,5186.30025,4197.1157,3523.3706,2784.10925,2531.99305,2183.01795,1754.12185,1507.9782500000001,1276.8757,976.6788,901.77825,786.17545,690.98665,586.2375,549.349,556.1116,473.37445,389.217,415.1885,327.63475,309.98225,237.05185,201.46735,168.11055,142.3945,117.5252,94.40465,81.39975,54.37115,50.3408,33.99675,28.237099999999998,29.8717,11.0525,0.8054,0,0,0,0,0
2015-07-30T14:00:00Z,0,0,0,557.42115,1519.26735,3241.23005,4389.75285,5788.97925,6120.7410500000005,6546.5428,7138.07485,7128.70945,8657.5937,8658.90945,8909.19535,8693.5934,9570.64615,8787.67245,8198.955249999999,7253.8264,7461.8521,6185.72655,6358.98275,4649.70945,4410.0438,4257.582,3398.06105,2765.80325,2151.1079,1911.00085,1635.54615,1384.4669,1122.1893,955.8364,775.34665,744.7986,662.367,614.8581,527.8642,513.5568,458.49735,449.7362,375.2054,368.2867,309.42225,278.3967,254.5933,198.59154999999998,171.58315,125.4471,111.7506,87.1112,83.6387,55.4567,39.9586,34.23045,32.9535,22.82725,13.0555,0.81005,0,0,0,0,0
2015-07-30T15:00:00Z,0,0,0,629.9403,1684.77385,3392.39505,4557.09295,6080.90775,6339.0081,6777.516,7336.476,7166.9558,8760.3033,8700.051449999999,8889.1616,8609.58155,9494.49175,8615.037,8094.41435,7261.4462,7349.70405,5968.87015,6107.6809,4453.07335,4291.48475,4076.1471,3267.3058499999997,2556.31155,2052.29115,1788.01035,1583.59795,1258.82145,1075.70885,900.91355,735.9849,665.9906,638.3252,590.84565,490.525,490.62465,448.805,450.8498,361.9172,371.5559,309.7318,299.8057,230.92575,193.5602,179.3928,147.40935,124.393,77.79415,75.39905,54.64305,53.0555,36.48785,29.1549,21.11805,19.04995,0.4096,0,0,0,0,0
2015-07-30T16:00:00Z,0,0,0,674.9333,1751.73885,3499.6726,4613.06515,6124.47005,6526.74865,6797.11825,7295.5118,7215.362,8866.33565,8688.85895,8744.4252,8625.96835,9363.99145,8403.7602,7918.9445,7164.4631,7372.87615,5887.17035,6120.2941,4502.88215,4285.0636,4180.6777,3310.5329,2608.83035,2076.9627,1901.13025,1612.81325,1286.5741,1121.4473,917.8938,778.27815,754.9463000000001,619.80645,568.24745,493.49505,479.8011,457.80565,455.0258,349.92965,346.4678,300.0585,270.8239,246.06325,206.5619,167.11325,151.2768,118.36815,86.9944,75.60725,54.5213,40.67755,36.98105,28.0746,25.22625,14.6311,0,0,0,0,0,0
2015-07-30T17:00:00Z,0,0,0,677.1608,1710.9256,3293.0484,4579.7872,5957.6226,6306.4965999999995,6762.1528,7388.5386,6951.6296,8584.6478,8449.5402,8789.3442,8539.8222,9361.4238,8544.7292,8036.0944,7155.6968,7410.7894,6058.6125999999995,6314.8,4682.657200000001,4642.3366000000005,4545.2742,3527.5022,2864.5902,2272.7896,2076.6784000000002,1768.7672,1445.0298,1232.3932,1029.793,835.049,731.2222,647.88,553.5046,564.4752,470.1036,510.2366,460.736,369.389,347.8428,304.75,292.3378,268.0758,214.85,152.869,122.52799999999999,110.4012,94.1468,70.51859999999999,68.987,72.6946,26.3872,27.9,14.8804,16.8082,0,0,0,0,0,0
2015-07-30T20:00:00Z,0,0,0,134.071,431.9675,1295.8695,1772.3604999999998,2164.8275,2452.6115,2740.462,3023.623,3266.883,4200.6745,4582.8445,5252.766,5506.189,6404.6345,6310.348,5917.914000000001,5937.7055,6568.293,6116.4005,6707.237499999999,5411.2345000000005,5510.7945,6016.873,5287.2765,5446.5465,4746.303,4920.125,5271.873,4775.6905,4333.894,4691.1155,3554.0325000000003,3663.0545,3276.362,2869.3095000000003,2204.0609999999997,1801.8475,1384.7325,1250.6115,729.547,660.1255,456.6825,342.53700000000003,441.74649999999997,312.73199999999997,198.553,223.452,144.0505,119.135,109.2225,74.428,74.4615,24.8485,29.788,39.700500000000005,0,0,0,0,0,0,0
2015-07-30T21:00:00Z,0,0,0,140.5757,456.02115,1242.70235,1701.164,2354.11745,2402.40425,2628.1344,2972.511,3171.3954,4091.834,4431.42625,4816.16035,5136.649,6077.67545,5906.062,5917.37665,5680.189,6278.95845,5518.1425,6299.9723,5059.8676,5560.94175,5972.04115,5452.61415,5197.4881,4742.2241,4918.02945,4947.9069500000005,4554.35445,4586.5923999999995,4383.59945,3891.0959,3959.43095,3494.09255,3182.60655,2523.75005,2130.45995,1670.029,1321.2566,897.0451,773.43685,573.9121,462.2648,355.27475,291.48845,211.1775,171.3803,134.16235,92.59165,93.0735,61.3831,59.12865,36.09505,29.1478,19.937350000000002,16.72535,0,0,0,0,0,0
2015-07-30T22:00:00Z,0,0,0,135.436,430.87325,1156.9768,1587.5486,2113.04075,2294.26365,2500.5939,2777.4049,2987.63915,3998.8363,4205.36005,4615.19235,4812.73605,5696.75245,5567.108,5480.6869,5323.1704,6002.15445,5317.51695,5943.9286,4814.80165,5284.2435000000005,5848.58355,5258.80565,4972.2382,4633.9554,4836.5112,4888.42145,4578.1422,4548.13095,4238.63065,3819.66575,3908.8819,3506.49325,3302.4443,2636.0951,2338.9695500000003,1839.6791,1506.85465,1038.26855,833.26525,593.5742,455.23285,353.311,268.92655,211.08554999999998,162.7572,122.70065,90.4585,74.90515,50.6755,40.5775,27.51295,18.0898,17.51475,13.69675,0.45965,0,0,0,0,0
2015-07-30T23:00:00Z,0,0,0,125.19415789473685,432.8442631578947,1133.8843157894737,1510.5541578947368,1857.0064210526316,1967.1584210526316,2033.4215789473685,2258.509894736842,2335.9843684210527,3048.952894736842,3214.1071578947367,3714.101947368421,3915.5217368421054,4843.788210526316,4830.529631578947,4937.166842105264,4890.392157894737,5493.554421052631,4949.6140526315785,5717.460526315789,4922.249947368421,5155.078052631579,5771.356421052632,5338.9096315789475,5148.121736842105,4718.205684210527,5128.567368421052,5160.370421052632,4918.751789473684,4953.268368421052,4923.653263157895,4585.501789473684,4815.514894736842,4548.431315789474,4540.508842105263,4012.4403157894735,3828.919052631579,3495.0087368421055,3125.4696842105263,2392.386368421053,2107.828315789474,1490.0690526315789,1162.1874210526316,780.9942631578947,567.1427894736842,398.84815789473686,289.2292105263158,221.3972105263158,168.61642105263158,139.55052631578948,79.30273684210526,65.22726315789474,41.53978947368421,43.06110526315789,29.367368421052632,21.02863157894737,0.5257368421052632,0,0,0,0,0
