time,volume,6.15,6.35,6.625,6.85,7.05,7.325,7.55,7.825,8.125,8.425,8.725,9.025,9.325,9.625,9.999,10.325,10.7,11.1,11.5,11.9,12.3,12.774,13.2,13.674,14.174,14.674,15.174,15.675,16.249,16.849,17.449,18.049,18.649,19.324,20.024,20.724,21.424,22.199,22.999,23.799,24.599,25.474,26.374,27.349,28.274,29.249,30.324,31.424,32.524,33.624,34.799,36.074,37.374,38.674,40.048,41.449,42.923,44.423,45.998,47.598,49.273,50.973,52.823,54.648,56.598,58.598,60.673,62.773,65.022,67.323,69.697,72.172,74.672,77.322,80.022,82.872,85.772,88.822,91.922,95.171,98.546,102.096,105.247,108.995,112.996,116.996,120.996,125.744,129.996
2015-07-27T00:00:00Z,2120.60593,0,0,0,0,0,0,0,0,0,0,0,0,0,0,0,0,0,0,0,0,0,0,0,0,294,982,2650,3668,4954,5276,5921,6400,6728,8584,9072,9714,10008,11790,11515,11382,10808,11730,10251,11621,9479,9898,10681,9587,9090,8151,8769,8621,8090,7715,7458,6415,6486,5633,4996,4045,3445,2716,2045,1462,1221,957,784,552,492,337,270,218,139,129,75,79,49,38,25,25,2,0,0,0,0,0,0,0,0
2015-07-27T01:00:00Z,2089.858458,0,0,0,0,0,0,0,0,0,0,0,0,0,0,0,0,0,0,0,0,0,0,0,0,269,931,2385,3526,4523,4828,5283,5732,6126,7969,8376,9045,9554,11267,10827,10702,10485,11564,9976,11702,9475,9973,10649,9741,9346,8384,8637,8881,8379,8308,8076,7224,7351,6549,6126,4963,4285,3421,2750,1837,1527,1130,889,649,482,368,300,215,156,142,95,83,57,36,36,18,0,0,0,0,0,0,0,0,0
2015-07-27T02:00:00Z,2109.612864,0,0,0,0,0,0,0,0,0,0,0,0,0,0,0,0,0,0,0,0,0,0,0,0,263,873,2197,3303,4232,4380,4917,5489,5670,7625,8021,8771,9220,10931,10566,10578,10318,11540,10226,11443,9541,10101,10859,9965,9260,8663,8981,9212,8772,8534,8398,7578,7731,7084,6651,5499,4832,4002,3266,2126,1726,1213,947,652,474,353,316,218,165,150,114,72,42,31,37,19,2,0,0,0,0,0,0,0,0
2015-07-27T03:00:00Z,1971.618868,0,0,0,0,0,0,0,0,0,0,0,0,0,0,0,0,0,0,0,0,0,0,0,0,222,709,1966,2829,3580,3867,4070,4576,4896,6493,6929,7599,8211,9783,9505,9568,9422,10563,9430,10741,8733,9405,10316,9298,8837,8130,8593,8811,8522,8357,8341,7513,7639,7294,7237,6084,5614,4715,3891,2762,2211,1564,1166,856,575,407,310,251,179,136,104,101,48,31,45,17,0,0,0,0,0,0,0,0,0
2015-07-27T04:00:00Z,2015.619738,0,0,0,0,0,0,0,0,0,0,0,0,0,0,0,0,0,0,0,0,0,0,0,0,232,744,1920,2669,3517,3706,3986,4430,4728,6198,6597,7299,7945,9667,9561,9756,9435,10894,9774,11107,9253,9872,10620,9832,9450,8756,9219,9536,9292,9208,9112,8443,9106,8381,8201,7282,6507,5544,4790,3327,2684,1942,1442,1017,720,548,395,281,216,157,111,100,78,47,46,23,2,0,0,0,0,0,0,0,0
2015-07-27T05:00:00Z,2025.85281,0,0,0,0,0,0,0,0,0,0,0,0,0,0,0,0,0,0,0,0,0,0,0,0,235,769,2000,2723,3376,3458,3723,4076,4273,5526,6028,6888,7328,8988,9156,9461,9277,10646,9476,11140,9209,10013,11128,10423,9798,9033,9990,10201,9967,9877,9921,9295,9779,9355,9329,8074,7548,6736,5907,4148,3631,2560,1974,1397,1015,720,506,367,272,205,142,132,69,65,59,33,3,0,0,0,0,0,0,0,0
2015-07-27T06:00:00Z,1666.49804,0,0,0,0,0,0,0,0,0,0,0,0,0,0,0,0,0,0,0,0,0,0,0,0,215,759,1680,2478,3043,3278,3429,4009,4006,5300,5734,6318,6735,8196,8212,8358,8375,9247,8187,9588,7929,8552,9318,8796,8385,7651,8372,8510,8072,8172,7960,7158,7474,6702,6276,5404,4678,4045,3277,2243,1804,1425,1049,769,581,471,279,254,167,160,89,84,63,46,31,23,1,0,0,0,0,0,0,0,0
2015-07-27T07:00:00Z,2090.305621,0,0,0,0,0,0,0,0,0,0,0,0,0,0,0,0,0,0,0,0,0,0,0,0,265,948,2303,3117,4162,4118,4629,5081,5377,7040,7431,7997,8685,10551,10423,10784,10561,11791,10711,12376,10377,11390,12345,11545,11226,10470,11363,11526,11055,11066,10752,9403,9620,8279,7666,6050,5417,4414,3627,2616,2195,1643,1354,914,703,535,403,279,251,195,142,110,74,47,52,38,0,0,0,0,0,0,0,0,0
2015-07-27T08:00:00Z,2020.69177,0,0,0,0,0,0,0,0,0,0,0,0,0,0,0,0,0,0,0,0,0,0,0,0,285,902,2257,3075,4011,4157,4602,5091,5580,7112,7722,8677,9012,10940,11132,11307,11001,12601,11161,12880,10831,11497,12958,12086,11452,10752,11534,11341,10572,9955,9150,7843,7446,6321,5720,4439,3800,3190,2567,1943,1591,1196,998,745,541,425,385,295,180,158,113,91,71,52,49,25,2,0,0,0,0,0,0,0,0
2015-07-27T09:00:00Z,2204.555003,0,0,0,0,0,0,0,0,0,0,0,0,0,0,0,0,0,0,0,0,0,0,0,0,324,1039,2484,3480,4697,5028,5807,6719,7271,9667,10570,11822,12349,14747,14616,14819,14058,15556,13804,15928,13226,13922,15312,13607,12719,11062,11159,10291,8760,7438,6634,5142,4733,3887,3462,2717,2328,1915,1642,1208,1139,919,766,602,425,355,271,226,173,145,104,100,60,43,51,25,1,0,0,0,0,0,0,0,0
2015-07-27T10:00:00Z,2238.26884,0,0,0,0,0,0,0,0,0,0,0,0,0,0,0,0,0,0,0,0,0,0,0,0,398,1184,3070,4371,6040,6749,7784,8959,9698,12949,13684,14812,15563,18015,17042,16559,15972,17214,15060,16889,13503,13794,14332,12368,10835,8860,8434,7423,6035,5111,4369,3396,3081,2575,2202,1680,1616,1359,1172,920,920,765,681,468,381,341,258,178,158,129,94,92,52,52,42,19,0,0,0,0,0,0,0,0,0
2015-07-27T11:00:00Z,2284.495473,0,0,0,0,0,0,0,0,0,0,0,0,0,0,0,0,0,0,0,0,0,0,0,0,528,1586,3925,5811,8063,8927,10174,11854,12572,16055,16444,17481,17610,19918,18523,17553,16201,17151,14764,15912,12549,12586,12468,10052,8522,6719,6255,5513,4490,3585,3060,2392,2317,1876,1653,1366,1309,1113,1079,767,833,644,622,516,382,351,262,216,161,141,82,77,58,58,43,24,0,0,0,0,0,0,0,0,0
2015-07-27T12:00:00Z,2331.144763,0,0,0,0,0,0,0,0,0,0,0,0,0,0,0,0,0,0,0,0,0,0,0,0,691,2124,4863,6971,9730,10948,12171,13624,14332,17889,17876,18721,18450,20575,18887,17975,16432,17184,14185,15217,11498,11439,11055,9083,7486,5873,5397,4462,3665,3129,2550,2053,1872,1575,1465,1183,1135,1013,944,788,784,652,566,497,428,337,254,218,162,150,101,90,54,42,37,17,0,0,0,0,0,0,0,0,0
2015-07-27T13:00:00Z,2332.597045,0,0,0,0,0,0,0,0,0,0,0,0,0,0,0,0,0,0,0,0,0,0,0,0,816,2511,5867,8204,11301,12342,13706,15122,15600,19174,19216,19765,18892,20848,19003,17561,15985,16464,13584,14208,10712,10499,10256,7899,6816,5243,4720,4010,3297,2591,2209,1813,1797,1375,1363,1136,1016,952,1009,752,797,647,614,522,390,339,304,195,156,140,105,79,63,49,31,22,2,0,0,0,0,0,0,0,0
2015-07-27T14:00:00Z,2342.133468,0,0,0,0,0,0,0,0,0,0,0,0,0,0,0,0,0,0,0,0,0,0,0,0,921,2783,6207,9076,12057,12979,14152,15546,16125,19741,19183,20026,19351,21376,19069,17676,16170,16451,13634,14363,10762,10332,10251,8141,6855,5397,4925,4093,3314,2796,2333,1839,1677,1494,1288,1089,1058,1011,936,773,777,739,621,501,426,375,253,229,173,134,108,88,65,54,37,18,1,0,0,0,0,0,0,0,0
2015-07-27T15:00:00Z,2323.870876,0,0,0,0,0,0,0,0,0,0,0,0,0,0,0,0,0,0,0,0,0,0,0,0,1118,3117,6809,9415,12872,13920,15095,16230,16616,20013,19610,19937,19588,21111,18966,17751,15729,16290,13188,13902,10492,9983,9745,7682,6236,4913,4492,3873,3119,2649,2109,1700,1576,1398,1251,1073,978,998,982,748,821,667,649,493,425,348,292,215,171,136,100,90,52,60,37,24,0,0,0,0,0,0,0,0,0
2015-07-27T16:00:00Z,2337.241477,0,0,0,0,0,0,0,0,0,0,0,0,0,0,0,0,0,0,0,0,0,0,0,0,1092,3275,7043,9765,12984,13993,14988,16371,16123,19955,19350,19890,19153,20828,18784,17233,15601,15814,13170,13672,10150,9839,9608,7760,6300,4896,4468,3757,3028,2469,2107,1681,1553,1343,1176,1049,1045,991,955,768,734,692,634,505,408,333,256,222,166,148,93,75,37,43,39,14,0,0,0,0,0,0,0,0,0
2015-07-27T17:00:00Z,2265.587799,0,0,0,0,0,0,0,0,0,0,0,0,0,0,0,0,0,0,0,0,0,0,0,0,809,2530,5866,8463,11316,12049,12913,14253,14582,17653,17651,18288,17527,19517,17816,16631,14937,15712,13028,13867,10457,10399,10307,8545,7133,5853,5266,4596,3608,2935,2534,1929,1688,1499,1297,1089,1074,995,949,840,838,743,590,461,459,360,294,233,166,129,102,80,60,44,33,29,1,0,0,0,0,0,0,0,0
2015-07-27T18:00:00Z,2146.332849,0,0,0,0,0,0,0,0,0,0,0,0,0,0,0,0,0,0,0,0,0,0,0,0,706,2297,5172,7523,10198,10657,11647,12711,12891,15725,15494,16442,15883,17686,16155,15757,14059,14637,12213,13265,10138,10426,10750,8670,7726,6099,5763,5037,4018,3428,2785,2156,1902,1615,1485,1147,1178,961,956,779,773,681,595,566,390,323,276,218,192,116,81,87,52,35,34,23,0,0,0,0,0,0,0,0,0
2015-07-27T19:00:00Z,1988.303759,0,0,0,0,0,0,0,0,0,0,0,0,0,0,0,0,0,0,0,0,0,0,0,0,529,1696,4245,6137,8142,8777,9591,10399,10710,13178,13365,13642,13782,15437,14382,13515,12631,13371,11435,12327,9667,9803,10055,8809,7872,6442,6605,5777,4834,4147,3513,2616,2266,1900,1571,1241,1124,1031,966,738,737,614,604,499,416,354,274,204,161,142,104,79,59,49,30,26,0,0,0,0,0,0,0,0,0
2015-07-27T20:00:00Z,2096.739058,0,0,0,0,0,0,0,0,0,0,0,0,0,0,0,0,0,0,0,0,0,0,0,0,417,1454,3601,5216,7023,7414,8206,8891,9322,11644,12206,12921,13233,15444,14463,14283,13401,14363,12439,13732,10891,11235,11952,10674,9930,8709,8710,8685,7781,7067,6257,5203,4708,3650,3030,2378,1842,1557,1339,1067,951,839,728,561,491,401,310,236,177,157,115,92,71,47,48,18,0,0,0,0,0,0,0,0,0
2015-07-27T21:00:00Z,2037.603361,0,0,0,0,0,0,0,0,0,0,0,0,0,0,0,0,0,0,0,0,0,0,0,0,400,1312,3458,5126,6539,6963,7530,8477,8893,11147,11552,12383,12242,14138,13540,13360,12510,13415,11331,12802,10350,10419,11158,10058,9228,8471,8666,8477,7782,7206,6450,5362,5010,4027,3277,2542,1997,1708,1437,1055,970,757,730,582,456,374,329,249,186,144,90,79,70,40,24,19,0,0,0,0,0,0,0,0,0
2015-07-27T22:00:00Z,1707.520187,0,0,0,0,0,0,0,0,0,0,0,0,0,0,0,0,0,0,0,0,0,0,0,0,333,1053,2824,3983,5174,5486,5897,6477,6955,8538,8850,9461,9925,11290,10844,10548,10195,11096,9810,10710,8438,8941,9554,8556,7964,7078,7646,7414,6987,6682,6321,5350,5243,4347,3806,2791,2457,1802,1451,1040,950,770,613,510,426,306,250,195,158,134,92,62,55,49,24,15,0,0,0,0,0,0,0,0,0
2015-07-27T23:00:00Z,1133.467656,0,0,0,0,0,0,0,0,0,0,0,0,0,0,0,0,0,0,0,0,0,0,0,0,181,522,1500,2066,2754,2824,3063,3295,3577,4526,4608,5211,5573,6410,6224,6321,6126,6817,5910,6990,5512,5787,6551,5805,5511,4917,5198,5384,5164,5006,4956,4333,4513,3898,3580,3022,2540,2091,1711,1274,1043,742,604,487,384,322,270,198,160,124,80,80,57,39,36,24,0,0,0,0,0,0,0,0,0
2015-07-28T00:00:00Z,1867.672716,0,0,0,0,0,0,0,0,0,0,0,0,0,0,0,0,0,0,0,0,0,0,0,0,287,969,2550,3619,4686,5015,5384,5990,6341,8249,8502,9205,9535,10989,10702,10468,10049,10841,9589,10810,8680,9205,10005,9144,8467,7801,8328,8333,7999,7911,7400,6587,6460,5776,5133,4162,3463,2726,2124,1526,1328,1056,847,708,554,458,324,267,218,172,125,116,71,59,37,36,1,0,0,0,0,0,0,0,0
2015-07-28T01:00:00Z,2055.981203,0,0,0,0,0,0,0,0,0,0,0,0,0,0,0,0,0,0,0,0,0,0,0,0,302,1051,2582,3768,4663,4931,5155,5588,6069,7622,7923,8683,9068,10920,10541,10343,10191,11217,10068,11567,9367,9739,10902,9855,9260,8290,9005,9275,9048,8756,8659,7885,8377,7485,7077,5929,5447,4494,3549,2530,2073,1460,1255,827,687,541,422,335,278,236,156,153,103,78,59,39,0,0,0,0,0,0,0,0,0
2015-07-28T02:00:00Z,2110.882157,0,0,0,0,0,0,0,0,0,0,0,0,0,0,0,0,0,0,0,0,0,0,0,0,346,1131,2913,3874,5130,5057,5345,5778,5791,7213,7768,8382,8879,10896,10485,10670,10296,11618,10625,11974,9846,10582,11607,10564,10036,9243,9821,9800,9649,9467,9645,8707,9466,8940,8902,7720,7214,6370,5564,3890,3394,2282,1770,1238,951,823,566,465,335,249,194,142,103,89,68,38,2,0,0,0,0,0,0,0,0
2015-07-28T03:00:00Z,434.007054,0,0,0,0,0,0,0,0,0,0,0,0,0,0,0,0,0,0,0,0,0,0,0,0,65,225,593,763,1009,1005,990,1062,1015,1317,1354,1489,1632,1944,1946,2002,2037,2284,2001,2331,1927,2140,2366,2172,2065,1875,1962,2079,1948,1918,2006,1848,1954,1878,2012,1815,1803,1591,1500,1065,948,708,501,363,257,186,135,96,90,59,46,42,22,16,18,13,0,0,0,0,0,0,0,0,0
2015-07-28T04:00:00Z,2164.137,0,0,0,0,0,0,0,0,0,0,0,0,0,0,0,0,0,0,0,0,0,0,0,0,377,1176,2934,3815,4819,4649,4762,5030,5130,6347,6645,7278,7702,9612,9577,9821,9884,11255,10251,12105,10000,10754,11817,11036,10487,9846,10535,10574,10117,10242,10310,9601,10412,10106,10235,9575,9740,9116,8415,6417,5914,4364,3305,2342,1684,1126,879,648,488,366,279,221,137,116,86,44,3,0,0,0,0,0,0,0,0
2015-07-28T05:00:00Z,2218.426358,0,0,0,0,0,0,0,0,0,0,0,0,0,0,0,0,0,0,0,0,0,0,0,0,349,1104,2667,3731,4650,4719,4890,5458,5635,7068,7607,8374,8849,10750,10592,11039,10832,12193,11217,12639,10361,11290,12276,11402,11089,9856,10722,10859,10496,10600,10713,10037,10595,10226,10179,8802,8409,7396,6507,4648,4030,2871,2265,1540,1180,915,637,517,378,331,234,198,83,102,66,45,2,0,0,0,0,0,0,0,0
2015-07-28T06:00:00Z,2228.905792,0,0,0,0,0,0,0,0,0,0,0,0,0,0,0,0,0,0,0,0,0,0,0,0,363,1199,2837,4036,5134,4980,5129,5454,5641,6916,7337,8107,8634,10621,10439,10822,10790,12175,11077,12974,10783,11413,12684,11708,11221,10355,11313,11444,11115,11296,11345,10593,11323,10957,10752,9692,9052,8169,7091,5263,4407,3337,2606,1847,1387,961,758,593,478,381,247,213,134,127,86,55,0,0,0,0,0,0,0,0,0
2015-07-28T07:00:00Z,1912.123753,0,0,0,0,0,0,0,0,0,0,0,0,0,0,0,0,0,0,0,0,0,0,0,0,309,1016,2542,3431,4447,4538,4780,4986,5318,6783,7105,7851,8244,9964,9810,9978,9794,10960,9894,11592,9604,10199,11427,10494,10232,9467,9945,10377,10132,10076,9754,8970,9175,8186,7824,6460,5800,4966,4123,2961,2497,1887,1488,1114,871,656,526,386,348,226,175,164,108,73,69,42,2,0,0,0,0,0,0,0,0
2015-07-28T08:00:00Z,2112.877094,0,0,0,0,0,0,0,0,0,0,0,0,0,0,0,0,0,0,0,0,0,0,0,0,415,1235,3006,4190,5193,5161,5711,6247,6299,8239,8825,9669,10119,12270,12175,12516,12293,13569,12305,14033,11802,12491,13997,12922,12469,11479,12335,12487,11852,11577,10974,9350,9080,7822,7120,5548,4968,4227,3507,2550,2269,1700,1377,1133,859,707,579,452,356,257,197,153,106,86,74,39,1,0,0,0,0,0,0,0,0
2015-07-28T09:00:00Z,2330.348621,0,0,0,0,0,0,0,0,0,0,0,0,0,0,0,0,0,0,0,0,0,0,0,0,401,1334,3155,4390,5593,5973,6390,7154,7539,10024,10708,12306,12931,15874,15159,15289,14654,16087,14266,16423,13514,14500,15944,14633,13765,12377,12793,12378,10997,9918,8908,7310,6764,5630,5096,3954,3548,2953,2570,1893,1755,1350,1183,887,775,664,497,407,277,268,177,172,101,103,69,38,1,0,0,0,0,0,0,0,0
2015-07-28T10:00:00Z,2354.227514,0,0,0,0,0,0,0,0,0,0,0,0,0,0,0,0,0,0,0,0,0,0,0,0,450,1431,3477,4914,6362,6838,7681,8720,9373,12565,13477,15110,15918,18851,17592,17384,16340,17970,15873,17475,14208,14968,16189,14327,13143,11349,11066,10293,8853,7984,6624,5430,5092,4104,3756,2929,2609,2282,2023,1496,1428,1189,1025,840,717,561,490,368,291,252,191,132,110,104,61,55,1,0,0,0,0,0,0,0,0
2015-07-28T11:00:00Z,2057.888617,0,0,0,0,0,0,0,0,0,0,0,0,0,0,0,0,0,0,0,0,0,0,0,0,422,1348,3336,4985,6410,7171,8089,9325,10225,13289,14143,15087,15581,17851,16598,16081,14845,15818,13602,15154,11829,12186,12606,11037,9624,8031,7808,6933,6001,5103,4318,3386,3185,2632,2256,1817,1691,1450,1431,1050,1031,898,739,646,552,447,354,307,235,173,120,117,91,60,47,31,2,0,0,0,0,0,0,0,0
2015-07-28T12:00:00Z,2392.893382,0,0,0,0,0,0,0,0,0,0,0,0,0,0,0,0,0,0,0,0,0,0,0,0,658,1961,4630,6733,9277,10225,11411,12923,13634,17416,17822,18985,18716,21091,19268,18342,17159,17838,15342,16701,12961,13249,13396,11338,10030,8282,7703,6993,5807,5038,4178,3373,3138,2487,2329,1907,1756,1618,1475,1204,1166,1033,960,793,665,513,413,339,280,254,175,147,100,89,71,43,0,0,0,0,0,0,0,0,0
2015-07-28T13:00:00Z,2464.959692,0,0,0,0,0,0,0,0,0,0,0,0,0,0,0,0,0,0,0,0,0,0,0,0,798,2589,5629,8200,11107,11861,13485,15155,15549,19060,19692,20239,19613,21871,19963,18764,17243,17699,14784,15882,12105,12384,12498,10371,8822,7261,6755,5985,4856,4058,3483,2756,2559,2168,1912,1605,1551,1349,1356,1123,1125,875,846,727,574,469,421,323,235,197,170,139,108,87,60,47,1,0,0,0,0,0,0,0,0
2015-07-28T14:00:00Z,2242.785549,0,0,0,0,0,0,0,0,0,0,0,0,0,0,0,0,0,0,0,0,0,0,0,0,889,2496,5725,8096,10882,11907,13127,14522,14824,18050,18360,18688,17968,19818,17996,16807,15308,15696,13047,14102,10656,10550,10700,8875,7393,6054,5615,4884,4052,3333,2875,2213,2031,1710,1572,1406,1322,1190,1148,982,985,835,754,609,531,462,379,291,225,146,147,115,88,63,56,41,1,0,0,0,0,0,0,0,0
2015-07-28T15:00:00Z,2027.542686,0,0,0,0,0,0,0,0,0,0,0,0,0,0,0,0,0,0,0,0,0,0,0,0,711,2155,4935,7044,9789,10528,11513,13124,13557,16600,17046,17574,17824,19439,17536,16436,15151,15698,13101,14176,10638,10719,10720,8955,7846,6347,5912,5041,4241,3574,2954,2277,2106,1777,1586,1284,1234,1154,1162,917,943,795,742,602,517,457,351,311,223,200,125,135,89,77,44,38,0,0,0,0,0,0,0,0,0
2015-07-28T16:00:00Z,2165.517071,0,0,0,0,0,0,0,0,0,0,0,0,0,0,0,0,0,0,0,0,0,0,0,0,1068,3012,6432,8770,11923,12850,13935,15141,15477,18749,18657,18701,18132,19660,17974,16477,14938,15351,12636,13303,10031,9829,9729,7690,6393,5103,4515,3948,3163,2534,2275,1791,1705,1505,1285,1137,1109,1164,1005,853,837,751,688,602,497,393,343,251,212,174,156,91,83,66,44,26,0,0,0,0,0,0,0,0,0
2015-07-28T17:00:00Z,2272.615179,0,0,0,0,0,0,0,0,0,0,0,0,0,0,0,0,0,0,0,0,0,0,0,0,834,2538,5819,8099,11087,12028,13039,14548,14960,18167,18191,18730,18625,20279,18690,17494,15744,16418,13612,14747,11400,11215,11384,9449,8039,6534,5893,5267,4279,3474,2917,2240,2118,1742,1551,1352,1228,1137,1140,932,913,830,733,601,534,404,377,289,192,217,113,111,87,68,59,24,1,0,0,0,0,0,0,0,0
2015-07-28T18:00:00Z,2231.363301,0,0,0,0,0,0,0,0,0,0,0,0,0,0,0,0,0,0,0,0,0,0,0,0,562,1941,4555,6495,8607,9566,10333,11731,12194,15567,15690,16535,16831,19229,17638,16893,15586,16255,13876,15072,11762,11950,12554,10949,9726,8386,8155,7562,6336,5582,4742,3693,3315,2602,2269,1743,1566,1355,1213,991,1000,817,717,611,526,442,348,276,220,188,151,127,82,90,58,22,0,0,0,0,0,0,0,0,0
2015-07-28T19:00:00Z,2041.537561,0,0,0,0,0,0,0,0,0,0,0,0,0,0,0,0,0,0,0,0,0,0,0,0,438,1368,3516,5029,6986,7329,8041,9118,9472,12182,12588,13413,13464,15604,14899,14607,13635,14382,12373,13269,10657,11074,11715,10292,9676,8588,8659,8426,7375,6728,5810,4622,4293,3511,2946,2223,1860,1598,1421,1057,974,855,765,611,523,390,358,288,236,204,170,107,109,75,68,37,0,0,0,0,0,0,0,0,0
2015-07-28T20:00:00Z,2086.771558,0,0,0,0,0,0,0,0,0,0,0,0,0,0,0,0,0,0,0,0,0,0,0,0,343,1142,3091,4238,5585,5686,6366,7192,7340,9440,10024,11144,11707,13945,13888,13762,13365,14516,12774,14552,11790,12243,13054,11735,11050,10057,10215,10050,9798,9425,8778,7915,7704,6780,6118,4789,3919,3271,2605,1763,1607,1226,1026,794,603,529,483,348,297,274,173,156,126,94,74,42,0,0,0,0,0,0,0,0,0
2015-07-28T21:00:00Z,2026.023939,0,0,0,0,0,0,0,0,0,0,0,0,0,0,0,0,0,0,0,0,0,0,0,0,350,1133,2901,3947,5196,5497,5956,6646,7014,8938,9473,10298,10939,13251,12733,12695,12498,13757,12138,13645,11105,11436,12320,10910,10419,9284,9919,9848,9366,9212,8897,7844,8001,7085,6464,4991,4420,3537,2863,1996,1757,1239,1104,835,717,538,440,385,301,246,160,137,110,84,57,27,1,0,0,0,0,0,0,0,0
2015-07-28T22:00:00Z,1530.4458829999999,0,0,0,0,0,0,0,0,0,0,0,0,0,0,0,0,0,0,0,0,0,0,0,0,244,847,2044,2886,3631,3641,3884,4264,4374,5723,5991,6581,7185,8597,8660,8866,8786,9953,8800,10199,8393,8804,9614,8518,8120,7484,7823,7952,7411,7527,7357,6954,7168,6635,6530,5570,5133,4360,3777,2627,2216,1673,1296,941,718,526,405,303,274,209,144,138,78,83,56,40,2,0,0,0,0,0,0,0,0
2015-07-28T23:00:00Z,1878.253388,0,0,0,0,0,0,0,0,0,0,0,0,0,0,0,0,0,0,0,0,0,0,0,0,259,904,2261,3135,4008,4142,4430,4831,5300,6824,6985,8038,8227,10193,10363,10153,10135,11097,10005,11604,9338,9900,10934,9709,9320,8427,9075,9017,8595,8543,8611,7764,8200,7652,7508,6574,5948,5125,4278,3101,2476,1885,1395,1024,746,559,437,340,256,214,177,132,79,79,61,25,1,0,0,0,0,0,0,0,0
2015-07-29T00:00:00Z,1876.839717,0,0,0,0,0,0,0,0,0,0,0,0,0,0,0,0,0,0,0,0,0,0,0,0,311,938,2285,3239,4053,4194,4563,4846,5204,6753,7076,7901,8251,10153,9702,9996,9938,10768,9685,11152,9155,9687,10401,9262,8971,8043,8602,8625,8532,8263,8429,7521,8308,7768,7456,6393,6007,5265,4398,3176,2598,1858,1434,1041,780,606,447,343,258,208,141,127,97,68,61,24,0,0,0,0,0,0,0,0,0
2015-07-29T01:00:00Z,1926.066097,0,0,0,0,0,0,0,0,0,0,0,0,0,0,0,0,0,0,0,0,0,0,0,0,283,903,2306,3295,3991,4122,4235,4669,4842,6207,6596,7397,7988,9525,9430,9644,9452,10725,9610,11114,8985,9857,10557,9636,8911,8424,8762,8968,8550,8537,8602,7938,8503,8038,8155,7271,7100,6382,5549,4078,3698,2631,1929,1427,983,774,554,376,282,231,198,148,90,69,69,36,1,0,0,0,0,0,0,0,0
2015-07-29T02:00:00Z,1949.667648,0,0,0,0,0,0,0,0,0,0,0,0,0,0,0,0,0,0,0,0,0,0,0,0,291,931,2382,3177,3973,4054,4082,4038,4363,5336,5914,6484,6983,8532,8837,8927,8972,10404,9184,10794,9109,9751,10701,9797,9367,8576,9225,9367,9021,8893,9042,8250,9017,8727,8993,8348,8396,7866,7348,5950,5107,3947,3092,2077,1481,1058,788,575,402,319,191,171,125,85,77,33,3,0,0,0,0,0,0,0,0
2015-07-29T03:00:00Z,1946.721296,0,0,0,0,0,0,0,0,0,0,0,0,0,0,0,0,0,0,0,0,0,0,0,0,297,884,2215,2938,3645,3528,3518,3751,3809,4936,5280,5891,6129,7484,7790,8107,8102,9586,8525,10357,8620,9409,10719,9911,9477,8772,9506,9691,9367,9438,9353,8759,9304,9145,9473,8901,8706,8509,8027,6442,5884,4728,3781,2682,1897,1347,970,742,496,392,267,180,136,109,70,52,1,0,0,0,0,0,0,0,0
2015-07-29T04:00:00Z,1951.088579,0,0,0,0,0,0,0,0,0,0,0,0,0,0,0,0,0,0,0,0,0,0,0,0,285,808,2135,2857,3438,3325,3330,3629,3593,4573,4888,5434,5779,6978,7209,7592,7748,8726,8279,9912,8454,9157,10653,9897,9369,9065,9665,10167,9877,9835,9885,9330,9966,9800,10147,9376,9639,9261,9086,7235,6890,5568,4344,3360,2524,1826,1246,861,643,473,357,286,182,140,113,79,1,0,0,0,0,0,0,0,0
2015-07-29T05:00:00Z,1949.231601,0,0,0,0,0,0,0,0,0,0,0,0,0,0,0,0,0,0,0,0,0,0,0,0,307,907,2236,3069,3603,3388,3431,3424,3429,4204,4402,4826,5026,6286,6436,6906,7090,8188,7791,9165,8085,9144,10164,9771,9431,9339,10010,10630,10234,10400,10410,10034,10860,10778,11042,10359,10639,10328,10119,8149,7773,6279,5112,3860,2925,2102,1619,1194,754,636,427,316,225,194,133,86,5,0,0,0,0,0,0,0,0
2015-07-29T06:00:00Z,1327.141619,0,0,0,0,0,0,0,0,0,0,0,0,0,0,0,0,0,0,0,0,0,0,0,0,190,645,1629,2164,2573,2587,2402,2485,2374,2889,3001,3300,3587,4339,4545,4744,4817,5823,5339,6552,5550,6201,7121,6834,6778,6478,7009,7414,7403,7503,7715,7431,8130,8026,8377,7551,7873,7333,6996,5551,5117,4065,3353,2450,1845,1400,1060,799,597,431,326,234,163,132,89,57,2,0,0,0,0,0,0,0,0
2015-07-29T07:00:00Z,1605.125401,0,0,0,0,0,0,0,0,0,0,0,0,0,0,0,0,0,0,0,0,0,0,0,0,219,684,1703,2358,2876,2773,2840,3015,3162,3958,4357,4805,5213,6624,6607,7046,7114,8560,7839,9177,7962,8960,10383,9963,9651,9246,9979,10585,10431,10599,10465,9375,9755,8873,8322,6990,6358,5434,4622,3401,2863,2166,1752,1309,957,754,645,472,331,257,191,161,134,87,85,58,3,0,0,0,0,0,0,0,0
2015-07-29T08:00:00Z,1962.533573,0,0,0,0,0,0,0,0,0,0,0,0,0,0,0,0,0,0,0,0,0,0,0,0,261,813,2216,3049,3786,3657,3540,3826,4041,5042,5528,6099,6872,8673,9013,9841,10173,11872,11049,13187,11470,12609,14114,13321,13238,12275,13477,13778,13244,12956,12117,10730,10460,9295,8294,6664,5893,4792,4133,2981,2591,2027,1695,1267,947,772,624,498,357,294,209,167,127,83,86,51,2,0,0,0,0,0,0,0,0
2015-07-29T09:00:00Z,2047.475271,0,0,0,0,0,0,0,0,0,0,0,0,0,0,0,0,0,0,0,0,0,0,0,0,309,954,2475,3390,4148,4199,4390,4588,4988,6593,7335,8598,9648,12102,12796,13661,13611,15553,14260,16407,13633,14662,16274,14892,14176,12720,13212,13011,11651,10710,9505,7741,7102,5782,5106,3940,3454,2890,2462,1947,1671,1368,1117,880,741,571,457,337,287,234,160,146,92,84,71,42,1,0,0,0,0,0,0,0,0
2015-07-29T10:00:00Z,2098.025406,0,0,0,0,0,0,0,0,0,0,0,0,0,0,0,0,0,0,0,0,0,0,0,0,302,1013,2576,3531,4441,4587,5018,5568,6228,8597,9367,10956,12014,15487,15420,16276,15911,17866,15829,18218,15047,15904,17259,15426,14143,12425,12542,11570,10202,8918,7702,6090,5503,4423,3771,2931,2555,2155,1947,1487,1310,1074,935,740,656,525,439,349,256,229,157,129,93,71,67,37,1,0,0,0,0,0,0,0,0
2015-07-29T11:00:00Z,2141.215026,0,0,0,0,0,0,0,0,0,0,0,0,0,0,0,0,0,0,0,0,0,0,0,0,349,1210,3035,4198,5653,6046,6515,7604,8321,11111,12182,13918,15118,18144,18067,18068,17619,19363,17178,19180,15146,16132,16636,14451,12998,11085,10692,9779,8253,6905,5953,4570,4112,3293,2825,2258,2033,1764,1518,1245,1184,917,878,728,581,483,367,334,267,237,121,124,92,78,56,37,1,0,0,0,0,0,0,0,0
2015-07-29T12:00:00Z,2074.227046,0,0,0,0,0,0,0,0,0,0,0,0,0,0,0,0,0,0,0,0,0,0,0,0,452,1458,3574,5137,6937,7499,8445,9421,10290,13386,14279,15566,16242,18816,18250,18124,17050,18451,16195,17106,13410,13744,13943,11920,10377,8521,8100,7211,5879,5074,4253,3177,2941,2478,2141,1752,1538,1380,1310,1033,1019,884,734,595,514,445,342,307,238,206,131,141,81,57,55,26,0,0,0,0,0,0,0,0,0
2015-07-29T13:00:00Z,1766.00656,0,0,0,0,0,0,0,0,0,0,0,0,0,0,0,0,0,0,0,0,0,0,0,0,490,1615,3668,5195,7079,7612,8579,9866,10291,13163,13812,14936,15262,17453,16738,16058,15092,16128,13881,14983,11571,11464,11837,9898,8459,6851,6241,5662,4545,3834,3165,2426,2277,1823,1770,1439,1304,1117,1067,873,854,738,698,578,469,380,316,274,207,186,120,115,67,61,52,26,1,0,0,0,0,0,0,0,0
2015-07-29T14:00:00Z,2183.268387,0,0,0,0,0,0,0,0,0,0,0,0,0,0,0,0,0,0,0,0,0,0,0,0,728,2117,4840,6723,9193,9849,10901,12290,12801,16510,16920,18134,18348,21340,19741,19185,17766,18676,16126,17087,13116,12985,13064,10934,9227,7607,7244,6433,5264,4118,3649,2785,2569,2142,1890,1574,1489,1321,1284,992,1029,884,773,635,551,447,365,282,177,216,167,115,90,68,46,35,0,0,0,0,0,0,0,0,0
2015-07-29T15:00:00Z,2197.078867,0,0,0,0,0,0,0,0,0,0,0,0,0,0,0,0,0,0,0,0,0,0,0,0,761,2353,5115,7286,9688,10509,11494,12712,13195,16974,17311,18603,18711,21315,19955,19439,17801,19051,15737,17065,13099,13024,13077,10768,9375,7623,7167,6541,5336,4360,3647,2774,2488,2159,1869,1567,1356,1261,1305,1025,985,864,816,651,522,424,397,298,234,184,147,133,78,69,68,37,0,0,0,0,0,0,0,0,0
2015-07-29T16:00:00Z,2205.149038,0,0,0,0,0,0,0,0,0,0,0,0,0,0,0,0,0,0,0,0,0,0,0,0,759,2297,5170,7089,9520,10267,11177,12826,12720,16414,16937,18406,18128,20734,19710,19399,17742,18957,15936,17514,13407,13408,13500,11456,10075,8377,7795,7057,5814,4976,4168,3150,2827,2307,2014,1625,1435,1383,1273,1050,1023,798,764,646,527,418,375,294,255,230,129,138,84,59,55,42,1,0,0,0,0,0,0,0,0
2015-07-29T17:00:00Z,2197.062134,0,0,0,0,0,0,0,0,0,0,0,0,0,0,0,0,0,0,0,0,0,0,0,0,519,1742,4319,6031,8059,8561,9226,10458,10651,13926,14298,15680,15757,18688,17768,17741,16697,18234,15651,17423,13709,14007,14463,12671,11265,9828,9653,8999,7783,7104,6090,4679,4370,3421,2855,2211,2001,1628,1427,1174,1116,951,790,674,560,453,374,319,226,210,140,135,88,69,57,36,1,0,0,0,0,0,0,0,0
2015-07-29T18:00:00Z,2143.114218,0,0,0,0,0,0,0,0,0,0,0,0,0,0,0,0,0,0,0,0,0,0,0,0,450,1428,3597,5021,6695,7071,7553,8385,8674,11161,11787,12875,13470,15904,15404,15618,14957,16529,14873,16385,13243,13677,14808,13039,12047,10560,10695,10616,9580,8692,7837,6493,5941,5030,4357,3361,2698,2276,1937,1367,1242,991,887,705,602,486,407,309,254,212,139,130,79,67,65,37,2,0,0,0,0,0,0,0,0
2015-07-29T19:00:00Z,2123.204025,0,0,0,0,0,0,0,0,0,0,0,0,0,0,0,0,0,0,0,0,0,0,0,0,414,1315,3118,4735,6178,6413,6807,7470,7942,10126,10711,11641,12107,14513,14054,14029,13856,15312,13459,15343,12472,13110,14173,12588,11834,10890,10922,10675,9943,9389,8740,7377,7197,6078,5304,4291,3517,2797,2289,1600,1305,1083,882,688,593,449,374,308,251,194,141,127,80,54,53,23,0,0,0,0,0,0,0,0,0
2015-07-29T20:00:00Z,721.681466,0,0,0,0,0,0,0,0,0,0,0,0,0,0,0,0,0,0,0,0,0,0,0,0,148,450,1000,1498,1960,2064,2175,2466,2617,3380,3449,3933,4001,4644,4691,4655,4608,4993,4317,5080,4189,4452,4788,4297,4036,3579,3813,3770,3435,3313,3083,2649,2661,2364,2085,1564,1382,1065,935,620,518,409,317,259,200,175,123,115,84,61,47,38,29,14,11,11,1,0,0,0,0,0,0,0,0
2015-07-29T21:00:00Z,100.639393,0,0,0,0,0,0,0,0,0,0,0,0,0,0,0,0,0,0,0,0,0,0,0,0,16,51,129,195,203,218,271,282,296,389,353,429,444,552,544,512,579,615,545,621,500,549,577,594,572,525,555,520,474,518,493,389,403,411,417,304,309,304,247,164,144,113,74,59,39,45,21,18,16,13,12,10,5,4,1,3,0,0,0,0,0,0,0,0,0
2015-07-29T22:00:00Z,2141.548066,0,0,0,0,0,0,0,0,0,0,0,0,0,0,0,0,0,0,0,0,0,0,0,0,320,1076,2661,3725,4713,4726,4786,5382,5513,7127,7353,8101,8659,10417,10245,10573,10356,11610,10794,12462,10563,11011,12274,11474,10975,10250,11101,10975,10741,10412,10423,9421,9952,9200,8844,7719,7367,6670,5876,4394,3781,2791,2239,1526,1124,787,595,472,328,271,170,142,121,80,73,35,1,0,0,0,0,0,0,0,0
2015-07-29T23:00:00Z,2043.518923,0,0,0,0,0,0,0,0,0,0,0,0,0,0,0,0,0,0,0,0,0,0,0,0,293,927,2488,3367,4073,4238,4233,4373,4761,5842,6151,6634,7169,8748,8700,8876,8826,10332,9270,10840,9176,9978,11131,10428,10181,9301,10136,10546,10052,10038,10168,9295,10034,9407,9455,8434,8421,7589,7207,5657,5072,3937,3143,2300,1585,1154,830,630,453,304,236,182,117,114,70,43,0,0,0,0,0,0,0,0,0
2015-07-30T00:00:00Z,2142.010743,0,0,0,0,0,0,0,0,0,0,0,0,0,0,0,0,0,0,0,0,0,0,0,0,281,879,2360,3214,3919,4126,3979,4502,4620,6102,6370,6939,7202,8947,8963,9095,9098,10308,9486,11221,9263,10196,11511,10668,10396,9563,10440,10924,10378,10426,10231,9513,10210,9825,9989,9195,9080,8497,7692,6113,5706,4395,3397,2485,1776,1240,879,608,428,343,258,196,123,114,75,53,1,0,0,0,0,0,0,0,0
2015-07-30T01:00:00Z,2056.822588,0,0,0,0,0,0,0,0,0,0,0,0,0,0,0,0,0,0,0,0,0,0,0,0,284,879,2229,3178,3865,3714,3842,4064,3914,4920,5216,5659,6152,7236,7453,7736,7773,8954,8367,9491,8299,9012,10291,9851,9545,9008,9774,10285,10051,10121,10238,9560,10411,10148,10382,9542,9619,9062,8813,7334,7043,5913,5009,4060,2990,2325,1618,1183,841,637,431,348,219,180,133,84,3,0,0,0,0,0,0,0,0
2015-07-30T02:00:00Z,1981.5640680000001,0,0,0,0,0,0,0,0,0,0,0,0,0,0,0,0,0,0,0,0,0,0,0,0,262,875,2270,3031,3636,3244,3321,3306,3280,4000,4055,4280,4634,5594,5595,6111,6078,6921,6728,7840,6869,7752,8869,8658,8411,8007,8981,9639,9598,9821,10322,9682,10653,10663,11036,10300,10760,10648,10732,9069,9331,7915,7274,6017,5062,3984,3138,2430,1717,1403,877,739,478,397,263,181,7,0,0,0,0,0,0,0,0
2015-07-30T03:00:00Z,1984.688334,0,0,0,0,0,0,0,0,0,0,0,0,0,0,0,0,0,0,0,0,0,0,0,0,237,916,2307,3019,3609,3503,3372,3394,3350,4084,4145,4452,4727,5586,5768,5930,6086,7008,6455,7895,6684,7483,8744,8260,8241,7898,8752,9353,9422,9711,9997,9422,10765,10649,11004,10830,10724,10913,10992,9289,9495,8065,7433,5960,4891,3908,3037,2330,1707,1351,944,770,471,393,294,130,8,0,0,0,0,0,0,0,0
2015-07-30T04:00:00Z,1980.96397,0,0,0,0,0,0,0,0,0,0,0,0,0,0,0,0,0,0,0,0,0,0,0,0,264,815,2217,2950,3617,3428,3355,3390,3417,4267,4423,4959,5141,6026,6206,6349,6436,7400,7030,8244,7173,7906,9104,8685,8680,8120,9145,9817,9721,9978,10508,9966,11070,11003,11246,10458,10815,10669,10354,8584,8435,7099,6064,4707,3766,2825,2263,1633,1198,944,632,505,353,250,155,110,8,0,0,0,0,0,0,0,0
2015-07-30T05:00:00Z,2010.5464240000001,0,0,0,0,0,0,0,0,0,0,0,0,0,0,0,0,0,0,0,0,0,0,0,0,255,946,2350,3191,3867,3627,3602,3852,3665,4477,4522,5001,5161,6418,6345,6660,6576,7778,7204,8686,7490,8231,9406,9207,9058,8409,9630,10304,10312,10661,11132,10634,11865,11518,12172,11400,11332,10903,10451,8743,8389,6857,5844,4629,3453,2791,2070,1535,1183,874,616,469,376,245,187,109,4,0,0,0,0,0,0,0,0
2015-07-30T06:00:00Z,1686.410323,0,0,0,0,0,0,0,0,0,0,0,0,0,0,0,0,0,0,0,0,0,0,0,0,278,894,2169,2953,3575,3122,3225,3350,3210,3788,3820,4099,4287,5315,5339,5581,5607,6555,6102,7589,6339,6958,8138,7783,7767,7428,8406,9052,9147,9459,10080,9510,10387,10548,10949,10124,10152,9703,8956,7152,6751,5270,4489,3519,2826,2121,1650,1249,872,705,488,432,271,228,183,97,2,0,0,0,0,0,0,0,0
2015-07-30T07:00:00Z,2054.745951,0,0,0,0,0,0,0,0,0,0,0,0,0,0,0,0,0,0,0,0,0,0,0,0,290,944,2528,3217,3821,3773,3728,3868,3982,4882,5143,5636,6113,7373,7661,8310,8376,9994,9244,11304,9863,10904,12667,12312,12073,11611,12599,13282,13234,13433,13144,12119,12721,11761,11219,9547,9049,7847,6927,5265,4630,3593,2804,2233,1649,1320,1073,787,575,483,330,286,186,141,102,64,6,0,0,0,0,0,0,0,0
2015-07-30T08:00:00Z,2153.118387,0,0,0,0,0,0,0,0,0,0,0,0,0,0,0,0,0,0,0,0,0,0,0,0,265,1023,2283,3201,3971,3953,4075,4465,4597,6139,6843,7734,8629,10936,11586,12217,12489,14482,13631,16003,13364,14645,16362,15181,14848,13808,14483,14499,13441,12829,11533,9817,9640,8312,7434,6078,5226,4453,3872,2713,2507,1903,1603,1258,1002,815,605,491,357,294,175,171,122,97,95,58,4,0,0,0,0,0,0,0,0
2015-07-30T09:00:00Z,2223.239212,0,0,0,0,0,0,0,0,0,0,0,0,0,0,0,0,0,0,0,0,0,0,0,0,298,989,2491,3552,4407,4656,5228,5844,6462,8883,9875,11491,12668,15661,15749,16391,16022,18210,16508,18914,15365,16490,17948,16556,14809,13172,13222,12297,10675,9516,8523,6788,6231,5320,4600,3639,3245,2778,2510,1789,1590,1318,1079,924,720,591,502,390,263,241,171,158,114,87,70,41,3,0,0,0,0,0,0,0,0
2015-07-30T10:00:00Z,2272.1812410000002,0,0,0,0,0,0,0,0,0,0,0,0,0,0,0,0,0,0,0,0,0,0,0,0,373,1174,2963,4120,5336,6052,6709,7663,8580,11714,12601,14384,15438,18423,18451,18783,18165,19982,17936,20278,16437,17168,18058,15666,14355,12038,11680,10735,9165,7765,6594,5350,4813,4008,3477,2827,2486,2111,1854,1431,1324,1096,893,750,620,501,396,347,253,203,145,132,97,86,56,46,3,0,0,0,0,0,0,0,0
2015-07-30T11:00:00Z,2198.73611,0,0,0,0,0,0,0,0,0,0,0,0,0,0,0,0,0,0,0,0,0,0,0,0,447,1418,3421,4854,6494,7217,8234,9192,10201,13381,14330,15585,16581,19566,18892,18815,17947,19594,17318,19649,15530,15861,16825,14450,12936,10729,10340,9365,7837,6600,5616,4355,3961,3286,2792,2227,2037,1716,1591,1219,1189,950,885,684,562,525,387,322,242,231,145,132,103,93,65,49,0,0,0,0,0,0,0,0,0
2015-07-30T12:00:00Z,2379.391687,0,0,0,0,0,0,0,0,0,0,0,0,0,0,0,0,0,0,0,0,0,0,0,0,695,2001,4731,6714,9215,10125,11375,12723,13380,17285,17632,19038,19229,22357,21058,20516,19457,20879,18256,19828,15422,15540,15682,13515,11632,9425,9192,7869,6629,5437,4611,3522,3315,2696,2342,1898,1725,1453,1359,1096,1090,912,909,667,565,449,382,320,234,187,165,125,79,86,61,39,0,0,0,0,0,0,0,0,0
2015-07-30T13:00:00Z,2445.09915,0,0,0,0,0,0,0,0,0,0,0,0,0,0,0,0,0,0,0,0,0,0,0,0,1035,3035,6792,9186,12289,13239,14487,16026,16108,20000,20226,20818,20365,23142,21493,20423,19019,19769,16586,17553,13225,12972,12661,10245,8600,6793,6179,5325,4279,3678,3114,2383,2200,1919,1687,1431,1342,1358,1156,951,1013,801,757,579,492,411,348,287,231,199,133,123,83,69,73,27,2,0,0,0,0,0,0,0,0
2015-07-30T14:00:00Z,2453.879102,0,0,0,0,0,0,0,0,0,0,0,0,0,0,0,0,0,0,0,0,0,0,0,0,1368,3728,7954,10770,14204,15018,16063,17511,17487,21244,21246,21864,21334,23484,21562,20118,17795,18307,15179,15603,11408,10822,10447,8339,6786,5278,4688,4013,3397,2753,2346,1903,1827,1625,1509,1295,1260,1125,1103,920,903,759,683,625,487,421,308,274,214,205,136,98,84,81,56,32,2,0,0,0,0,0,0,0,0
2015-07-30T15:00:00Z,2469.3151239999997,0,0,0,0,0,0,0,0,0,0,0,0,0,0,0,0,0,0,0,0,0,0,0,0,1555,4160,8376,11253,15015,15654,16735,18116,17697,21633,21482,21950,21259,23445,21272,19986,17929,18150,14739,15082,10998,10596,10066,8067,6312,5067,4415,3910,3108,2657,2225,1817,1644,1576,1459,1211,1211,1108,1113,894,917,765,740,570,478,443,364,307,192,186,135,131,90,72,52,47,1,0,0,0,0,0,0,0,0
2015-07-30T16:00:00Z,2459.446248,0,0,0,0,0,0,0,0,0,0,0,0,0,0,0,0,0,0,0,0,0,0,0,0,1660,4309,8607,11346,15062,16052,16717,17942,17747,21805,21370,21505,21214,23029,20666,19476,17620,18136,14479,15052,11074,10539,10282,8142,6416,5107,4675,3967,3164,2758,2257,1914,1857,1524,1397,1214,1180,1126,1119,861,852,738,666,605,508,411,372,291,214,186,134,100,91,69,62,36,0,0,0,0,0,0,0,0,0
2015-07-30T17:00:00Z,608.004141,0,0,0,0,0,0,0,0,0,0,0,0,0,0,0,0,0,0,0,0,0,0,0,0,411,1038,1998,2783,3618,3833,4105,4489,4222,5212,5133,5337,5189,5681,5189,4882,4346,4505,3682,3839,2846,2821,2762,2144,1740,1383,1261,1075,879,749,626,506,445,393,337,343,286,309,280,225,211,186,177,163,131,93,74,67,57,43,42,44,16,17,9,10,0,0,0,0,0,0,0,0,0
2015-07-30T20:00:00Z,201.424033,0,0,0,0,0,0,0,0,0,0,0,0,0,0,0,0,0,0,0,0,0,0,0,0,27,87,261,357,436,494,552,609,658,846,923,1058,1109,1290,1271,1192,1196,1323,1232,1351,1090,1110,1212,1065,1097,956,991,1062,962,873,945,716,738,660,578,444,363,279,252,147,133,92,69,89,63,40,45,29,24,22,15,15,5,6,8,0,0,0,0,0,0,0,0,0,0
2015-07-30T21:00:00Z,2104.7264490000002,0,0,0,0,0,0,0,0,0,0,0,0,0,0,0,0,0,0,0,0,0,0,0,0,296,959,2614,3580,4950,5053,5529,6253,6671,8610,9319,10129,10803,12782,12423,12442,11944,13205,11614,13252,10646,11698,12560,11474,10939,9982,10350,10411,9585,9650,9226,8189,8332,7360,6700,5312,4486,3519,2785,1890,1629,1208,973,748,613,444,360,282,195,196,129,124,76,61,42,35,0,0,0,0,0,0,0,0,0
2015-07-30T22:00:00Z,2112.94662,0,0,0,0,0,0,0,0,0,0,0,0,0,0,0,0,0,0,0,0,0,0,0,0,286,910,2446,3355,4468,4850,5290,5875,6316,8457,8889,9761,10170,12047,11769,11582,11247,12680,11235,12558,10174,11164,12356,11110,10508,9787,10214,10325,9669,9604,8951,8062,8248,7402,6968,5563,4932,3878,3175,2186,1756,1251,960,745,567,445,343,259,191,158,107,86,58,38,37,29,1,0,0,0,0,0,0,0,0
2015-07-30T23:00:00Z,1906.377175,0,0,0,0,0,0,0,0,0,0,0,0,0,0,0,0,0,0,0,0,0,0,0,0,239,825,2162,2880,3541,3750,3877,4308,4456,5815,6130,7083,7467,9239,9213,9413,9326,10474,9436,10900,9382,9826,11004,10178,9815,8999,9777,9838,9376,9442,9384,8740,9179,8668,8653,7645,7294,6656,5952,4556,4014,2835,2212,1486,1079,759,551,422,321,266,151,124,79,82,56,40,1,0,0,0,0,0,0,0,0
2015-07-31T00:00:00Z,1959.329692,0,0,0,0,0,0,0,0,0,0,0,0,0,0,0,0,0,0,0,0,0,0,0,0,239,793,1954,2764,3457,3603,3795,4237,4302,5651,6100,6870,7327,8742,8798,9358,9128,10471,9590,11054,9253,9921,10875,10231,10103,9076,9738,10010,9958,10005,9797,9022,9545,9145,9233,8084,7882,7340,6516,5041,4376,3240,2503,1791,1291,883,653,478,343,240,178,150,109,102,52,32,2,0,0,0,0,0,0,0,0
2015-07-31T01:00:00Z,1902.376619,0,0,0,0,0,0,0,0,0,0,0,0,0,0,0,0,0,0,0,0,0,0,0,0,221,733,1846,2534,3238,3331,3612,3898,4124,5520,5791,6530,6997,8660,8492,8831,8782,10101,9042,10705,8758,9461,10514,9966,9550,8725,9417,9765,9315,9512,9462,8666,9261,8849,8690,7916,7667,7110,6370,4871,4296,3123,2487,1692,1207,829,572,412,299,260,143,144,86,85,60,44,0,0,0,0,0,0,0,0,0
2015-07-31T02:00:00Z,843.696397,0,0,0,0,0,0,0,0,0,0,0,0,0,0,0,0,0,0,0,0,0,0,0,0,120,321,817,1132,1370,1385,1381,1597,1664,2031,2302,2493,2790,3261,3313,3687,3588,4110,3786,4528,3755,4133,4501,4413,4219,3915,4292,4459,4343,4236,4384,4115,4237,4169,4316,3674,3779,3747,3385,2832,2501,2011,1617,1089,846,611,418,319,200,148,96,78,57,40,39,28,2,0,0,0,0,0,0,0,0
2015-07-31T03:00:00Z,1263.276872,0,0,0,0,0,0,0,0,0,0,0,0,0,0,0,0,0,0,0,0,0,0,0,0,178,521,1369,1847,2217,2187,2178,2147,2218,2732,2992,3370,3490,4261,4407,4633,4678,5533,5321,6260,5492,5894,6821,6513,6458,5861,6621,6676,6759,6786,6929,6663,7140,6936,7148,6665,6824,6672,6540,5484,5384,4346,3775,2768,2153,1634,1159,883,565,445,271,237,150,103,84,67,0,0,0,0,0,0,0,0,0
2015-07-31T04:00:00Z,1741.468325,0,0,0,0,0,0,0,0,0,0,0,0,0,0,0,0,0,0,0,0,0,0,0,0,262,744,1951,2615,3086,3098,2959,3006,2997,3711,3816,4176,4402,5503,5508,5894,6077,7165,6733,8297,6961,7873,9060,8684,8398,8194,9010,9300,9152,9545,9445,9120,9970,9744,10218,9518,9922,9727,9632,7957,7658,6571,5622,4341,3356,2563,1871,1326,966,727,470,346,244,197,109,93,3,0,0,0,0,0,0,0,0
2015-07-31T05:00:00Z,1798.086559,0,0,0,0,0,0,0,0,0,0,0,0,0,0,0,0,0,0,0,0,0,0,0,0,267,711,1811,2409,3065,2929,2969,3109,3195,3962,3991,4480,4787,5990,6073,6470,6638,7836,7316,8891,7799,8588,9719,9332,9179,8833,9813,10099,10127,10227,10519,9975,10961,10688,10955,10017,9961,9553,8984,6997,6747,5269,4505,3311,2545,1919,1404,1101,751,571,382,316,216,181,105,69,3,0,0,0,0,0,0,0,0
2015-07-31T06:00:00Z,1734.044688,0,0,0,0,0,0,0,0,0,0,0,0,0,0,0,0,0,0,0,0,0,0,0,0,224,693,1984,2568,3129,2923,2936,3065,3102,3815,3980,4322,4567,5851,5932,6250,6350,7733,7323,8767,7644,8358,9657,9389,9523,8956,9898,10450,10345,10878,10828,10424,11358,11018,11110,9775,9850,9042,8343,6189,5684,4529,3730,2855,2185,1637,1275,962,695,543,364,327,210,148,141,81,2,0,0,0,0,0,0,0,0
2015-07-31T07:00:00Z,1862.361841,0,0,0,0,0,0,0,0,0,0,0,0,0,0,0,0,0,0,0,0,0,0,0,0,229,779,1963,2646,3265,3311,3363,3538,3683,4634,4944,5464,6019,7738,8015,8396,8858,10416,9899,11814,10237,11405,12564,12358,12055,11153,12100,12597,12351,12085,12051,10882,10928,10307,9667,8112,7312,6554,5704,4192,3868,2940,2413,1837,1370,1132,851,624,458,397,271,246,151,116,86,66,0,0,0,0,0,0,0,0,0
2015-07-31T08:00:00Z,1937.917356,0,0,0,0,0,0,0,0,0,0,0,0,0,0,0,0,0,0,0,0,0,0,0,0,251,772,1943,2748,3395,3541,3636,3966,4198,5620,6238,7164,8101,9985,10719,11592,11882,13954,12971,15347,12988,13929,15641,14555,13781,12900,13337,13334,12362,11676,10826,9192,9005,7563,6793,5568,4888,4169,3647,2678,2439,1925,1545,1150,925,762,575,418,334,297,174,151,118,87,72,50,0,0,0,0,0,0,0,0,0
2015-07-31T09:00:00Z,1999.554466,0,0,0,0,0,0,0,0,0,0,0,0,0,0,0,0,0,0,0,0,0,0,0,0,255,872,2168,3093,3878,4052,4445,4877,5437,7352,8284,9682,10932,13698,14176,14938,15210,17007,15888,18234,15116,16190,17253,15556,14492,12902,12906,12190,10509,9584,8415,6684,6496,5515,4898,3855,3415,2816,2500,1924,1646,1312,1153,876,714,555,434,346,236,223,158,136,103,69,64,31,3,0,0,0,0,0,0,0,0
2015-07-31T10:00:00Z,610.398244,0,0,0,0,0,0,0,0,0,0,0,0,0,0,0,0,0,0,0,0,0,0,0,0,95,287,715,974,1284,1296,1461,1705,1737,2481,2855,3245,3644,4662,4589,4844,4871,5499,4877,5731,4744,4989,5429,4769,4339,3955,3896,3630,3087,2720,2342,1854,1795,1453,1272,1005,879,787,628,501,494,339,322,230,179,149,112,107,84,69,45,42,33,18,11,12,1,0,0,0,0,0,0,0,0
2015-07-31T11:00:00Z,2104.893938,0,0,0,0,0,0,0,0,0,0,0,0,0,0,0,0,0,0,0,0,0,0,0,0,338,1171,3065,4278,5781,6594,7298,8469,9252,12411,13381,14798,15638,18789,18601,18429,17986,19699,17646,19873,15882,16408,17556,14937,13292,10962,10595,9591,7929,6664,5651,4484,4081,3389,2962,2275,2086,1854,1637,1221,1160,942,865,674,584,467,336,261,217,188,128,136,91,80,56,38,2,0,0,0,0,0,0,0,0
2015-07-31T12:00:00Z,2170.57852,0,0,0,0,0,0,0,0,0,0,0,0,0,0,0,0,0,0,0,0,0,0,0,0,498,1554,3928,5688,7710,8611,9491,10923,11646,15101,15540,16820,17357,20072,19568,19269,18286,20030,17745,19750,15442,15534,15763,13314,11531,9489,8849,7865,6307,5456,4436,3559,3235,2652,2319,1838,1594,1479,1381,1047,1057,946,780,599,525,391,343,285,234,179,117,124,82,63,54,28,1,0,0,0,0,0,0,0,0
2015-07-31T13:00:00Z,2194.107888,0,0,0,0,0,0,0,0,0,0,0,0,0,0,0,0,0,0,0,0,0,0,0,0,753,2227,5124,7453,9903,10982,11969,13325,13621,17262,17514,18461,18596,21251,20615,19687,18229,19789,16733,17777,13880,13677,13689,11056,9217,7591,6758,5751,4842,3893,3358,2507,2313,2051,1818,1422,1414,1153,1210,975,1007,809,702,587,431,376,342,284,216,171,136,123,70,61,42,35,2,0,0,0,0,0,0,0,0
2015-07-31T14:00:00Z,2220.931389,0,0,0,0,0,0,0,0,0,0,0,0,0,0,0,0,0,0,0,0,0,0,0,0,874,2655,5902,8270,11161,11999,13027,14494,14677,18082,18355,19166,19218,21705,20493,19693,18446,19608,16566,17409,13302,13030,13036,10553,8725,6914,6321,5356,4307,3622,3112,2440,2214,1820,1760,1373,1312,1240,1142,925,912,716,751,580,478,366,283,259,217,169,119,100,77,66,52,32,2,0,0,0,0,0,0,0,0
2015-07-31T15:00:00Z,2211.269169,0,0,0,0,0,0,0,0,0,0,0,0,0,0,0,0,0,0,0,0,0,0,0,0,1103,3108,6577,9090,12280,12740,13814,14896,15336,18509,18664,19445,19262,21701,20153,19569,18311,19177,16038,16868,12880,12337,12075,9513,7970,6257,5753,4828,3866,3323,2731,2144,1953,1719,1474,1283,1284,1154,1169,907,902,750,687,514,419,394,316,227,203,183,122,114,78,71,63,34,0,0,0,0,0,0,0,0,0
2015-07-31T16:00:00Z,2165.18218,0,0,0,0,0,0,0,0,0,0,0,0,0,0,0,0,0,0,0,0,0,0,0,0,1144,3117,6666,9056,12160,12638,13749,14928,14767,18174,17947,18715,18333,20853,19601,18641,17314,18287,15354,16349,12258,11907,11667,9252,7661,6081,5260,4657,3721,3022,2553,1979,1810,1603,1452,1282,1200,1125,1044,892,919,771,686,598,460,406,341,260,197,166,109,113,94,55,44,22,1,0,0,0,0,0,0,0,0
2015-07-31T17:00:00Z,2186.971757,0,0,0,0,0,0,0,0,0,0,0,0,0,0,0,0,0,0,0,0,0,0,0,0,926,2755,6013,8346,11062,11611,12496,13711,13903,17079,16942,17580,17701,20039,18599,18041,16704,17951,15350,16710,12933,12844,12576,10612,9010,7167,6520,5843,4573,3849,3026,2413,2130,1760,1615,1366,1269,1120,1131,842,904,724,641,538,460,401,309,244,208,171,120,94,67,51,38,37,1,0,0,0,0,0,0,0,0
2015-07-31T18:00:00Z,1913.865278,0,0,0,0,0,0,0,0,0,0,0,0,0,0,0,0,0,0,0,0,0,0,0,0,616,1879,4303,6319,8239,8861,9769,10471,10808,13454,13555,14186,14078,16275,15270,14959,14116,15304,13310,14661,11708,12025,12238,10707,9316,8148,7759,7125,5836,4976,3990,3104,2696,2223,1899,1442,1362,1203,1049,843,789,696,665,523,387,363,293,250,155,164,99,89,75,46,52,25,1,0,0,0,0,0,0,0,0
2015-07-31T19:00:00Z,2095.225853,0,0,0,0,0,0,0,0,0,0,0,0,0,0,0,0,0,0,0,0,0,0,0,0,504,1595,4048,5699,7710,8306,8899,10026,10258,12968,13459,14013,14102,16275,15452,15164,14573,15874,14017,15523,12745,13367,13936,12667,11646,10067,10092,9732,8563,7647,6859,5325,4691,3861,3141,2275,2017,1606,1368,1060,983,847,709,607,480,431,325,255,214,176,117,99,53,65,52,25,1,0,0,0,0,0,0,0,0
2015-07-31T20:00:00Z,2051.080255,0,0,0,0,0,0,0,0,0,0,0,0,0,0,0,0,0,0,0,0,0,0,0,0,419,1425,3451,4770,6625,7010,7545,8456,8752,11204,11599,12555,12675,14570,14347,13945,13259,14751,12971,14847,12156,12712,13953,12620,11835,10718,10985,10787,9909,9398,8531,7294,7072,5779,4957,3703,3012,2319,1930,1339,1185,899,809,662,509,429,324,248,205,157,127,105,88,61,40,24,0,0,0,0,0,0,0,0,0
2015-07-31T21:00:00Z,2000.317449,0,0,0,0,0,0,0,0,0,0,0,0,0,0,0,0,0,0,0,0,0,0,0,0,363,1190,3003,4348,5651,6097,6653,7434,7756,9962,10412,10939,11567,13413,13130,12996,12504,13606,12049,13816,11158,11801,12944,11958,11165,10319,10808,10752,10293,9860,9631,8336,8163,7331,6432,4951,4052,3274,2452,1716,1445,1078,847,670,600,384,328,273,217,179,117,110,78,53,43,25,4,0,0,0,0,0,0,0,0
2015-07-31T22:00:00Z,1943.5208,0,0,0,0,0,0,0,0,0,0,0,0,0,0,0,0,0,0,0,0,0,0,0,0,335,1010,2687,3904,5096,5317,5821,6547,6806,8714,9198,9945,10465,12257,11788,11932,11496,12621,11011,12713,10360,11216,12204,11305,10848,9985,10592,10684,10171,9883,9542,8529,8786,7808,7357,6084,5281,4469,3530,2319,1911,1401,1078,818,658,462,369,286,211,180,117,120,70,60,51,27,0,0,0,0,0,0,0,0,0
2015-07-31T23:00:00Z,1798.063893,0,0,0,0,0,0,0,0,0,0,0,0,0,0,0,0,0,0,0,0,0,0,0,0,286,957,2402,3302,4237,4388,4581,4999,5084,6582,7044,7777,8323,9992,9726,10009,10033,11094,10047,11553,9534,10102,11196,10274,10048,9438,10003,10127,9832,9951,9780,9074,9439,9117,9215,7882,7592,6918,6139,4457,3746,2706,1906,1394,932,709,524,403,297,209,172,142,92,72,60,34,1,0,0,0,0,0,0,0,0
2015-08-01T00:00:00Z,1586.5890530000001,0,0,0,0,0,0,0,0,0,0,0,0,0,0,0,0,0,0,0,0,0,0,0,0,265,810,2078,2774,3536,3708,3828,4230,4513,5698,6142,6820,7333,8715,8396,8611,8685,9782,8787,9935,8158,8797,9699,8814,8431,8007,8483,8814,8560,8414,8608,7870,8496,8088,8041,7016,6656,6015,5348,3966,3287,2349,1713,1200,845,617,405,336,242,170,131,100,78,60,49,31,0,0,0,0,0,0,0,0,0
2015-08-01T01:00:00Z,1730.724606,0,0,0,0,0,0,0,0,0,0,0,0,0,0,0,0,0,0,0,0,0,0,0,0,290,927,2220,3163,3662,3718,3880,3954,3900,4845,5260,5619,6068,7433,7518,7983,7903,8924,8259,9820,8149,8934,9781,9223,8746,8309,8841,9377,9216,9329,9201,8525,9440,9189,9103,8305,8521,7974,7884,6534,5984,4746,3876,2779,1993,1460,1027,759,472,403,277,245,163,136,108,70,2,0,0,0,0,0,0,0,0
2015-08-01T02:00:00Z,1866.672172,0,0,0,0,0,0,0,0,0,0,0,0,0,0,0,0,0,0,0,0,0,0,0,0,310,836,2212,3052,3632,3627,3546,3757,3723,4712,4815,5384,5716,7097,7355,7633,7805,8848,8313,9717,8106,8834,10020,9651,9232,8540,9378,9795,9603,9717,9902,9465,10149,9907,10166,9418,9702,9384,9207,7484,7388,6251,5164,3887,2925,2010,1513,1047,673,546,323,270,191,140,122,56,1,0,0,0,0,0,0,0,0
2015-08-01T03:00:00Z,2000.789873,0,0,0,0,0,0,0,0,0,0,0,0,0,0,0,0,0,0,0,0,0,0,0,0,250,831,2164,2893,3597,3521,3577,3674,3964,4813,5122,5859,6124,7511,7802,8029,8220,9479,8578,10496,8768,9411,10421,9885,9631,9024,9876,10421,10224,10370,10792,9794,10667,10599,10697,9869,10027,9585,9471,7587,7240,5910,4765,3486,2538,1808,1207,836,613,434,277,232,163,98,93,47,2,0,0,0,0,0,0,0,0
2015-08-01T04:00:00Z,2007.631857,0,0,0,0,0,0,0,0,0,0,0,0,0,0,0,0,0,0,0,0,0,0,0,0,232,784,2139,2775,3437,3520,3594,3658,3660,4670,4942,5656,5955,7343,7709,7860,7975,9409,8579,10100,8675,9652,10642,10011,9859,9331,9999,10729,10402,10576,10949,10285,11063,10944,11212,10479,10564,10048,9508,7860,7225,5900,4910,3562,2526,1885,1401,925,658,506,311,253,165,141,95,60,2,0,0,0,0,0,0,0,0
2015-08-01T05:00:00Z,1860.014226,0,0,0,0,0,0,0,0,0,0,0,0,0,0,0,0,0,0,0,0,0,0,0,0,247,866,2118,2911,3464,3261,3314,3390,3345,4310,4261,4719,4964,6239,6514,6707,6857,8150,7609,8961,7825,8463,10103,9379,9432,8888,9773,10373,10241,10425,10760,10211,11418,11312,11799,10672,10771,10367,9714,7924,7605,5923,4951,3805,2826,2184,1720,1235,937,726,453,352,283,202,161,79,0,0,0,0,0,0,0,0,0
2015-08-01T06:00:00Z,1948.323184,0,0,0,0,0,0,0,0,0,0,0,0,0,0,0,0,0,0,0,0,0,0,0,0,284,967,2288,3130,3788,3601,3743,3645,3609,4476,4674,4992,5425,6684,6761,7206,7358,8960,8495,10057,8724,9911,11399,10813,10850,10380,11418,11995,11893,12000,12556,11655,13047,12332,12667,11222,11179,10376,9500,7212,6715,5295,4459,3421,2609,1958,1601,1207,922,722,462,408,234,204,137,97,2,0,0,0,0,0,0,0,0
2015-08-01T07:00:00Z,2029.110588,0,0,0,0,0,0,0,0,0,0,0,0,0,0,0,0,0,0,0,0,0,0,0,0,287,898,2233,3132,3712,3731,3688,3988,4011,5237,5604,6219,6772,8610,9228,9988,10550,12502,11843,14312,11939,13228,14869,14030,13611,12663,13734,14022,13515,13017,12950,11496,11700,10559,10025,8473,7774,6620,5672,4277,3677,2954,2404,1802,1477,1042,834,651,482,377,256,201,155,126,105,45,1,0,0,0,0,0,0,0,0
2015-08-01T08:00:00Z,2096.592069,0,0,0,0,0,0,0,0,0,0,0,0,0,0,0,0,0,0,0,0,0,0,0,0,293,973,2490,3283,4081,4054,4225,4477,4484,5892,6500,7609,8449,10832,11558,12538,13306,15659,14794,17553,14756,15971,17855,16468,15380,14050,14770,14625,13858,12776,12030,10471,10264,8880,8231,6677,5921,5016,4505,3291,2865,2222,1982,1430,1066,836,647,508,421,331,215,189,129,111,95,42,1,0,0,0,0,0,0,0,0
2015-08-01T09:00:00Z,1864.540831,0,0,0,0,0,0,0,0,0,0,0,0,0,0,0,0,0,0,0,0,0,0,0,0,262,877,2191,3189,4208,4401,4889,5653,6414,8623,9607,10871,12007,14741,15106,15487,15102,17023,15456,17281,13780,14579,15346,13283,12057,10395,10213,9375,8233,7409,6346,5259,4976,4020,3666,2954,2698,2192,2002,1464,1339,1007,873,675,568,403,364,298,183,186,117,103,108,59,41,37,1,0,0,0,0,0,0,0,0
2015-08-01T10:00:00Z,2144.663602,0,0,0,0,0,0,0,0,0,0,0,0,0,0,0,0,0,0,0,0,0,0,0,0,371,1243,3148,4604,6342,6966,7981,9437,10080,13277,14623,16213,16846,20244,19903,19901,19100,20944,18226,20159,15545,15604,16077,13316,11556,9478,8953,7973,6529,5539,4888,3976,3585,3104,2685,2218,1951,1610,1491,1225,1119,912,773,618,502,396,326,235,211,184,147,109,72,65,58,23,0,0,0,0,0,0,0,0,0
2015-08-01T11:00:00Z,2284.706837,0,0,0,0,0,0,0,0,0,0,0,0,0,0,0,0,0,0,0,0,0,0,0,0,661,1836,4536,6522,9131,9783,11305,12803,13873,17189,18221,19323,20010,22833,22108,21556,20301,21816,18330,20082,15112,14892,14338,12065,9895,7810,7040,6285,5213,4390,3669,3007,2769,2249,2100,1791,1579,1429,1322,1030,1021,859,704,608,479,407,338,275,240,204,146,114,100,65,61,36,1,0,0,0,0,0,0,0,0
2015-08-01T12:00:00Z,2304.463178,0,0,0,0,0,0,0,0,0,0,0,0,0,0,0,0,0,0,0,0,0,0,0,0,725,2236,5448,7610,10264,11346,12594,13673,14818,18229,19140,20158,20290,23543,22279,21895,20408,21804,18501,19998,15078,15008,14811,11792,9975,7824,7297,6242,5020,4153,3635,2830,2643,2178,2039,1677,1510,1369,1250,1002,1030,879,781,629,547,385,343,304,214,215,152,115,92,70,56,29,1,0,0,0,0,0,0,0,0
2015-08-01T13:00:00Z,2338.826712,0,0,0,0,0,0,0,0,0,0,0,0,0,0,0,0,0,0,0,0,0,0,0,0,988,2991,6468,9071,12290,12731,13970,15281,15727,19543,19728,20728,21011,23833,22300,21328,20019,20918,17810,18821,14263,13837,13450,10777,8754,6837,6278,5256,4234,3525,3043,2316,2143,1889,1726,1514,1388,1272,1258,1003,1011,805,738,600,517,386,348,286,247,205,133,132,86,51,44,32,0,0,0,0,0,0,0,0,0
2015-08-01T14:00:00Z,2354.506689,0,0,0,0,0,0,0,0,0,0,0,0,0,0,0,0,0,0,0,0,0,0,0,0,1345,3660,7720,10587,13715,14414,15515,16638,17051,20644,20265,21498,21223,24003,22230,21297,19179,19946,16467,17049,12602,12168,11316,8742,7189,5466,4973,4107,3298,2843,2383,1917,1932,1661,1508,1388,1291,1190,1090,889,920,758,713,562,471,359,339,305,200,186,137,105,82,81,59,42,2,0,0,0,0,0,0,0,0
2015-08-01T15:00:00Z,2385.440603,0,0,0,0,0,0,0,0,0,0,0,0,0,0,0,0,0,0,0,0,0,0,0,0,1525,4184,8612,11373,14852,15598,16396,17460,17703,21517,21005,21870,21873,23976,22406,20783,19186,19753,15916,16546,11932,11346,10687,8256,6616,5160,4538,3873,3104,2683,2298,1892,1855,1611,1525,1310,1286,1211,1154,889,912,755,689,624,501,387,303,273,206,205,108,108,75,62,70,45,0,0,0,0,0,0,0,0,0
2015-08-01T16:00:00Z,1924.969502,0,0,0,0,0,0,0,0,0,0,0,0,0,0,0,0,0,0,0,0,0,0,0,0,1231,3340,6637,9106,11672,12395,13001,13904,14074,17037,17078,17429,17337,19614,17978,17386,15921,16770,13782,14181,10418,10042,9537,7364,5834,4533,4153,3574,2787,2294,2014,1598,1570,1348,1267,1105,1038,963,915,787,756,645,599,496,386,369,275,240,184,137,127,109,63,47,42,27,0,0,0,0,0,0,0,0,0
2015-08-01T17:00:00Z,1605.948166,0,0,0,0,0,0,0,0,0,0,0,0,0,0,0,0,0,0,0,0,0,0,0,0,822,2494,5221,6932,9072,9815,10464,11386,11589,14702,14407,15215,15203,17062,16345,15649,14757,15562,13294,14500,11060,10894,10649,8688,7271,5812,5328,4475,3533,2986,2374,1804,1628,1394,1272,1073,1007,987,882,734,717,670,602,505,388,378,316,229,180,157,109,99,70,57,52,27,0,0,0,0,0,0,0,0,0
2015-08-01T19:00:00Z,171.445197,0,0,0,0,0,0,0,0,0,0,0,0,0,0,0,0,0,0,0,0,0,0,0,0,40,127,281,452,570,589,688,757,799,984,1088,1094,1178,1421,1334,1389,1292,1456,1261,1420,1176,1211,1365,1160,1120,996,1044,966,903,894,751,674,676,511,457,313,293,232,172,141,115,89,64,67,48,33,26,28,20,16,10,14,6,6,3,5,0,0,0,0,0,0,0,0,0
2015-08-01T20:00:00Z,194.5494,0,0,0,0,0,0,0,0,0,0,0,0,0,0,0,0,0,0,0,0,0,0,0,0,43,153,346,474,621,693,759,888,884,1084,1167,1236,1315,1530,1483,1425,1434,1592,1403,1530,1242,1386,1560,1336,1188,1152,1200,1144,1005,1012,938,808,739,609,541,402,340,263,205,123,119,104,97,84,66,46,30,41,16,19,3,19,9,7,7,2,0,0,0,0,0,0,0,0,0
2015-08-02T13:00:00Z,1284.446962,0,0,0,0,0,0,0,0,0,0,0,0,0,0,0,0,0,0,0,0,0,0,0,0,595,1700,3562,4920,6623,7114,7669,8543,8729,10918,11005,11875,11643,13661,12731,12380,11795,12680,10986,11971,9250,9418,9479,7985,6851,5525,5174,4348,3609,2954,2463,1843,1707,1367,1216,1081,994,861,846,645,655,546,521,443,354,305,258,195,140,138,81,81,69,49,37,31,1,0,0,0,0,0,0,0,0
2015-08-02T14:00:00Z,2035.954504,0,0,0,0,0,0,0,0,0,0,0,0,0,0,0,0,0,0,0,0,0,0,0,0,918,2742,6062,8059,10706,11480,12603,13697,14074,17499,17655,18438,18715,21333,20396,19543,18628,19639,17090,18689,14785,14646,15055,12333,10881,8650,8104,7175,5675,4745,3718,2905,2581,2251,1899,1590,1510,1332,1271,1048,993,904,806,719,582,441,339,294,254,193,128,130,95,70,59,51,1,0,0,0,0,0,0,0,0
2015-08-02T15:00:00Z,2206.739966,0,0,0,0,0,0,0,0,0,0,0,0,0,0,0,0,0,0,0,0,0,0,0,0,1177,3335,6711,9290,12281,12831,14208,14974,15711,19346,19272,20634,20245,23089,21614,20950,19778,21037,18090,19662,15425,15351,15804,12827,10791,8703,8040,6944,5469,4629,3737,2738,2605,2153,1863,1589,1473,1430,1366,1065,1060,937,805,656,607,467,399,323,243,237,147,143,91,61,70,43,0,0,0,0,0,0,0,0,0
2015-08-02T16:00:00Z,2214.913765,0,0,0,0,0,0,0,0,0,0,0,0,0,0,0,0,0,0,0,0,0,0,0,0,1179,3327,6950,9484,12653,13225,14202,15599,15957,19176,19270,19943,20045,22661,21103,20156,18951,20331,17379,18985,14628,14404,14656,11886,9980,7977,7420,6159,4886,3937,3342,2529,2341,1967,1732,1510,1349,1286,1178,1022,1018,815,795,643,530,464,369,293,218,205,137,130,114,77,51,39,1,0,0,0,0,0,0,0,0
2015-08-02T17:00:00Z,2220.228846,0,0,0,0,0,0,0,0,0,0,0,0,0,0,0,0,0,0,0,0,0,0,0,0,1129,3155,6386,8854,11734,12420,13415,14666,14715,18249,18738,19101,19347,21840,20433,19370,18814,19793,16915,18667,14639,14793,15063,12636,10717,8938,8206,7355,5792,4788,3963,3128,2660,2180,1973,1603,1464,1284,1151,998,985,879,750,605,471,444,380,285,231,195,145,114,94,53,48,43,1,0,0,0,0,0,0,0,0
2015-08-02T18:00:00Z,432.77883499999996,0,0,0,0,0,0,0,0,0,0,0,0,0,0,0,0,0,0,0,0,0,0,0,0,163,460,976,1432,1843,1924,2102,2324,2468,3041,3149,3283,3424,3887,3678,3564,3476,3723,3324,3672,2865,3032,3366,2840,2576,2328,2240,2125,1784,1561,1268,1023,949,664,622,422,382,342,305,235,202,197,146,134,106,69,78,54,37,46,19,20,11,13,11,5,0,0,0,0,0,0,0,0,0
2015-08-02T22:00:00Z,1512.394492,0,0,0,0,0,0,0,0,0,0,0,0,0,0,0,0,0,0,0,0,0,0,0,0,236,899,2142,2804,3415,3466,3529,3940,3841,5018,5423,6053,6453,7955,7816,8148,8191,9356,8374,9952,8223,8969,9908,9200,9025,8243,9251,9463,9122,9139,9312,8772,9504,9239,9414,8345,8256,7663,7052,5571,4923,3810,2921,2047,1451,1006,715,542,374,312,205,156,120,96,59,61,2,0,0,0,0,0,0,0,0
2015-08-02T23:00:00Z,1755.189302,0,0,0,0,0,0,0,0,0,0,0,0,0,0,0,0,0,0,0,0,0,0,0,0,300,979,2253,2998,3784,3762,3813,4140,4113,5383,5702,6348,6541,8371,8377,8610,8594,9725,8999,10462,8742,9485,10710,10067,9918,9354,9997,10671,10348,10611,10552,10142,10981,10693,10941,10211,10055,9613,9092,7514,6992,5498,4599,3474,2546,1819,1271,859,626,457,275,250,181,111,92,54,1,0,0,0,0,0,0,0,0
2015-08-03T00:00:00Z,1774.303388,0,0,0,0,0,0,0,0,0,0,0,0,0,0,0,0,0,0,0,0,0,0,0,0,273,913,2185,2997,3478,3439,3349,3502,3485,4360,4406,4938,4923,6335,6348,6708,6740,7913,7241,8626,7434,8254,9628,9105,9165,8664,9529,10118,10154,10249,10759,10265,11458,11249,11812,11217,11613,11422,11659,9801,9932,8770,7726,6490,5344,4339,3378,2660,1909,1456,974,774,473,396,239,136,8,0,0,0,0,0,0,0,0
2015-08-03T01:00:00Z,1731.039415,0,0,0,0,0,0,0,0,0,0,0,0,0,0,0,0,0,0,0,0,0,0,0,0,297,1044,2464,3248,3890,3679,3332,3528,3192,3770,3734,4052,4057,4964,4969,5246,5274,6081,5694,7003,6114,6857,7929,7734,7854,7666,8488,9148,9186,9687,9839,9615,10877,10900,11533,11006,11612,11923,12431,10768,11324,10315,9849,8612,7561,6429,5477,4354,3348,2886,1861,1572,990,694,503,269,10,0,0,0,0,0,0,0,0
2015-08-03T02:00:00Z,1689.112106,0,0,0,0,0,0,0,0,0,0,0,0,0,0,0,0,0,0,0,0,0,0,0,0,302,960,2500,3240,3671,3535,3327,3301,3006,3632,3481,3721,3759,4486,4433,4511,4584,5238,4851,6010,5185,5896,6877,6717,6731,6725,7578,8081,8540,8789,9123,9194,10355,10469,11115,10662,11657,12015,12506,11221,11967,11060,10543,9542,8481,7455,6313,5273,4168,3594,2402,2073,1396,1110,766,469,35,0,0,0,0,0,0,0,0
2015-08-03T03:00:00Z,1677.280958,0,0,0,0,0,0,0,0,0,0,0,0,0,0,0,0,0,0,0,0,0,0,0,0,284,909,2397,3075,3634,3443,3153,3231,3093,3742,3799,3878,3912,4800,4674,4932,4902,5675,5383,6317,5504,6218,7334,7097,7237,7096,7910,8615,8605,9136,9401,9282,10384,10605,11296,10764,11508,12189,12598,11067,11524,10581,10037,8596,7291,6460,5187,4196,3216,2569,1706,1411,839,664,509,306,13,0,0,0,0,0,0,0,0
2015-08-03T04:00:00Z,1600.050833,0,0,0,0,0,0,0,0,0,0,0,0,0,0,0,0,0,0,0,0,0,0,0,0,238,832,2110,2740,3141,2975,2885,2900,2801,3409,3448,3725,3856,4585,4460,4632,4751,5366,5092,6025,5254,6057,7190,7058,7114,6885,7880,8433,8695,9193,9578,9501,10622,10724,11488,11204,12009,12386,12753,10991,11342,9960,9209,7578,6337,5253,4125,3225,2456,1898,1344,1110,725,532,383,227,7,0,0,0,0,0,0,0,0
2015-08-03T05:00:00Z,1723.173517,0,0,0,0,0,0,0,0,0,0,0,0,0,0,0,0,0,0,0,0,0,0,0,0,316,890,2284,3052,3543,3441,3298,3289,3216,3793,3877,4174,4348,5216,5314,5365,5566,6518,6105,7566,6522,7676,8836,8637,8770,8301,9455,10329,10592,10956,11572,11383,12708,12784,13949,13166,13834,13728,13374,11329,11005,9353,7966,6155,4858,3805,2965,2252,1668,1420,837,800,489,421,313,181,7,0,0,0,0,0,0,0,0
2015-08-03T06:00:00Z,1749.899568,0,0,0,0,0,0,0,0,0,0,0,0,0,0,0,0,0,0,0,0,0,0,0,0,298,1023,2536,3271,3850,3565,3432,3454,3327,4015,3957,4372,4541,5341,5435,5880,5972,7260,6847,8461,7469,8769,10208,10358,10712,10309,11512,12597,12656,13021,13449,12934,14468,14526,14773,13655,13630,12679,12044,9445,8774,6918,5737,4264,3362,2707,2171,1625,1273,995,679,578,395,278,210,151,9,0,0,0,0,0,0,0,0
2015-08-03T07:00:00Z,1778.6710229999999,0,0,0,0,0,0,0,0,0,0,0,0,0,0,0,0,0,0,0,0,0,0,0,0,323,1022,2532,3317,3936,3628,3457,3523,3424,4082,3984,4379,4804,6183,6197,7002,7380,8943,8874,11040,9971,11540,13610,13570,13596,13288,14879,15711,15637,15764,15816,14513,15004,13888,13304,11498,10513,9429,8127,6082,5376,4016,3341,2617,2113,1590,1235,999,713,593,445,400,246,226,147,100,3,0,0,0,0,0,0,0,0
2015-08-03T08:00:00Z,1841.737884,0,0,0,0,0,0,0,0,0,0,0,0,0,0,0,0,0,0,0,0,0,0,0,0,333,1127,2681,3363,4153,3910,3771,3877,3766,4835,5006,5755,6535,8297,9013,9996,10690,12897,12576,15681,13601,15467,17614,17272,16950,15723,17207,17563,16903,16277,15203,13299,13004,11238,10218,8251,7120,6119,5141,3840,3429,2611,2237,1704,1396,1045,870,694,513,452,312,266,169,146,111,70,1,0,0,0,0,0,0,0,0
2015-08-03T09:00:00Z,1910.768005,0,0,0,0,0,0,0,0,0,0,0,0,0,0,0,0,0,0,0,0,0,0,0,0,346,1206,2690,3642,4431,4422,4534,5014,5226,6699,7661,8862,10014,13173,13484,14685,15233,17725,16504,19189,16952,18110,20359,18831,18027,16655,16997,17115,14812,13998,12407,10025,9523,7781,6785,5013,4377,3691,3160,2299,2044,1676,1379,1131,867,745,637,464,423,304,214,214,125,121,86,53,2,0,0,0,0,0,0,0,0
2015-08-03T10:00:00Z,1933.751686,0,0,0,0,0,0,0,0,0,0,0,0,0,0,0,0,0,0,0,0,0,0,0,0,398,1381,3154,4160,5265,5617,6230,6937,7544,10116,11263,12745,13846,17274,17571,18012,17973,20151,18256,21189,17262,18615,20235,18478,17094,15027,14997,14176,12401,10926,9405,7584,6576,5336,4676,3580,3008,2527,2170,1615,1532,1270,1144,904,753,593,481,416,307,270,183,158,123,91,75,43,3,0,0,0,0,0,0,0,0
2015-08-03T11:00:00Z,2007.965653,0,0,0,0,0,0,0,0,0,0,0,0,0,0,0,0,0,0,0,0,0,0,0,0,560,1672,3765,5390,7186,7840,8614,9965,10823,14005,14909,16620,17282,20557,19865,20263,19618,21644,19234,21462,17066,17978,19031,16463,14767,12718,12118,11072,9336,7881,6587,4946,4511,3555,3007,2323,1977,1700,1604,1270,1092,1006,927,710,638,514,416,332,257,211,168,155,89,84,54,45,3,0,0,0,0,0,0,0,0
2015-08-03T12:00:00Z,2010.327472,0,0,0,0,0,0,0,0,0,0,0,0,0,0,0,0,0,0,0,0,0,0,0,0,619,1942,4628,6258,8162,8821,9838,11035,11856,15304,15660,17076,17571,20539,19539,19453,19014,20550,18069,20352,16321,16829,17486,15538,13916,11818,11512,10379,8707,7381,6171,4803,4320,3432,2920,2235,1919,1695,1600,1249,1206,989,926,709,576,494,445,316,273,225,160,143,108,81,67,36,2,0,0,0,0,0,0,0,0
2015-08-03T13:00:00Z,2199.981992,0,0,0,0,0,0,0,0,0,0,0,0,0,0,0,0,0,0,0,0,0,0,0,0,824,2507,5533,7486,9942,10671,11433,12904,13677,17355,18075,19282,19546,22881,21778,21360,20401,22413,19762,21812,17640,18228,19319,16834,14920,12764,12300,11132,9617,7886,6676,5205,4557,3805,3249,2446,2235,1937,1782,1410,1433,1230,1060,906,707,613,519,405,318,294,190,191,128,120,88,58,3,0,0,0,0,0,0,0,0
2015-08-03T14:00:00Z,2141.395596,0,0,0,0,0,0,0,0,0,0,0,0,0,0,0,0,0,0,0,0,0,0,0,0,916,2679,5695,7594,10248,10920,11761,13220,13678,17119,17992,18708,19125,21976,21096,20872,19577,21497,18460,20664,16571,16808,17719,15226,13402,11277,10789,9611,8156,6861,5661,4504,3923,3003,2624,2204,1885,1650,1579,1224,1255,1039,907,801,633,510,449,331,266,241,183,150,122,81,80,58,0,0,0,0,0,0,0,0,0
2015-08-03T15:00:00Z,2260.642582,0,0,0,0,0,0,0,0,0,0,0,0,0,0,0,0,0,0,0,0,0,0,0,0,1025,2863,5953,8137,10766,11373,12300,13452,13965,17448,17807,19242,19451,22375,21436,21320,20299,22143,19322,21865,17292,18148,18958,16503,14533,12409,11939,10955,9290,8077,6798,5183,4619,3685,3188,2455,2197,1838,1724,1452,1317,1077,1063,832,653,575,483,389,318,263,151,176,115,94,84,52,1,0,0,0,0,0,0,0,0
2015-08-03T16:00:00Z,2283.025189,0,0,0,0,0,0,0,0,0,0,0,0,0,0,0,0,0,0,0,0,0,0,0,0,1010,2776,5671,7730,10189,10879,11617,12948,13322,16789,16757,18070,18355,21497,20486,20022,19723,21151,18575,21137,16909,17552,18607,16547,14885,12973,12804,11759,10060,8940,7409,5745,5284,4343,3649,2750,2398,1984,1839,1365,1310,1189,932,816,689,587,455,394,301,250,177,178,120,93,77,54,0,0,0,0,0,0,0,0,0
2015-08-03T17:00:00Z,2305.832554,0,0,0,0,0,0,0,0,0,0,0,0,0,0,0,0,0,0,0,0,0,0,0,0,856,2511,5485,7342,9708,10172,11046,12180,12572,15541,16106,17527,17569,20516,19665,19773,18739,20352,17852,20407,16407,17065,18193,16300,14911,12802,12786,12222,10768,9319,8187,6523,5960,4641,3844,3076,2505,2166,1731,1351,1301,1126,927,803,675,580,468,340,297,245,173,156,107,90,62,45,0,0,0,0,0,0,0,0,0
2015-08-03T18:00:00Z,1550.97786,0,0,0,0,0,0,0,0,0,0,0,0,0,0,0,0,0,0,0,0,0,0,0,0,413,1300,2980,4008,5184,5327,5772,6450,6682,8610,9076,9794,10175,11907,11710,11835,11367,12439,11271,12913,10636,11111,12223,11169,10699,9695,10078,10233,9377,8855,8484,7264,6895,5822,5219,4025,3301,2689,2162,1530,1272,1013,867,643,502,414,365,303,221,179,123,118,73,60,57,41,1,0,0,0,0,0,0,0,0
2015-08-03T19:00:00Z,1281.024344,0,0,0,0,0,0,0,0,0,0,0,0,0,0,0,0,0,0,0,0,0,0,0,0,256,834,2004,2725,3353,3462,3426,3688,3833,4863,5232,5842,6340,7616,7830,8174,8169,8907,8224,9707,7971,8504,9351,8844,8374,8003,8540,8555,8391,8193,8294,7591,8086,7559,7435,6359,6227,5470,4730,3488,2946,2287,1720,1146,892,642,458,346,254,212,151,143,92,69,59,30,1,0,0,0,0,0,0,0,0
2015-08-03T20:00:00Z,2068.66976,0,0,0,0,0,0,0,0,0,0,0,0,0,0,0,0,0,0,0,0,0,0,0,0,414,1293,3154,4213,5098,5075,5157,5709,5944,7362,7934,8864,9556,11646,11699,12256,12264,13968,12613,14722,12509,13414,14732,13437,13308,12174,13255,13595,13517,13349,13525,12319,13599,12770,12865,11513,11104,10250,9329,6787,6032,4429,3440,2332,1711,1182,845,650,494,385,245,233,149,118,110,75,1,0,0,0,0,0,0,0,0
2015-08-03T21:00:00Z,2007.206334,0,0,0,0,0,0,0,0,0,0,0,0,0,0,0,0,0,0,0,0,0,0,0,0,339,1117,2792,3680,4433,4506,4642,5012,4848,6345,6531,7333,7912,9579,9941,10228,10367,11892,11032,13026,10883,11582,13128,12343,12059,11245,12200,12875,12624,12630,12778,12032,13065,12627,13120,12295,12233,11819,11406,8950,8176,6591,5384,4005,3111,2165,1573,1043,699,569,380,297,193,146,93,82,5,0,0,0,0,0,0,0,0
2015-08-03T22:00:00Z,1949.303589,0,0,0,0,0,0,0,0,0,0,0,0,0,0,0,0,0,0,0,0,0,0,0,0,364,1234,2763,3766,4415,4379,4318,4488,4394,5339,5446,6057,6379,7737,7978,8500,8587,9762,9082,10948,9495,10234,11577,11057,11060,10175,11275,11568,11631,11918,11992,11444,12726,12439,12916,12333,12676,12500,12460,10700,10712,8964,7741,6385,4993,3923,2924,2113,1535,1207,769,567,359,285,186,104,5,0,0,0,0,0,0,0,0
2015-08-03T23:00:00Z,747.60069,0,0,0,0,0,0,0,0,0,0,0,0,0,0,0,0,0,0,0,0,0,0,0,0,155,441,1036,1432,1593,1504,1527,1545,1413,1773,1724,1851,2035,2356,2478,2527,2469,2980,2741,3340,2894,3322,3699,3616,3648,3574,3904,4114,4241,4377,4503,4364,4820,4913,5048,4948,5199,5193,5385,4740,5026,4486,4372,3630,3231,2721,2292,1797,1305,1088,690,581,359,267,156,113,3,0,0,0,0,0,0,0,0
2015-08-04T00:00:00Z,1494.503359,0,0,0,0,0,0,0,0,0,0,0,0,0,0,0,0,0,0,0,0,0,0,0,0,321,898,2172,2900,3416,3197,2950,3051,2913,3435,3359,3572,3593,4331,4278,4529,4517,5163,4917,5705,4926,5403,6388,6165,6263,6037,6914,7507,7433,7995,8403,8070,9139,9208,9879,9587,10403,10674,11167,10089,10855,10320,9999,8761,8062,7144,6278,5350,4243,3710,2580,2318,1528,1133,796,442,30,0,0,0,0,0,0,0,0
2015-08-04T01:00:00Z,1507.002999,0,0,0,0,0,0,0,0,0,0,0,0,0,0,0,0,0,0,0,0,0,0,0,0,317,1017,2489,3337,3746,3569,3438,3403,3217,3572,3438,3475,3453,3970,3681,3922,3693,4085,3805,4378,3533,3967,4673,4542,4546,4435,5053,5516,5718,5997,6435,6392,7337,7591,8361,8234,9084,9607,10298,9575,10582,10389,10556,9803,9564,9025,8379,7900,6807,6667,5133,5093,3769,3188,2468,1560,105,0,0,0,0,0,0,0,0
2015-08-04T02:00:00Z,1000.255546,0,0,0,0,0,0,0,0,0,0,0,0,0,0,0,0,0,0,0,0,0,0,0,0,231,797,1879,2428,2894,2646,2510,2461,2244,2437,2312,2360,2302,2549,2465,2419,2269,2543,2244,2606,2115,2233,2509,2401,2374,2387,2669,2850,3055,3092,3605,3502,4211,4266,4671,4719,5206,5798,6279,5872,6571,6545,6602,6721,6461,6285,6005,5885,5466,5512,4406,4754,3617,3247,2644,1809,117,0,0,0,0,0,0,0,0
2015-08-04T03:00:00Z,1347.18258,0,0,0,0,0,0,0,0,0,0,0,0,0,0,0,0,0,0,0,0,0,0,0,0,308,967,2412,2992,3576,3243,3074,2989,2826,3247,3079,3103,3084,3490,3221,3180,3012,3170,2765,3069,2641,2706,2936,2878,2838,2806,3020,3421,3639,3863,4201,4295,4949,5303,5906,6131,6847,7330,8129,7765,8898,8752,9205,9022,8994,9011,8842,8452,7708,7514,6308,6278,4955,4362,3570,2336,158,0,0,0,0,0,0,0,0
2015-08-04T04:00:00Z,1437.181642,0,0,0,0,0,0,0,0,0,0,0,0,0,0,0,0,0,0,0,0,0,0,0,0,338,1099,2709,3499,3910,3645,3325,3324,3096,3646,3308,3269,3282,3756,3534,3500,3234,3589,3141,3483,2838,3102,3394,3279,3141,3094,3516,3912,4054,4400,4686,4782,5631,6073,6648,6940,7878,8583,9617,9034,10407,10576,10878,10914,10596,10276,9718,8931,7820,7466,5746,5646,4102,3477,2705,1647,102,0,0,0,0,0,0,0,0
2015-08-04T05:00:00Z,1437.932387,0,0,0,0,0,0,0,0,0,0,0,0,0,0,0,0,0,0,0,0,0,0,0,0,371,1280,2862,3632,4086,4011,3659,3622,3279,3766,3557,3401,3312,3769,3491,3432,3295,3514,3126,3439,2789,2958,3303,3111,3004,2968,3291,3565,3913,4311,4868,5075,6035,6633,7893,8486,9548,10563,11688,11178,12184,11754,12018,11174,10439,9577,8643,7901,6536,5987,4466,4363,2925,2567,1991,1240,60,0,0,0,0,0,0,0,0
2015-08-04T06:00:00Z,1559.601337,0,0,0,0,0,0,0,0,0,0,0,0,0,0,0,0,0,0,0,0,0,0,0,0,296,1083,2488,3153,3808,3490,3253,3254,3059,3494,3330,3524,3488,4105,3853,3831,3843,4292,4120,5045,4588,5172,6428,6640,7139,7512,8851,10041,10660,11721,12768,12540,14090,14226,14855,14148,14453,14076,13773,11262,10992,9166,8261,6676,5509,4647,3795,3125,2357,2051,1418,1365,893,761,559,324,17,0,0,0,0,0,0,0,0
2015-08-04T07:00:00Z,1622.136263,0,0,0,0,0,0,0,0,0,0,0,0,0,0,0,0,0,0,0,0,0,0,0,0,316,927,2392,3073,3541,3255,3214,3179,3016,3551,3701,3907,4105,5154,5509,5989,6380,7870,7742,10009,9018,10705,12744,13092,13420,13096,14940,15741,16009,16227,16696,15086,15741,14577,13897,11845,10887,9651,8230,6205,5571,4292,3599,2764,2209,1936,1455,1101,859,745,540,446,333,255,193,124,3,0,0,0,0,0,0,0,0
2015-08-04T08:00:00Z,1751.616136,0,0,0,0,0,0,0,0,0,0,0,0,0,0,0,0,0,0,0,0,0,0,0,0,306,967,2399,3038,3628,3577,3628,3861,3858,5085,5565,6537,7560,9976,10516,11696,12370,14652,14099,17228,14721,16476,18712,17987,17445,16366,17404,17866,16755,15795,14374,12064,11846,9874,8676,6798,5850,4840,4175,3008,2789,2084,1798,1390,1099,999,727,558,437,346,272,230,158,141,127,54,2,0,0,0,0,0,0,0,0
2015-08-04T09:00:00Z,1844.99274,0,0,0,0,0,0,0,0,0,0,0,0,0,0,0,0,0,0,0,0,0,0,0,0,354,1127,2694,3663,4430,4480,4815,5315,5891,7874,8988,10665,11967,15127,15605,16598,16503,19195,17148,20478,16884,18564,20338,18854,17718,16208,16720,16104,14338,12850,11367,9206,8387,6811,5782,4463,3804,3192,2636,1997,1763,1491,1321,1034,836,704,549,436,332,285,206,193,135,103,95,56,1,0,0,0,0,0,0,0,0
2015-08-04T10:00:00Z,397.904997,0,0,0,0,0,0,0,0,0,0,0,0,0,0,0,0,0,0,0,0,0,0,0,0,106,307,662,946,1213,1310,1518,1637,1699,2397,2607,2848,3134,3832,3758,3906,3923,4313,3910,4510,3517,3820,4078,3680,3420,2962,3099,3005,2548,2219,2064,1565,1478,1141,928,687,625,529,407,327,318,242,212,190,146,128,111,78,78,61,59,34,26,23,25,9,0,0,0,0,0,0,0,0,0
2015-08-04T11:00:00Z,1722.993677,0,0,0,0,0,0,0,0,0,0,0,0,0,0,0,0,0,0,0,0,0,0,0,0,473,1626,3554,4748,6517,7017,7834,9032,9326,12259,13048,14405,15087,17764,17184,17087,16791,18435,16610,18837,15068,15699,16762,15060,13358,11986,11722,10958,9411,8156,6786,5309,4646,3676,2990,2314,2037,1776,1558,1193,1194,1012,916,721,591,483,416,317,270,210,162,153,107,88,61,46,2,0,0,0,0,0,0,0,0
2015-08-04T12:00:00Z,1755.986659,0,0,0,0,0,0,0,0,0,0,0,0,0,0,0,0,0,0,0,0,0,0,0,0,708,1969,4429,6054,8047,8577,9551,10712,11339,14367,15111,15873,16373,19022,18011,17734,17157,18882,16377,18321,14722,15214,15768,13861,12433,10306,10081,9158,7652,6354,5119,3977,3408,2750,2392,1897,1741,1519,1364,1064,1013,885,818,694,590,491,422,345,256,213,178,148,112,81,76,39,0,0,0,0,0,0,0,0,0
2015-08-04T13:00:00Z,1765.675885,0,0,0,0,0,0,0,0,0,0,0,0,0,0,0,0,0,0,0,0,0,0,0,0,755,2092,4687,6167,8245,8922,9994,11105,11502,14342,14833,15655,15870,18425,17500,17351,16531,17895,15676,17950,14476,14998,15698,13664,12436,10570,10304,9170,7905,6507,5331,4194,3603,2876,2348,1782,1660,1370,1225,1001,991,826,756,654,532,421,380,299,237,202,132,98,110,73,57,34,2,0,0,0,0,0,0,0,0
2015-08-04T14:00:00Z,1825.564242,0,0,0,0,0,0,0,0,0,0,0,0,0,0,0,0,0,0,0,0,0,0,0,0,783,2221,4491,6165,8381,8942,9910,11054,11379,14210,14325,15092,15265,17342,16612,16239,15791,17397,15352,17429,14128,14703,15968,14257,12938,11098,10970,10028,8636,7236,5958,4667,3952,3063,2440,1936,1671,1407,1142,921,957,766,761,614,497,442,343,307,226,215,151,142,81,84,56,45,2,0,0,0,0,0,0,0,0
2015-08-04T16:00:00Z,535.8010879999999,0,0,0,0,0,0,0,0,0,0,0,0,0,0,0,0,0,0,0,0,0,0,0,0,360,866,1654,2202,2961,3175,3394,3672,3681,4557,4650,4692,4681,5366,5008,4936,4780,5252,4561,4989,4041,4043,4320,3698,3246,2740,2437,2290,1821,1490,1254,929,856,655,535,469,435,406,351,283,256,237,201,201,157,125,117,79,71,59,51,33,21,21,18,16,1,0,0,0,0,0,0,0,0
2015-08-04T17:00:00Z,2143.476858,0,0,0,0,0,0,0,0,0,0,0,0,0,0,0,0,0,0,0,0,0,0,0,0,928,2561,5216,7114,9281,9610,10741,11939,12434,15507,15865,16548,17047,19828,18636,18402,17702,19189,17058,19195,15714,16351,17726,15973,14669,12838,13228,12806,11308,10196,8880,7441,6600,5350,4613,3534,3023,2355,2096,1615,1444,1117,994,824,678,582,470,421,274,255,175,160,110,100,72,56,0,0,0,0,0,0,0,0,0
2015-08-04T18:00:00Z,1953.053167,0,0,0,0,0,0,0,0,0,0,0,0,0,0,0,0,0,0,0,0,0,0,0,0,573,1681,3798,5285,6615,7175,7775,8755,9395,12152,12514,13475,14053,16439,15824,15693,15285,16873,14724,16940,13684,14617,15963,14807,13965,12638,13362,13552,12761,11970,11384,9652,9750,8192,7397,5797,4637,3760,2937,2008,1786,1367,1171,884,754,573,493,389,324,284,189,153,100,101,78,61,2,0,0,0,0,0,0,0,0
2015-08-04T19:00:00Z,1991.911087,0,0,0,0,0,0,0,0,0,0,0,0,0,0,0,0,0,0,0,0,0,0,0,0,451,1400,3393,4640,5793,6118,6550,7643,8117,10617,11216,12317,12806,15374,14823,14791,14228,15646,13586,15471,12436,13281,14092,12980,12442,11729,12248,12515,12095,12020,12053,10829,11523,10798,10605,9116,8523,7225,6254,4600,4056,3059,2414,1812,1284,1002,837,609,439,358,248,190,135,95,84,52,0,0,0,0,0,0,0,0,0
2015-08-04T20:00:00Z,2068.489128,0,0,0,0,0,0,0,0,0,0,0,0,0,0,0,0,0,0,0,0,0,0,0,0,396,1155,2869,3782,4421,4476,4683,4929,5078,6601,6923,8012,8580,10641,10856,11164,11612,12822,11804,13586,11085,11779,13034,11900,11135,9967,10758,11016,10782,10749,10637,10052,11071,10856,11452,10860,11197,11060,11020,9129,8815,7553,6423,4855,3805,2708,2024,1357,904,700,410,342,242,145,111,82,3,0,0,0,0,0,0,0,0
2015-08-04T21:00:00Z,488.940128,0,0,0,0,0,0,0,0,0,0,0,0,0,0,0,0,0,0,0,0,0,0,0,0,96,316,756,986,1116,1087,1085,1060,997,1275,1299,1357,1456,1828,1960,2088,2237,2550,2398,2827,2392,2725,2977,2868,2785,2538,2668,2720,2674,2683,2656,2509,2625,2618,2788,2542,2607,2668,2718,2436,2414,2209,2025,1670,1357,1128,857,615,469,345,234,169,106,71,48,25,0,0,0,0,0,0,0,0,0
2015-08-04T22:00:00Z,1085.917019,0,0,0,0,0,0,0,0,0,0,0,0,0,0,0,0,0,0,0,0,0,0,0,0,225,667,1618,2167,2673,2834,3097,3084,3388,4315,4703,4990,5315,6598,6467,6586,6750,7353,6703,7850,6659,7005,7876,7440,7234,6594,7077,7323,7117,7032,7209,6858,7235,6806,6852,6002,5938,5463,5100,4069,3738,2925,2324,1759,1336,915,677,496,309,263,170,138,110,86,54,32,3,0,0,0,0,0,0,0,0
2015-08-04T23:00:00Z,511.963843,0,0,0,0,0,0,0,0,0,0,0,0,0,0,0,0,0,0,0,0,0,0,0,0,125,364,867,1097,1422,1412,1396,1498,1515,1941,1957,2252,2346,3022,3009,3111,3183,3523,3324,3871,3253,3429,3851,3581,3413,3305,3516,3612,3427,3618,3629,3307,3573,3333,3444,3173,3304,2893,2793,2295,2098,1564,1261,909,652,453,296,226,150,123,75,73,44,39,36,18,1,0,0,0,0,0,0,0,0
2015-08-05T00:00:00Z,1092.8057450000001,0,0,0,0,0,0,0,0,0,0,0,0,0,0,0,0,0,0,0,0,0,0,0,0,217,646,1535,1954,2292,2126,2242,2286,2292,2864,2898,3200,3410,4236,4192,4459,4532,5333,5032,5948,5050,5490,6267,5883,5747,5427,6026,6385,6264,6369,6525,6188,6848,6566,6859,6435,6590,6629,6480,5673,5840,5164,4531,3895,3235,2575,2032,1567,1131,795,531,343,210,168,95,54,1,0,0,0,0,0,0,0,0
2015-08-05T01:00:00Z,1905.179245,0,0,0,0,0,0,0,0,0,0,0,0,0,0,0,0,0,0,0,0,0,0,0,0,276,894,2187,2912,3229,3062,3037,3188,3112,3683,3899,4269,4630,5688,5869,6132,6537,7572,7128,8722,7573,8422,9469,9112,8884,8509,9172,9949,9544,9972,10220,9666,10799,10610,11457,10643,11374,11279,11403,9745,9910,8637,7697,6192,4917,3767,2730,1899,1213,945,546,387,219,159,104,79,1,0,0,0,0,0,0,0,0
2015-08-05T02:00:00Z,1279.274428,0,0,0,0,0,0,0,0,0,0,0,0,0,0,0,0,0,0,0,0,0,0,0,0,187,561,1354,1727,2036,1988,1988,1941,1932,2350,2521,2614,2832,3460,3504,3763,3764,4384,4317,5134,4400,5081,5760,5689,5639,5532,6010,6415,6499,6663,6918,6542,7163,7213,7422,7148,7358,7381,7304,6364,6510,5631,5228,4240,3501,3002,2364,1835,1352,1064,707,528,363,262,177,80,1,0,0,0,0,0,0,0,0
2015-08-05T03:00:00Z,1852.969466,0,0,0,0,0,0,0,0,0,0,0,0,0,0,0,0,0,0,0,0,0,0,0,0,321,994,2290,2882,3361,3084,2911,2775,2560,2961,2886,2920,3017,3585,3509,3748,3550,4098,3834,4586,4065,4496,5369,5288,5565,5376,6277,6755,6991,7472,8071,7762,8800,8989,9860,9661,10517,10992,11813,10939,11802,11051,11204,10282,9572,8666,7572,6485,5155,4675,3329,2928,1970,1483,1064,655,34,0,0,0,0,0,0,0,0
2015-08-05T04:00:00Z,1778.925678,0,0,0,0,0,0,0,0,0,0,0,0,0,0,0,0,0,0,0,0,0,0,0,0,218,740,1781,2234,2561,2405,2272,2395,2224,2653,2632,2759,2888,3465,3571,3712,3819,4468,4258,5177,4576,5398,6093,6233,6343,6343,7194,7704,8084,8333,8922,8404,9630,9539,10361,10029,10552,10867,11110,9737,10355,9118,8655,7390,6520,5509,4552,3749,2876,2351,1571,1358,898,689,445,263,12,0,0,0,0,0,0,0,0
2015-08-05T05:00:00Z,1941.303697,0,0,0,0,0,0,0,0,0,0,0,0,0,0,0,0,0,0,0,0,0,0,0,0,263,771,1868,2455,2834,2646,2638,2674,2665,3226,3231,3719,3929,4916,5093,5353,5525,6539,6453,7901,6890,7871,9302,8896,9229,8817,9767,10685,10574,10891,11411,10800,12008,12028,12670,11862,12380,11903,11807,9556,9401,7656,6367,5081,4006,3044,2165,1632,1147,875,615,478,284,239,168,85,2,0,0,0,0,0,0,0,0
2015-08-05T06:00:00Z,1295.83864,0,0,0,0,0,0,0,0,0,0,0,0,0,0,0,0,0,0,0,0,0,0,0,0,190,615,1424,1925,2338,2375,2403,2664,2776,3636,3627,4078,4504,5473,5626,5716,6020,6706,6266,7343,6190,6652,7765,7297,7034,6751,7244,7624,7728,7733,7972,7358,8061,7897,7944,7282,7075,6292,5753,4547,4167,3201,2570,1905,1397,1060,805,571,423,314,211,186,93,104,52,39,2,0,0,0,0,0,0,0,0
