time,volume,13.573,14.548,15.548,16.697,17.897,19.172,20.547,22.022,23.597,25.271,27.121,29.021,31.145,33.345,35.77,38.344,41.094,44.044,47.193,50.543,54.167,58.091,62.241,66.74,71.565,76.689,82.188,88.087,94.386,101.235,108.236,115.983
2015-07-27T00:00:00Z,2120.60593,0,1276,6318,10230,12321,15312,18786,21798,22897,22538,21872,19377,20268,17241,17390,15805,13873,12119,9041,6161,3507,2178,1336,829,488,268,154,87,50,2,0,0
2015-07-27T01:00:00Z,2089.858458,0,1200,5911,9351,11015,14095,17421,20821,21529,22049,21678,19448,20390,17730,17518,16687,15300,13900,11089,7706,4587,2657,1538,850,515,298,178,93,54,0,0,0
2015-07-27T02:00:00Z,2109.612864,0,1136,5500,8612,10406,13295,16792,20151,21144,21858,21669,19642,20824,17923,18193,17306,15976,14815,12150,8834,5392,2939,1599,827,534,315,186,73,56,2,0,0
2015-07-27T03:00:00Z,1971.618868,0,931,4795,7447,8646,11389,14528,17994,19073,19985,20171,18138,19614,16967,17404,16879,15854,14933,13321,10329,6653,3775,2022,982,561,315,205,79,62,0,0,0
2015-07-27T04:00:00Z,2015.619738,0,976,4589,7223,8416,10926,13896,17612,19317,20329,20881,19125,20452,18206,18755,18500,17555,17487,15483,12051,8117,4626,2459,1268,676,373,211,125,69,2,0,0
2015-07-27T05:00:00Z,2025.85281,0,1004,4723,6834,7799,9799,12916,16316,18617,19923,20616,19222,21551,18831,20191,19844,19216,19134,17403,14284,10055,6191,3371,1735,873,477,274,134,92,3,0,0
2015-07-27T06:00:00Z,1666.49804,0,974,4158,6321,7438,9306,12052,14931,16570,17622,17775,16481,18114,16036,16882,16244,15118,14176,11680,8723,5520,3229,1818,1052,533,327,173,109,54,1,0,0
2015-07-27T07:00:00Z,2090.305621,0,1213,5420,8280,9710,12417,15428,19236,21207,22352,23087,21767,23890,21696,22889,22121,20155,17899,13716,9831,6243,3838,2268,1238,682,446,252,121,90,0,0,0
2015-07-27T08:00:00Z,2020.69177,0,1187,5332,8168,9693,12692,16399,19952,22439,23602,24041,22328,25044,22204,22875,20527,16993,13767,10159,6990,4510,2787,1743,966,680,338,204,123,74,2,0,0
2015-07-27T09:00:00Z,2204.555003,0,1363,5964,9725,12526,16938,22392,27096,29435,29614,29732,27148,28919,23781,21450,16198,11776,8620,6179,4243,2850,2058,1368,780,497,318,204,103,76,1,0,0
2015-07-27T10:00:00Z,2238.26884,0,1582,7441,12789,16743,22647,28496,33578,33601,33186,31949,27297,26700,19695,15857,11146,7765,5656,3882,2975,2092,1685,1149,722,436,287,186,104,61,0,0,0
2015-07-27T11:00:00Z,2284.495473,0,2114,9736,16990,22028,28627,33925,37528,36076,33352,30676,25135,22520,15241,11768,8075,5452,4193,3019,2422,1846,1477,1138,733,478,302,159,116,67,0,0,0
2015-07-27T12:00:00Z,2331.144763,0,2815,11834,20678,25795,32221,36597,39025,36862,33616,29402,22937,20138,13359,9859,6794,4603,3447,2648,2148,1732,1436,1063,765,472,312,191,96,54,0,0,0
2015-07-27T13:00:00Z,2332.597045,0,3327,14071,23643,28828,34774,38981,39740,36564,32449,27792,21211,18155,12059,8730,5888,4022,3172,2499,1968,1761,1444,1136,729,499,296,184,112,53,2,0,0
2015-07-27T14:00:00Z,2342.133468,0,3704,15283,25036,29698,35866,39209,40727,36745,32621,27997,21094,18392,12252,9018,6110,4172,3171,2377,2069,1709,1516,1122,801,482,307,196,119,55,1,0,0
2015-07-27T15:00:00Z,2323.870876,0,4235,16224,26792,31325,36629,39547,40699,36717,32019,27090,20475,17427,11149,8365,5768,3809,2974,2324,1976,1730,1488,1142,773,507,307,190,112,61,0,0,0
2015-07-27T16:00:00Z,2337.241477,0,4367,16808,26977,31359,36078,39240,39981,36017,31415,26842,19989,17368,11196,8225,5497,3788,2896,2225,2036,1723,1426,1139,741,478,314,168,80,53,0,0,0
2015-07-27T17:00:00Z,2265.587799,0,3339,14329,23365,27166,32235,35939,37044,34447,30649,26895,20856,18852,12986,9862,6543,4463,3187,2386,2069,1789,1581,1051,819,527,295,182,104,62,1,0,0
2015-07-27T18:00:00Z,2146.332849,0,3003,12695,20855,24358,28616,31936,33569,31912,28696,25478,20564,19420,13825,10800,7446,4941,3517,2632,2139,1735,1454,1161,713,494,308,168,87,57,0,0,0
2015-07-27T19:00:00Z,1988.303759,0,2225,10382,16919,19990,23888,27007,29219,27897,26002,23762,19470,18864,14314,12382,8981,6129,4166,2812,2155,1704,1351,1103,770,478,303,183,108,56,0,0,0
2015-07-27T20:00:00Z,2096.739058,0,1871,8817,14437,17097,20966,25127,28677,28746,27764,26171,22126,22626,18639,17395,14848,11460,8358,5408,3399,2406,1790,1289,892,546,334,207,118,66,0,0,0
2015-07-27T21:00:00Z,2037.603361,0,1712,8584,13502,16007,20040,23935,26380,26900,25925,24133,20769,21216,17699,17143,14988,11812,9037,5819,3705,2492,1727,1312,830,578,330,169,110,43,0,0,0
2015-07-27T22:00:00Z,1707.520187,0,1386,6807,10660,12374,15493,18311,21215,21392,21291,20520,17379,18110,15042,15060,13669,11671,9590,6597,4259,2491,1720,1123,732,445,292,154,104,39,0,0,0
2015-07-27T23:00:00Z,1133.467656,0,703,3566,5578,6358,8103,9819,11983,12545,12943,12900,11299,12356,10428,10582,10170,9289,8411,6602,4631,2985,1785,1091,706,468,284,160,96,60,0,0,0
2015-07-28T00:00:00Z,1867.672716,0,1256,6169,9701,11374,14590,17707,20524,21170,20890,20399,17885,19149,16268,16661,15910,13987,12236,9295,6189,3650,2384,1555,1012,591,390,241,130,73,1,0,0
2015-07-28T01:00:00Z,2055.981203,0,1353,6350,9594,10743,13691,16606,19988,20884,21408,21635,19106,20757,17550,18280,17804,16544,15862,13006,9941,6079,3533,2082,1228,757,514,309,181,98,0,0,0
2015-07-28T02:00:00Z,2110.882157,0,1477,6787,10187,11123,13004,16150,19775,21155,21914,22599,20428,22171,19279,19621,19116,18352,18406,16622,13584,9454,5676,3008,1774,1031,584,336,192,106,2,0,0
2015-07-28T03:00:00Z,434.007054,0,290,1356,2014,2052,2332,2843,3576,3948,4321,4332,4067,4538,3940,4041,3866,3854,3832,3827,3394,2565,1656,864,443,231,149,88,38,31,0,0,0
2015-07-28T04:00:00Z,2164.137,0,1553,6749,9468,9792,11477,13923,17314,19398,21139,22356,20754,22853,20333,21109,20359,19911,20518,19810,18856,14832,10278,5647,2810,1527,854,500,253,130,3,0,0
2015-07-28T05:00:00Z,2218.426358,0,1453,6398,9369,10348,12703,15981,19599,21631,23025,23856,21651,23678,20945,21581,21096,20750,20821,18981,15805,11155,6901,3805,2095,1154,709,432,185,111,2,0,0
2015-07-28T06:00:00Z,2228.905792,0,1562,6873,10114,10583,12557,15444,19255,21261,22965,24051,22196,24392,21576,22757,22411,21938,22280,20444,17221,12354,7744,4453,2348,1351,859,460,261,141,0,0,0
2015-07-28T07:00:00Z,1912.123753,0,1325,5973,8985,9766,12101,14956,18208,19788,20754,21486,19803,21921,19699,20322,20208,18724,17361,14284,10766,7084,4384,2602,1527,912,574,339,181,111,2,0,0
2015-07-28T08:00:00Z,2112.877094,0,1650,7196,10354,11958,14538,18494,22389,24691,25862,26338,24293,26919,23948,24822,23429,20324,16902,12668,9195,6057,3969,2510,1566,1031,613,350,192,113,1,0,0
2015-07-28T09:00:00Z,2330.348621,0,1735,7545,11566,13544,17563,23014,28805,30448,30741,30689,28014,30577,26142,25171,20915,16218,12394,9050,6501,4463,3105,2070,1439,904,545,349,204,107,1,0,0
2015-07-28T10:00:00Z,2354.227514,0,1881,8391,13200,16401,21938,28587,34769,34976,34310,33348,29176,30516,24492,21359,16837,12054,9196,6685,4891,3519,2617,1865,1278,858,543,323,214,116,1,0,0
2015-07-28T11:00:00Z,2057.888617,0,1770,8321,13581,17414,23514,29230,33432,32679,30663,28756,24015,23643,17655,14741,11104,7704,5817,4073,3141,2481,1929,1385,999,661,408,237,151,78,2,0,0
2015-07-28T12:00:00Z,2392.893382,0,2619,11363,19502,24334,31050,36807,39807,37610,34997,32043,26210,24734,18312,14696,10845,7551,5625,4236,3374,2679,2199,1753,1178,752,534,322,189,114,0,0,0
2015-07-28T13:00:00Z,2464.959692,0,3387,13829,22968,28640,34609,39931,41484,38727,34942,30666,24489,22869,16083,12740,8914,6239,4727,3517,2900,2479,2000,1573,1043,744,432,309,195,107,1,0,0
2015-07-28T14:00:00Z,2242.785549,0,3385,13821,22789,27649,32874,37048,37786,34803,31004,27149,21206,19575,13447,10499,7385,5088,3741,2978,2512,2130,1820,1363,993,670,371,262,151,97,1,0,0
2015-07-28T15:00:00Z,2027.542686,0,2866,11979,20317,24637,30157,34620,37263,33972,30849,27277,21357,19675,14193,10953,7815,5231,3883,2870,2388,2079,1738,1344,974,662,423,260,166,82,0,0,0
2015-07-28T16:00:00Z,2165.517071,0,4080,15202,24773,29076,34226,37358,37792,34451,30289,25939,19860,17419,11496,8463,5697,4066,3210,2422,2273,1858,1588,1290,890,594,386,247,149,70,0,0,0
2015-07-28T17:00:00Z,2272.615179,0,3372,13918,23115,27587,33127,36921,38904,36184,32162,28359,22615,20833,14573,11160,7753,5157,3860,2903,2365,2072,1743,1334,938,666,409,224,155,83,1,0,0
2015-07-28T18:00:00Z,2231.363301,0,2503,11050,18173,22064,27761,32225,36060,34531,31841,28948,23712,23503,18112,15717,11918,8435,5917,4012,2921,2204,1817,1328,968,624,408,278,172,80,0,0,0
2015-07-28T19:00:00Z,2041.537561,0,1806,8545,14315,17159,21654,26001,29068,29506,28017,25642,21731,22007,18264,17085,14103,10432,7804,5169,3458,2478,1829,1376,913,646,440,277,184,105,0,0,0
2015-07-28T20:00:00Z,2086.771558,0,1485,7329,11271,13558,16780,21168,25652,27650,27881,27326,24033,24789,21107,20265,19223,16693,14484,10907,7190,4368,2833,1820,1132,831,571,329,220,116,0,0,0
2015-07-28T21:00:00Z,2026.023939,0,1483,6848,10693,12602,15952,19771,24190,25428,26255,25783,22541,23230,19703,19767,18578,16741,15086,11455,7957,4859,2996,1939,1255,825,547,297,194,84,1,0,0
2015-07-28T22:00:00Z,1530.4458829999999,0,1091,4930,7272,8148,10097,12572,15782,17526,18739,18999,17197,18132,15604,15775,14938,14311,13803,12100,9493,6404,3889,2237,1244,708,483,282,161,96,2,0,0
2015-07-28T23:00:00Z,1878.253388,0,1163,5396,8150,9261,12124,15023,18420,20516,21232,21609,19238,20643,17747,18092,17138,16375,15852,14082,11073,7379,4361,2419,1305,777,470,309,158,86,1,0,0
2015-07-29T00:00:00Z,1876.839717,0,1249,5524,8247,9409,11957,14977,18404,19698,20706,20837,18842,19663,17014,17227,16795,15950,16076,13849,11272,7574,4456,2475,1386,790,466,268,165,85,0,0,0
2015-07-29T01:00:00Z,1926.066097,0,1186,5601,8113,8904,11049,13993,17513,19074,20177,20724,18842,20193,17335,17730,17087,16540,16541,15426,13482,9627,6329,3356,1757,930,513,346,159,105,1,0,0
2015-07-29T02:00:00Z,1949.667648,0,1222,5559,8027,8120,9699,12398,15515,17764,19376,19978,18860,20498,17943,18592,17914,17292,17744,17341,16262,13298,9054,5169,2539,1363,721,362,210,110,3,0,0
2015-07-29T03:00:00Z,1946.721296,0,1181,5153,7173,7269,8745,11171,13613,15897,17688,18882,18029,20630,18249,19197,18805,18112,18449,18374,17215,14469,10612,6463,3244,1712,888,447,245,122,1,0,0
2015-07-29T04:00:00Z,1951.088579,0,1093,4992,6763,6959,8166,10322,12757,14801,16474,18191,17611,20550,18434,19832,19712,19215,19766,19523,18900,16321,12458,7704,4350,2107,1116,643,322,192,1,0,0
2015-07-29T05:00:00Z,1949.231601,0,1214,5305,6991,6855,7633,9228,11312,13342,15278,16956,17229,19935,18770,20640,20634,20444,21638,21401,20967,18268,14052,8972,5027,2813,1390,743,419,219,5,0,0
2015-07-29T06:00:00Z,1327.141619,0,835,3793,5160,4887,5263,6301,7926,9289,10640,11891,11751,13955,13256,14423,14906,15146,16156,15928,15206,12547,9182,5803,3245,1859,1028,560,295,146,2,0,0
2015-07-29T07:00:00Z,1605.125401,0,903,4061,5649,5855,7120,9162,11837,13653,15674,17016,16922,20346,18897,20564,21030,19840,18628,15312,11792,8023,5029,3061,1711,1117,588,352,221,143,3,0,0
2015-07-29T08:00:00Z,1962.533573,0,1074,5265,7443,7366,9083,11627,15545,18854,22045,24236,24079,27435,25513,27255,26200,22847,19755,14958,10685,7114,4618,2962,1719,1122,651,376,210,137,2,0,0
2015-07-29T09:00:00Z,2047.475271,0,1263,5865,8347,8978,11581,15933,21750,26457,29164,30667,28295,31166,26896,26223,22361,17246,12884,9046,6344,4409,3039,1997,1312,794,521,306,176,113,1,0,0
2015-07-29T10:00:00Z,2098.025406,0,1315,6107,9028,10586,14825,20323,27501,31696,33777,34047,30951,32685,26568,24112,19120,13792,9926,6702,4710,3434,2384,1675,1181,788,485,286,164,104,1,0,0
2015-07-29T11:00:00Z,2141.215026,0,1559,7233,11699,14119,19432,26100,33262,36135,36982,36358,31278,31087,24083,20471,15158,10523,7405,5083,3797,2763,2101,1606,1064,701,504,245,170,93,1,0,0
2015-07-29T12:00:00Z,2074.227046,0,1910,8711,14436,17866,23676,29845,35058,36374,35501,33301,27154,25863,18898,15311,10953,7430,5419,3893,2918,2343,1903,1329,959,649,444,272,138,81,0,0,0
2015-07-29T13:00:00Z,1766.00656,0,2105,8863,14691,18445,23454,28748,32715,32796,31220,28864,23035,21735,15310,11903,8379,5591,4100,3209,2421,1940,1592,1276,849,590,393,235,128,78,1,0,0
2015-07-29T14:00:00Z,2183.268387,0,2845,11563,19042,23191,29311,35054,39688,38926,36442,33213,26101,23998,16834,13677,9382,6434,4711,3464,2810,2276,1913,1408,998,647,393,282,158,81,0,0,0
2015-07-29T15:00:00Z,2197.078867,0,3114,12401,20197,24206,30169,35914,40026,39394,36852,32802,26123,23845,16998,13708,9696,6421,4647,3436,2617,2330,1849,1467,946,695,418,280,147,105,0,0,0
2015-07-29T16:00:00Z,2205.149038,0,3056,12259,19787,24003,29134,35343,38862,39109,36699,33450,26815,24956,18452,14852,10790,7318,5134,3639,2818,2323,1821,1410,945,669,485,267,143,97,1,0,0
2015-07-29T17:00:00Z,2197.062134,0,2261,10350,16620,19684,24577,29978,34445,35509,34931,33074,27716,27134,21093,18652,14887,10769,7791,5066,3629,2601,2067,1464,1013,693,436,275,157,93,1,0,0
2015-07-29T18:00:00Z,2143.114218,0,1878,8618,13766,15938,19835,24662,29374,31022,31486,31258,26920,27847,22607,21311,18272,14330,10971,7718,4974,3304,2233,1592,1088,716,466,269,146,102,2,0,0
2015-07-29T19:00:00Z,2123.204025,0,1729,7853,12591,14277,18068,22352,26620,28083,29168,28802,25582,26761,22724,21597,19332,16117,13275,9595,6314,3889,2388,1570,1042,682,445,268,134,76,0,0,0
2015-07-29T20:00:00Z,721.681466,0,598,2498,4024,4641,5997,7382,8645,9346,9601,9397,8641,9085,7615,7583,6748,5732,5025,3649,2447,1555,927,576,375,238,145,85,43,22,1,0,0
2015-07-29T21:00:00Z,100.639393,0,67,324,421,553,685,782,996,1056,1194,1166,1049,1171,1097,1075,992,882,814,721,613,411,257,133,84,39,29,22,9,4,0,0,0
2015-07-29T22:00:00Z,2141.548066,0,1396,6386,9439,10168,12640,15454,19076,20818,21966,23256,21574,23748,21225,22076,21153,19844,19152,16563,14037,10270,6572,3765,1911,1067,599,312,201,108,1,0,0
2015-07-29T23:00:00Z,2043.518923,0,1220,5855,8311,8606,10603,12785,15917,17576,19158,20110,19154,21559,19482,20682,20090,19463,19441,17889,16010,12864,9009,5443,2739,1460,757,418,231,113,0,0,0
2015-07-30T00:00:00Z,2142.010743,0,1160,5574,8045,8481,10722,13309,16149,18058,19406,20707,19459,22179,19959,21364,20804,19744,20035,19184,17577,13805,10101,5882,3016,1487,771,454,237,128,1,0,0
2015-07-30T01:00:00Z,2056.822588,0,1163,5407,7579,7906,8834,10875,13388,15189,16727,17858,17311,20142,18553,20059,20172,19798,20559,19924,18681,16147,12956,9069,5315,2801,1478,779,399,217,3,0,0
2015-07-30T02:00:00Z,1981.5640680000001,0,1137,5301,6880,6627,7280,8335,10228,11706,12999,14568,14621,17527,16418,18620,19419,20004,21316,21336,21408,19801,17246,13291,9046,5568,3120,1616,875,444,7,0,0
2015-07-30T03:00:00Z,1984.688334,0,1153,5326,7112,6766,7434,8597,10313,11698,13094,14350,14167,17004,16139,18105,19133,19419,21414,21834,21637,20281,17560,13393,8799,5367,3058,1714,864,424,8,0,0
2015-07-30T04:00:00Z,1980.96397,0,1079,5167,7045,6745,7684,9382,11167,12555,13836,15274,15079,17789,16800,18962,19699,20474,22073,21704,21484,18938,15534,10771,6591,3896,2142,1137,603,265,8,0,0
2015-07-30T05:00:00Z,2010.5464240000001,0,1201,5541,7494,7454,8142,9523,11579,13005,14354,15890,15721,18613,17467,19934,20973,21766,23383,23572,22235,19194,15246,10473,6244,3605,2057,1085,621,296,4,0,0
2015-07-30T06:00:00Z,1686.410323,0,1172,5122,6697,6575,6998,7919,9602,10920,12162,13691,13297,15921,15195,17458,18606,19590,20935,21073,19855,16108,12021,8008,4947,2899,1577,920,499,280,2,0,0
2015-07-30T07:00:00Z,2054.745951,0,1234,5745,7594,7596,8864,10779,13486,15971,18370,20548,20767,24979,23684,25881,26667,25263,24482,20766,16896,12192,8223,5037,2969,1860,1058,616,327,166,6,0,0
2015-07-30T08:00:00Z,2153.118387,0,1288,5484,7924,8540,10736,14577,19565,23803,26971,29634,28009,31543,28656,28982,26270,21350,17952,13512,9679,6585,4410,2861,1817,1096,651,346,219,153,4,0,0
2015-07-30T09:00:00Z,2223.239212,0,1287,6043,9063,11072,15345,21366,28329,32140,34232,35422,31855,34504,27981,25519,20191,15311,11551,8239,6023,4299,2908,2003,1311,892,504,329,201,111,3,0,0
2015-07-30T10:00:00Z,2272.1812410000002,0,1547,7083,11388,14372,20294,26985,33861,37234,38147,38214,33605,33724,26393,22415,16930,11944,8821,6304,4597,3285,2420,1643,1121,743,456,277,183,102,3,0,0
2015-07-30T11:00:00Z,2198.73611,0,1865,8275,13711,17426,23582,29915,36147,37707,37541,36967,31391,31275,23665,19705,14437,9971,7247,5019,3753,2810,2139,1569,1087,709,473,277,196,114,0,0,0
2015-07-30T12:00:00Z,2379.391687,0,2696,11445,19340,24098,30665,36670,41586,41574,40336,38084,30962,29197,21057,17061,12066,8133,6011,4240,3178,2455,2002,1576,1014,702,421,290,165,100,0,0,0
2015-07-30T13:00:00Z,2445.09915,0,4070,15978,25528,30513,36108,41044,43507,41916,38788,34139,26197,22906,15393,11504,7957,5497,4119,3118,2700,2107,1814,1336,903,635,430,256,152,100,2,0,0
2015-07-30T14:00:00Z,2453.879102,0,5096,18724,29222,33574,38731,43110,44818,41680,36102,30782,22230,18786,12064,8701,6150,4249,3452,2804,2385,2023,1662,1308,908,582,419,234,165,88,2,0,0
2015-07-30T15:00:00Z,2469.3151239999997,0,5715,19629,30669,34851,39330,43432,44704,41258,36079,29821,21594,18133,11379,8325,5765,4042,3220,2670,2319,2007,1682,1310,921,671,378,266,162,99,1,0,0
2015-07-30T16:00:00Z,2459.446248,0,5969,19953,31114,34659,39552,42875,44243,40142,35756,29531,21613,18424,11523,8642,5922,4171,3381,2611,2306,1980,1590,1271,919,663,400,234,160,98,0,0,0
2015-07-30T17:00:00Z,608.004141,0,1449,4781,7451,8594,9434,10470,10870,10071,8851,7521,5667,4906,3123,2336,1628,1132,838,680,595,505,397,340,224,141,100,86,33,19,0,0,0
2015-07-30T20:00:00Z,201.424033,0,114,618,930,1161,1504,1981,2399,2463,2519,2583,2200,2277,2053,2053,1835,1661,1398,1022,642,399,225,158,103,74,46,30,11,8,0,0,0
2015-07-30T21:00:00Z,2104.7264490000002,0,1255,6194,10003,11782,15281,19448,23585,24865,25149,24866,22344,24034,20921,20761,19235,17415,15692,12012,8005,4675,2837,1721,1057,642,391,253,137,77,0,0,0
2015-07-30T22:00:00Z,2112.94662,0,1196,5801,9318,11165,14773,18650,22217,23351,23927,23793,21338,23466,20295,20539,19273,17013,15650,12531,8810,5361,3007,1705,1012,602,349,193,96,66,1,0,0
2015-07-30T23:00:00Z,1906.377175,0,1064,5042,7291,8185,10271,13213,16706,18626,19800,20336,19208,21182,18814,19615,18818,18124,17847,16298,13950,10508,6849,3698,1838,973,587,275,161,96,1,0,0
2015-07-31T00:00:00Z,1959.329692,0,1032,4718,7060,8032,9953,12970,16069,18156,19599,20644,19174,21106,19179,19748,19963,18819,18690,17317,15222,11557,7616,4294,2174,1131,583,328,211,84,2,0,0
2015-07-31T01:00:00Z,1902.376619,0,954,4380,6569,7510,9644,12321,15657,17323,18883,19747,18219,20480,18275,19182,18827,18128,18110,16606,14777,11241,7419,4179,2036,984,559,287,171,104,0,0,0
2015-07-31T02:00:00Z,843.696397,0,441,1949,2755,2978,3695,4795,6051,7000,7698,8314,7888,8914,8134,8751,8579,8499,8406,7990,7526,6217,4512,2706,1457,737,348,174,97,67,2,0,0
2015-07-31T03:00:00Z,1263.276872,0,699,3216,4404,4325,4950,6362,7751,9040,10211,11581,11386,13334,12319,13297,13545,13592,14076,13813,13496,12024,9730,6543,3787,2042,1010,508,253,151,0,0,0
2015-07-31T04:00:00Z,1741.468325,0,1006,4566,6184,5965,6708,7992,9905,11402,13242,15030,14834,17744,16592,18310,18697,18565,19714,19736,19649,17589,14229,9963,5919,3197,1693,816,441,202,3,0,0
2015-07-31T05:00:00Z,1798.086559,0,978,4220,5994,6078,7157,8471,10777,12543,14474,16207,16387,19051,18012,19912,20354,20494,21649,20972,19514,15981,12016,7816,4464,2505,1322,698,397,174,3,0,0
2015-07-31T06:00:00Z,1734.044688,0,917,4552,6052,6001,6917,8302,10418,12182,14083,16090,16002,19046,18479,20348,21223,21252,22376,20885,18892,14532,10213,6585,3822,2237,1238,691,358,222,2,0,0
2015-07-31T07:00:00Z,1862.361841,0,1008,4609,6576,6901,8317,10408,13757,16411,19274,21713,21642,24922,23208,24697,24436,22933,21235,17779,13866,9896,6808,4250,2502,1475,855,517,267,152,0,0,0
2015-07-31T08:00:00Z,1937.917356,0,1023,4691,6936,7602,9818,13402,18086,22311,25836,28318,26917,30196,26681,26671,24038,20018,16568,12361,9057,6325,4364,2695,1687,993,631,325,205,122,0,0,0
2015-07-31T09:00:00Z,1999.554466,0,1127,5261,7930,9322,12789,17966,24630,29114,32217,34122,31306,32809,27394,25096,20093,15099,12011,8753,6231,4424,2958,2029,1269,780,459,294,172,95,3,0,0
2015-07-31T10:00:00Z,610.398244,0,382,1689,2580,3166,4218,6100,8306,9433,10370,10608,9733,10198,8294,7526,5807,4196,3248,2277,1666,1129,833,552,328,219,153,87,51,23,1,0,0
2015-07-31T11:00:00Z,2104.893938,0,1509,7343,12375,15767,21663,28179,34427,37030,37685,37519,32290,32493,24254,20186,14593,10135,7470,5237,3940,2858,2102,1539,1051,597,405,264,171,94,2,0,0
2015-07-31T12:00:00Z,2170.57852,0,2052,9616,16321,20414,26747,32360,37429,38837,38316,37495,30976,29077,21020,16714,11763,7995,5887,4157,3073,2428,2003,1379,916,628,413,241,145,82,1,0,0
2015-07-31T13:00:00Z,2194.107888,0,2980,12577,20885,25294,30883,35975,39847,40302,38018,34510,27557,24745,16808,12509,8735,5865,4364,3240,2567,2185,1816,1289,807,626,387,259,131,77,2,0,0
2015-07-31T14:00:00Z,2220.931389,0,3529,14172,23160,27521,32759,37521,40923,40186,38054,33975,26332,23589,15639,11677,7929,5552,4034,3133,2552,2067,1628,1331,844,542,386,219,143,84,2,0,0
2015-07-31T15:00:00Z,2211.269169,0,4211,15667,25020,28710,33845,38109,40963,39722,37488,32906,25217,21588,14227,10581,7189,4875,3672,2757,2438,2076,1652,1201,813,543,386,236,149,97,0,0,0
2015-07-31T16:00:00Z,2165.18218,0,4261,15722,24798,28677,32941,36662,39186,38242,35601,31703,24165,20919,13742,9917,6743,4532,3413,2734,2325,1936,1690,1284,866,601,363,222,149,66,1,0,0
2015-07-31T17:00:00Z,2186.971757,0,3681,14359,22673,26207,30982,34522,37740,36640,34655,32060,25777,23188,16177,12363,8422,5439,3890,2981,2389,1973,1628,1179,861,553,379,214,118,75,1,0,0
2015-07-31T18:00:00Z,1913.865278,0,2495,10622,17100,20240,24262,27741,30353,30229,29420,27971,23733,22945,17464,14884,10812,7094,4919,3341,2565,1892,1485,1188,750,543,319,188,121,77,1,0,0
2015-07-31T19:00:00Z,2095.225853,0,2099,9747,16016,18925,23226,27472,30377,30616,30447,29540,26112,26603,21713,19824,16210,12184,8552,5416,3623,2428,1830,1316,911,580,390,216,118,77,1,0,0
2015-07-31T20:00:00Z,2051.080255,0,1844,8221,13635,16001,19956,24154,27245,28292,28010,27818,24868,26573,22553,21772,19307,15825,12851,8660,5331,3269,2084,1471,938,572,362,232,149,64,0,0,0
2015-07-31T21:00:00Z,2000.317449,0,1553,7351,11748,14087,17718,21351,24980,26126,26110,25865,22959,24902,21484,21560,20153,17967,15494,11383,7326,4168,2523,1517,984,601,396,227,131,68,4,0,0
2015-07-31T22:00:00Z,1943.5208,0,1345,6591,10413,12368,15520,19143,22722,23720,24117,23724,21576,23509,20833,21276,20054,18071,16594,13441,9750,5849,3312,1896,1120,655,391,237,130,78,0,0,0
2015-07-31T23:00:00Z,1798.063893,0,1243,5704,8625,9580,11666,14821,18315,19735,21127,21600,19636,21470,19486,20130,19783,18854,18556,17097,14510,10596,6452,3300,1641,927,506,314,164,94,1,0,0
2015-08-01T00:00:00Z,1586.5890530000001,0,1075,4852,7244,8058,10211,12962,16048,17007,18467,18722,16955,18513,16438,17297,16974,16478,16584,15057,12671,9314,5636,2913,1462,741,412,231,138,80,0,0,0
2015-08-01T01:00:00Z,1730.724606,0,1217,5383,7380,7834,8745,10879,13501,15501,16827,18079,17083,19004,17055,18218,18545,17726,18629,17408,16495,14418,10730,6655,3453,1786,875,522,299,178,2,0,0
2015-08-01T02:00:00Z,1866.672172,0,1146,5264,7259,7303,8435,10199,12813,14988,16653,18030,16940,19671,17772,19173,19320,19367,20056,19584,19086,16691,13639,9051,4935,2560,1219,593,331,178,1,0,0
2015-08-01T03:00:00Z,2000.789873,0,1081,5057,7118,7251,8777,10981,13635,15831,17699,19074,18179,20306,18655,20297,20594,20586,21266,20566,19612,17058,13150,8251,4346,2043,1047,509,261,140,2,0,0
2015-08-01T04:00:00Z,2007.631857,0,1016,4914,6957,7252,8330,10598,13298,15569,17384,18679,18327,20653,19190,20728,20978,21234,22007,21691,20612,17368,13125,8472,4411,2326,1164,564,306,155,2,0,0
2015-08-01T05:00:00Z,1860.014226,0,1113,5029,6725,6704,7655,8980,11203,13221,15007,16570,16288,19482,18320,20146,20666,20971,22730,22471,21138,17638,13528,8756,5010,2955,1663,805,485,240,0,0,0
2015-08-01T06:00:00Z,1948.323184,0,1251,5418,7389,7388,8085,9666,12109,13967,16318,18552,18635,22212,21230,23413,23893,24211,25379,23889,21555,16712,12010,7880,4567,2808,1644,870,438,234,2,0,0
2015-08-01T07:00:00Z,2029.110588,0,1185,5365,7443,7676,9248,11823,15382,19216,23052,26155,25167,28899,26274,27756,26532,24446,22259,18498,14394,9949,6631,4206,2519,1485,859,457,281,150,1,0,0
2015-08-01T08:00:00Z,2096.592069,0,1266,5773,8135,8702,10376,14109,19281,24096,28965,32347,30727,34323,29430,29395,26634,22501,19144,14908,10937,7796,5087,3412,1902,1155,752,404,240,137,1,0,0
2015-08-01T09:00:00Z,1864.540831,0,1139,5380,8609,10542,15037,20478,26748,30593,32125,32737,28359,28629,22452,19588,15642,11605,8996,6620,4890,3466,2346,1548,971,662,369,220,167,78,1,0,0
2015-08-01T10:00:00Z,2144.663602,0,1614,7752,13308,17418,23357,30836,37090,39804,40044,38385,31149,29393,21034,16926,12068,8864,6689,4903,3561,2716,2031,1391,898,561,395,256,137,81,0,0,0
2015-08-01T11:00:00Z,2284.706837,0,2497,11058,18914,24108,31062,37544,42843,43664,42117,38412,30004,26403,17705,13325,9603,6676,5018,3891,3008,2352,1880,1312,886,613,444,260,165,97,1,0,0
2015-08-01T12:00:00Z,2304.463178,0,2961,13058,21610,26267,33047,39298,43833,44174,42212,38499,30086,26603,17799,13539,9173,6465,4821,3716,2879,2252,1909,1410,932,647,429,267,162,85,1,0,0
2015-08-01T13:00:00Z,2338.826712,0,3979,15539,25021,29251,35270,40456,44844,43628,40937,36631,28100,24227,15591,11534,7759,5359,4032,3240,2660,2261,1816,1338,903,634,452,265,137,76,0,0,0
2015-08-01T14:00:00Z,2354.506689,0,5005,18307,28129,32153,37695,41763,45226,43527,39125,33516,24770,20058,12655,9080,6141,4300,3593,2896,2481,1979,1678,1275,830,644,386,242,163,101,2,0,0
2015-08-01T15:00:00Z,2385.440603,0,5709,19985,30450,33856,39220,42875,45849,43189,38939,32462,23278,18943,11776,8411,5787,4190,3466,2835,2497,2043,1667,1313,888,576,411,216,137,115,0,0,0
2015-08-01T16:00:00Z,1924.969502,0,4571,15743,24067,26905,31111,34507,36951,35364,32691,27963,20460,16901,10367,7727,5081,3612,2918,2372,2001,1702,1401,1095,755,515,321,236,110,69,0,0,0
2015-08-01T17:00:00Z,1605.948166,0,3316,12153,18887,21850,26291,29622,32265,31994,30319,27794,21954,19337,13083,9803,6519,4178,3022,2345,1994,1616,1387,1107,766,545,337,208,127,79,0,0,0
2015-08-01T19:00:00Z,171.445197,0,167,733,1159,1445,1783,2182,2599,2723,2748,2681,2387,2525,2116,2010,1797,1425,1187,770,525,313,204,131,81,54,36,24,12,8,0,0,0
2015-08-01T20:00:00Z,194.5494,0,196,820,1314,1647,1968,2403,2845,2908,3026,2933,2628,2896,2340,2344,2017,1746,1348,943,603,328,223,181,112,71,35,22,16,9,0,0,0
2015-08-02T13:00:00Z,1284.446962,0,2295,8482,13737,16212,19647,22880,25304,25111,24475,22957,18668,17464,12376,9522,6563,4306,3074,2297,1855,1491,1201,964,659,453,278,162,118,68,1,0,0
2015-08-02T14:00:00Z,2035.954504,0,3660,14121,22186,26300,31573,36093,40048,39939,38267,35779,29431,27388,19531,15279,10420,6623,4832,3489,2842,2319,1897,1525,1023,633,447,258,165,110,1,0,0
2015-08-02T15:00:00Z,2206.739966,0,4512,16001,25112,29182,35057,39906,43334,42564,40815,37752,30776,28631,19494,14984,10098,6475,4758,3452,2903,2431,1997,1461,1074,722,480,290,152,113,0,0,0
2015-08-02T16:00:00Z,2214.913765,0,4506,16434,25878,29801,35133,39213,42706,41259,39282,36364,29032,26542,17957,13579,8823,5871,4308,3242,2635,2200,1833,1438,994,662,423,267,191,90,1,0,0
2015-08-02T17:00:00Z,2220.228846,0,4284,15240,24154,28081,32964,37839,41187,39803,38607,35582,29432,27699,19655,15561,10580,7091,4840,3576,2748,2149,1864,1355,915,665,426,259,147,91,1,0,0
2015-08-02T18:00:00Z,432.77883499999996,0,623,2408,3767,4426,5509,6432,7311,7242,7199,6996,5897,6206,4904,4365,3345,2291,1613,1044,724,540,399,280,175,132,83,39,24,16,0,0,0
2015-08-02T22:00:00Z,1512.394492,0,1135,4946,6881,7469,8859,11476,14408,15964,17547,18326,17192,19108,17268,18714,18261,18084,18743,17759,15919,12623,8733,4968,2457,1257,686,361,216,120,2,0,0
2015-08-02T23:00:00Z,1755.189302,0,1279,5251,7546,7953,9496,12050,14912,16987,18319,19461,18227,20777,19272,20668,20959,20694,21674,21152,19668,16606,12490,8073,4365,2130,1083,525,292,146,1,0,0
2015-08-03T00:00:00Z,1774.303388,0,1186,5182,6917,6851,7845,9344,11258,13056,14653,15867,15688,18733,17829,19647,20403,21024,22707,23029,23035,21460,18702,14216,9683,6038,3365,1748,869,375,8,0,0
2015-08-03T01:00:00Z,1731.039415,0,1341,5712,7569,6860,6962,7786,9021,10215,11355,12697,12971,15663,15520,17636,18873,19454,21777,22539,23535,23199,21639,18461,13990,9831,6234,3433,1684,772,10,0,0
2015-08-03T02:00:00Z,1689.112106,0,1262,5740,7206,6628,6638,7202,8245,8944,9822,10861,11081,13594,13456,15659,17329,18317,20824,21777,23672,23727,23027,20085,15936,11586,7762,4475,2506,1235,35,0,0
2015-08-03T03:00:00Z,1677.280958,0,1193,5472,7077,6384,6835,7677,8712,9606,10577,11700,11722,14431,14333,16525,17741,18683,20989,22060,23697,23665,22105,18633,13751,9383,5785,3117,1503,815,13,0,0
2015-08-03T04:00:00Z,1600.050833,0,1070,4850,6116,5785,6210,7173,8441,9092,10117,11117,11311,14248,13999,16313,17888,19079,21346,22692,24395,23744,21302,16787,11590,7350,4354,2454,1257,610,7,0,0
2015-08-03T05:00:00Z,1723.173517,0,1206,5336,6984,6587,7009,8051,9564,10679,12084,13671,14198,17473,17071,19784,21548,22955,25492,27115,27562,24703,20358,14121,8663,5217,3088,1637,910,494,7,0,0
2015-08-03T06:00:00Z,1749.899568,0,1321,5807,7415,6886,7342,8329,9882,11315,13232,15308,16238,20566,21021,24109,25677,26383,28994,28428,26309,21489,15692,10001,6069,3796,2268,1257,673,361,9,0,0
2015-08-03T07:00:00Z,1778.6710229999999,0,1345,5849,7564,6980,7506,8363,10987,13199,16323,19914,21511,27180,26884,30590,31401,30329,28892,24802,19942,14209,9392,5958,3703,2234,1306,845,472,247,3,0,0
2015-08-03T08:00:00Z,1841.737884,0,1460,6044,8063,7648,8601,10761,14832,19009,23587,28257,29068,34886,32673,34770,33180,28502,24242,18469,13239,8981,6040,3941,2441,1564,965,578,315,181,1,0,0
2015-08-03T09:00:00Z,1910.768005,0,1552,6332,8853,9548,11925,16523,23187,28169,32958,35693,35062,39190,34682,34112,28810,22432,17304,11798,8068,5459,3720,2510,1612,1101,727,428,246,139,2,0,0
2015-08-03T10:00:00Z,1933.751686,0,1779,7314,10882,13167,17660,24008,31120,35583,38124,39445,35877,38713,32121,29173,23327,16989,11912,8256,5535,3785,2802,2048,1346,897,577,341,214,118,3,0,0
2015-08-03T11:00:00Z,2007.965653,0,2232,9155,15026,18579,24828,31529,37839,40128,41262,40696,35044,35494,27485,23190,17217,11533,8066,5330,3677,2874,2098,1637,1152,748,468,323,173,99,3,0,0
2015-08-03T12:00:00Z,2010.327472,0,2561,10886,16983,20873,27160,32736,38110,38992,39564,38421,33150,33024,25734,21891,16088,10974,7752,5155,3614,2849,2195,1635,1070,761,498,303,189,103,2,0,0
2015-08-03T13:00:00Z,2199.981992,0,3331,13019,20613,24337,31032,37357,42427,43138,42814,41574,35868,36153,27684,23432,17503,11881,8362,5695,4172,3192,2663,1966,1320,924,612,381,248,146,3,0,0
2015-08-03T14:00:00Z,2141.395596,0,3595,13289,21168,24981,30797,36700,41101,41968,41074,39124,33379,32945,24679,20400,15017,10165,6926,4828,3535,2803,2294,1708,1143,780,507,333,203,138,0,0,0
2015-08-03T15:00:00Z,2260.642582,0,3888,14090,22139,25752,31413,37049,41826,42756,42442,41187,35440,35461,26942,22894,17367,11981,8304,5643,4035,3176,2394,1895,1228,872,581,327,209,136,1,0,0
2015-08-03T16:00:00Z,2283.025189,0,3786,13401,21068,24565,30111,34827,39852,40508,40874,39712,34461,35154,27858,24563,19000,13154,9627,6399,4382,3204,2499,1748,1276,849,551,355,213,131,0,0,0
2015-08-03T17:00:00Z,2305.832554,0,3367,12827,19880,23226,28113,33633,38085,39438,39091,38259,33472,34493,27713,25008,20087,14710,10601,6920,4671,3082,2427,1730,1255,808,542,329,197,107,0,0,0
2015-08-03T18:00:00Z,1550.97786,0,1713,6988,10511,12222,15292,18870,22082,23545,23806,24184,21747,23392,20394,20311,18232,15748,12717,9244,5990,3692,2285,1510,916,668,400,241,133,98,1,0,0
2015-08-03T19:00:00Z,1281.024344,0,1090,4729,6815,7114,8696,11074,13956,16004,17076,17931,16475,18195,16377,17095,16584,15885,15645,13794,11697,8218,5233,2866,1534,804,466,294,161,89,1,0,0
2015-08-03T20:00:00Z,2068.66976,0,1707,7367,10173,10866,13306,16798,21202,23955,26232,27335,25923,28169,25482,26850,26866,25844,26369,24378,21354,16116,10461,5772,2893,1495,879,478,267,185,1,0,0
2015-08-03T21:00:00Z,2007.206334,0,1456,6472,8939,9654,11193,13864,17491,20169,22259,24058,22465,25471,23304,25075,25254,24810,25692,25415,24052,20356,14767,9389,5276,2616,1268,677,339,175,5,0,0
2015-08-03T22:00:00Z,1949.303589,0,1598,6529,8794,8806,9733,11503,14116,16478,18349,20030,19729,22634,21235,22843,23549,23436,25165,25249,25176,23160,19676,14126,8916,5037,2742,1336,644,290,5,0,0
2015-08-03T23:00:00Z,747.60069,0,596,2468,3097,3072,3186,3575,4391,5005,5449,6081,6216,7315,7222,8018,8618,8867,9733,9996,10392,10125,9512,8002,5952,4089,2393,1271,626,269,3,0,0
2015-08-04T00:00:00Z,1494.503359,0,1219,5072,6613,6001,6348,6931,7924,8807,9680,10622,10329,12553,12300,14421,15428,16473,18347,19466,21077,21256,21175,18760,15206,11628,7953,4898,2661,1238,30,0,0
2015-08-04T01:00:00Z,1507.002999,0,1334,5826,7315,6841,6789,6913,7423,7603,7778,8183,7500,9215,8981,10569,11715,12827,14928,16595,18691,19873,20971,20359,18589,16279,13474,10226,6957,4028,105,0,0
2015-08-04T02:00:00Z,1000.255546,0,1028,4307,5540,4971,4681,4672,4851,4884,4812,4850,4348,4910,4761,5519,6147,7107,8477,9390,11004,12151,13116,13323,12746,11890,10978,9160,6864,4453,117,0,0
2015-08-04T03:00:00Z,1347.18258,0,1275,5404,6819,6063,6073,6182,6574,6401,6182,5834,5347,5814,5644,6441,7502,8496,10252,12037,14177,15894,17650,18227,18005,17294,15222,12586,9317,5906,158,0,0
2015-08-04T04:00:00Z,1437.181642,0,1437,6208,7555,6649,6742,6577,7038,7034,6823,6624,5940,6673,6235,7428,8454,9468,11704,13588,16461,18651,20983,21792,20872,18649,15286,11392,7579,4352,102,0,0
2015-08-04T05:00:00Z,1437.932387,0,1651,6494,8097,7281,7045,6958,7081,6923,6809,6565,5747,6414,5972,6856,8224,9943,12668,16379,20111,22866,23938,23192,20016,16544,12523,8829,5492,3231,60,0,0
2015-08-04T06:00:00Z,1559.601337,0,1379,5641,7298,6507,6553,6854,7593,7684,8135,9165,9760,13068,14651,18892,22381,25308,28316,29003,28529,25035,20158,14937,10156,6920,4408,2783,1654,883,17,0,0
2015-08-04T07:00:00Z,1622.136263,0,1243,5465,6796,6393,6567,7608,9259,11498,14250,17751,19723,25836,26516,30681,32236,31782,30318,25742,20538,14435,9863,6363,4145,2556,1604,986,588,317,3,0,0
2015-08-04T08:00:00Z,1751.616136,0,1273,5437,7205,7489,8943,12102,17536,22212,27022,31327,31197,36699,33811,35270,32550,26438,21720,15474,10690,7183,4873,3188,2098,1285,783,502,299,181,2,0,0
2015-08-04T09:00:00Z,1844.99274,0,1481,6357,8910,10130,13765,19653,27094,32203,35698,37626,35448,39192,33926,32824,27188,20573,15198,10245,6996,4633,3254,2355,1540,985,617,399,238,151,1,0,0
2015-08-04T10:00:00Z,397.904997,0,413,1608,2523,3155,4096,5455,6966,7664,8236,8420,7337,7758,6382,6104,4767,3629,2619,1615,1154,734,560,402,274,189,139,93,49,34,0,0,0
2015-08-04T11:00:00Z,1722.993677,0,2099,8302,13534,16866,21585,27453,32851,34271,35226,35447,30767,31822,25344,22680,17567,12095,8322,5304,3813,2751,2206,1637,1074,733,480,315,195,107,2,0,0
2015-08-04T12:00:00Z,1755.986659,0,2677,10483,16624,20263,25706,30984,35395,35745,36039,34698,29936,29629,22739,19239,14006,9096,6158,4289,3260,2428,1898,1512,1081,767,469,326,193,115,0,0,0
2015-08-04T13:00:00Z,1765.675885,0,2847,10854,17167,21099,25844,30488,34295,34851,34426,33626,29474,29362,23006,19474,14412,9525,6479,4130,3030,2226,1817,1410,953,679,439,230,183,91,2,0,0
2015-08-04T14:00:00Z,1825.564242,0,3004,10656,17323,20964,25589,29417,32607,32851,33188,32781,28831,30225,24036,20998,15872,10625,7015,4376,3078,2063,1723,1375,939,650,441,293,165,101,2,0,0
2015-08-04T16:00:00Z,535.8010879999999,0,1226,3856,6136,7066,8238,9342,10047,9944,10032,9550,8084,8018,5986,4727,3311,2183,1511,1004,841,634,493,402,282,196,130,84,42,34,1,0,0
2015-08-04T17:00:00Z,2143.476858,0,3489,12330,18891,22680,27941,32413,36875,37038,36891,36253,32065,33699,27507,26034,21504,16321,11950,8147,5378,3711,2561,1818,1260,891,529,335,210,128,0,0,0
2015-08-04T18:00:00Z,1953.053167,0,2254,9083,13790,16530,21547,25989,30492,31517,32158,31664,28301,30770,26603,26914,24731,21036,17942,13194,8397,4945,3153,2055,1327,882,608,342,201,139,2,0,0
2015-08-04T19:00:00Z,1991.911087,0,1851,8033,11911,14193,18734,23533,28180,29614,29874,29057,25717,27072,24171,24763,24115,22882,22321,19721,15748,10854,7115,4226,2286,1446,797,438,230,136,0,0,0
2015-08-04T20:00:00Z,2068.489128,0,1551,6651,8897,9612,11679,14935,19221,22020,24434,25390,22864,24934,21102,21774,21531,20689,21927,22312,22257,20149,16368,11278,6513,3381,1604,752,387,193,3,0,0
2015-08-04T21:00:00Z,488.940128,0,412,1742,2203,2145,2272,2656,3284,4048,4787,5225,5117,5845,5323,5388,5357,5165,5243,5330,5275,5154,4623,3695,2485,1472,814,403,177,73,0,0,0
2015-08-04T22:00:00Z,1085.917019,0,892,3785,5507,6181,7703,9693,11913,13053,14103,14553,13664,15316,13828,14400,14149,14067,14041,12854,11401,9169,6663,4083,2251,1173,572,308,196,86,3,0,0
2015-08-04T23:00:00Z,511.963843,0,489,1964,2834,2894,3456,4209,5368,6120,6706,7195,6682,7432,6718,7128,7045,6936,6906,6617,6197,5088,3662,2170,1105,522,273,148,83,54,1,0,0
2015-08-05T00:00:00Z,1092.8057450000001,0,863,3489,4418,4528,5156,6098,7646,8651,9865,10980,10540,12150,11174,12411,12633,12713,13414,13294,13219,12153,11004,8426,5810,3599,1926,874,378,149,1,0,0
2015-08-05T01:00:00Z,1905.179245,0,1170,5099,6291,6225,6795,8168,10318,12001,14109,15850,15995,18581,17393,19121,19516,19886,21409,22100,22653,21148,18547,13889,8684,4629,2158,933,378,183,1,0,0
2015-08-05T02:00:00Z,1279.274428,0,748,3081,4024,3929,4282,5135,6292,7267,8148,9451,9481,11449,11171,12425,13162,13460,14376,14570,14739,13668,12141,9468,6503,4199,2416,1235,625,257,1,0,0
2015-08-05T03:00:00Z,1852.969466,0,1315,5172,6445,5686,5521,5806,6602,7257,7648,8420,8561,10657,10941,13032,14463,15833,17789,19521,21509,22752,22853,21486,18238,14057,9830,6257,3453,1719,34,0,0
2015-08-05T04:00:00Z,1778.925678,0,958,4015,4966,4667,4877,5391,6353,7283,8287,9435,9974,12326,12686,14898,16417,17326,19169,20390,21419,20847,19473,16045,12029,8301,5227,2929,1587,708,12,0,0
2015-08-05T05:00:00Z,1941.303697,0,1034,4323,5480,5312,5891,6950,8845,10446,12064,14354,14761,18198,18046,20452,21465,22211,24036,24532,24283,21363,17057,11448,7050,3797,2022,1093,523,253,2,0,0
2015-08-05T06:00:00Z,1295.83864,0,805,3349,4713,5067,6412,7705,9977,11342,12726,13609,12842,15062,13785,14868,15461,15330,15958,15226,13367,10300,7368,4475,2457,1376,737,397,197,91,2,0,0
